# Blender 5.2.0 LTS
# www.blender.org
mtllib boneclaw Akey-471.mtl
o 125185797615634.001
v -1.519063 0.051970 0.000002
v -1.519063 0.070256 -0.013473
v -1.519063 0.061273 -0.022457
v -1.519063 0.083731 -0.019054
v -1.519063 0.064674 0.000002
v -1.519063 0.083731 -0.031759
v -1.519063 0.070256 0.013478
v -1.519063 0.097206 -0.013473
v -1.519063 0.061273 0.022461
v -1.519063 0.106190 -0.022457
v -1.519063 0.083731 0.031763
v -1.519063 0.115493 0.000002
v -1.519063 0.083731 0.019058
v -1.519063 0.102788 0.000002
v -1.519063 0.097206 0.013478
v -1.519063 0.106190 0.022461
v -1.519063 0.083731 0.031763
v -1.506280 0.083731 0.039704
v -1.519063 0.106190 0.022461
v -1.519063 0.061273 0.022461
v -1.506280 0.111805 0.028075
v -1.506280 0.055658 0.028075
v -1.506280 0.123433 0.000002
v -1.506280 0.044029 0.000002
v -1.519063 0.115493 0.000002
v -1.519063 0.051970 0.000002
v -1.519063 0.106190 -0.022457
v -1.519063 0.061273 -0.022457
v -1.506280 0.111805 -0.028071
v -1.506280 0.055658 -0.028071
v -1.506280 0.083731 -0.039699
v -1.519063 0.083731 -0.031759
v -1.466636 -0.113003 -0.019154
v -1.466637 0.055803 0.019154
v -1.466637 0.055803 -0.019154
v -1.466636 -0.113003 0.019154
v -1.329982 0.102788 0.000002
v -1.519063 0.097206 0.013478
v -1.519063 0.102788 0.000002
v -1.329982 0.097206 0.013478
v -1.519063 0.083731 0.019058
v -1.329982 0.097206 -0.013473
v -1.519063 0.097206 -0.013473
v -1.329982 0.083731 0.019059
v -1.519063 0.070256 0.013478
v -1.329982 0.070256 0.013478
v -1.519063 0.064674 0.000002
v -1.329982 0.064674 0.000002
v -1.519063 0.070256 -0.013473
v -1.329982 0.083731 -0.019054
v -1.519063 0.083731 -0.019054
v -1.329982 0.070256 -0.013473
v 1.363713 0.212281 0.068806
v 1.363713 0.144252 -0.068806
v 1.363713 0.212281 -0.068806
v 1.363713 0.144252 0.068806
v 1.264912 0.076222 -0.068806
v 1.264912 0.076222 0.068806
v -1.126064 0.169525 -0.017965
v -1.126064 0.162083 0.000002
v -1.126064 0.172246 0.000002
v -1.126064 0.169525 0.017969
v -1.126064 0.176712 -0.010778
v -1.126064 0.187492 -0.025407
v -1.126064 0.176712 0.010782
v -1.126064 0.187492 0.025411
v -1.126064 0.187492 -0.015243
v -1.126064 0.187492 0.015247
v -1.126064 0.198272 0.010782
v -1.126064 0.205459 0.017969
v -1.126064 0.202737 0.000002
v -1.126064 0.212901 0.000002
v -1.126064 0.198272 -0.010778
v -1.126064 0.205459 -0.017965
v -1.126064 0.187492 0.025411
v -1.115839 0.187492 0.031763
v -1.126064 0.205459 0.017969
v -1.126064 0.169525 0.017969
v -1.115839 0.209950 0.022461
v -1.115839 0.165033 0.022461
v -1.115839 0.219253 0.000002
v -1.115839 0.155730 0.000002
v -1.126064 0.212901 0.000002
v -1.126064 0.162083 0.000002
v -1.126064 0.205459 -0.017965
v -1.126064 0.169525 -0.017965
v -1.115839 0.209950 -0.022457
v -1.115839 0.165033 -0.022457
v -1.115839 0.187492 -0.031759
v -1.126064 0.187492 -0.025407
v -1.105046 0.285075 -0.010516
v -1.105046 0.240585 -0.011770
v -1.105046 0.240585 0.011770
v -1.105046 0.209510 0.017686
v -1.105046 0.209510 -0.017686
v -1.105046 0.285075 0.010516
v -1.105046 0.294420 0.008413
v -1.105046 0.294420 0.016826
v -1.105046 0.309804 0.016826
v -1.105046 0.309804 0.008413
v -1.105046 0.294420 -0.008413
v -1.105046 0.294420 -0.016826
v -1.105046 0.309804 -0.016826
v -1.105046 0.309804 -0.008413
v -1.086549 0.300768 -0.000597
v -1.088567 0.294147 -0.002210
v -1.088567 0.294147 0.002210
v -1.086549 0.300768 0.000597
v 1.346107 0.202149 -0.088566
v 1.363713 0.144252 -0.068806
v 1.346107 0.146629 -0.088566
v 1.363713 0.212281 -0.068806
v 1.264912 0.076222 -0.068806
v 1.254689 0.086354 -0.088566
v 1.264912 0.076222 0.068806
v 1.363713 0.144252 0.068806
v 1.346107 0.146629 0.088566
v 1.254689 0.086354 0.088566
v 1.346107 0.202149 0.088566
v 1.363713 0.212281 0.068806
v -0.930106 0.124904 0.000002
v -0.943228 0.107125 0.023396
v -0.930106 0.112845 0.029115
v -0.930106 0.083731 0.041174
v -0.943228 0.116816 0.000002
v -0.943228 0.083731 0.033086
v -0.943228 0.107125 -0.023392
v -0.943228 0.060337 0.023397
v -0.930106 0.112845 -0.029111
v -0.930106 0.054618 0.029115
v -0.930106 0.083731 -0.041170
v -0.930106 0.042559 0.000002
v -0.943228 0.083731 -0.033082
v -0.943228 0.050647 0.000002
v -0.943228 0.060337 -0.023392
v -0.930106 0.054618 -0.029111
v -0.830898 0.220430 0.000002
v -0.841395 0.206208 0.018718
v -0.830898 0.210782 0.023293
v -0.830898 0.187492 0.032940
v -0.841395 0.213960 0.000002
v -0.841395 0.187492 0.026470
v -0.841395 0.206208 -0.018714
v -0.841395 0.168777 0.018718
v -0.830898 0.210782 -0.023289
v -0.830898 0.164201 0.023293
v -0.830898 0.187492 -0.032936
v -0.830898 0.154554 0.000002
v -0.841395 0.187492 -0.026466
v -0.841395 0.161024 0.000002
v -0.841395 0.168777 -0.018714
v -0.830898 0.164201 -0.023289
v 0.759322 -0.414002 0.046039
v 0.531925 -0.467793 0.046039
v 0.759322 -0.414002 -0.046039
v 0.531925 -0.467793 -0.046039
v 0.759322 -0.414002 -0.046039
v 0.668784 -0.034934 -0.046039
v 0.668784 -0.034934 0.046039
v 0.759322 -0.414002 0.046039
v -0.818382 0.034704 -0.069192
v -0.754381 0.240971 0.069190
v -0.754381 0.240971 -0.069192
v -0.818382 0.034704 0.069190
v -0.792352 -0.010712 -0.072886
v -0.792352 -0.010712 0.072886
v -0.832353 0.042870 -0.072886
v -0.832353 0.042870 0.072886
v 1.029417 -0.029158 -0.092598
v 0.878985 -0.029158 0.092598
v 0.878985 -0.029158 -0.092598
v 1.029417 -0.029158 0.092598
v 0.822985 -0.083431 0.092598
v 1.214748 -0.188102 -0.092598
v 0.822985 -0.083431 -0.092598
v 0.714842 -0.083431 -0.092598
v 0.714842 -0.083431 0.092598
v 1.214748 -0.188102 0.092598
v 1.322748 -0.188102 -0.092598
v 1.322748 -0.188102 0.092598
v 1.354748 -0.212102 -0.092598
v 1.354748 -0.212102 0.092598
v 1.498748 -0.212102 -0.092598
v 1.498748 -0.212102 0.092598
v 1.530748 -0.164102 -0.092598
v 1.530748 -0.164102 0.092598
v 1.530748 0.065667 -0.092598
v 1.530748 0.065667 0.092598
v 1.530748 0.116333 -0.092598
v 1.530748 0.116333 0.092598
v 1.530748 0.167000 -0.092598
v 1.530748 0.167000 0.092598
v 1.530748 0.217667 -0.092598
v 1.530748 0.217667 0.092598
v -0.754381 0.240971 -0.069192
v -0.797075 0.050086 -0.085014
v -0.818382 0.034704 -0.069192
v -0.741235 0.231741 -0.085014
v -0.754381 0.240971 0.069190
v -0.818382 0.034704 0.069190
v -0.797075 0.050086 0.085014
v -0.741235 0.231741 0.085014
v 0.872404 -0.015419 -0.117420
v 0.822985 -0.083431 -0.092598
v 0.822985 -0.063982 -0.117420
v 0.727499 -0.064131 -0.117420
v 0.714842 -0.083431 -0.092598
v 0.878985 -0.029158 -0.092598
v 1.029417 -0.029158 -0.092598
v 1.037909 -0.014971 -0.117420
v 1.214748 -0.188102 -0.092598
v 1.223464 -0.173541 -0.117420
v 1.322748 -0.188102 -0.092598
v 1.322748 -0.172966 -0.117420
v 1.354748 -0.212102 -0.092598
v 1.354748 -0.196178 -0.117420
v 1.491521 -0.195693 -0.117420
v 1.498748 -0.212102 -0.092598
v 1.530748 -0.164102 -0.092598
v 1.520125 -0.151684 -0.117420
v 1.530748 0.065667 -0.092598
v 1.519330 0.065667 -0.117420
v 1.530748 0.116333 -0.092598
v 1.518805 0.116333 -0.117420
v 1.530748 0.167000 -0.092598
v 1.518505 0.167000 -0.117420
v 1.518408 0.202892 -0.117420
v 1.530748 0.217667 -0.092598
v 0.822985 -0.083431 0.092598
v 0.727499 -0.064131 0.117420
v 0.714842 -0.083431 0.092598
v 0.822985 -0.063982 0.117420
v 0.872404 -0.015419 0.117420
v 0.878985 -0.029158 0.092598
v 1.029417 -0.029158 0.092598
v 1.037909 -0.014971 0.117420
v 1.214748 -0.188102 0.092598
v 1.223464 -0.173541 0.117420
v 1.322748 -0.188102 0.092598
v 1.322748 -0.172966 0.117420
v 1.354748 -0.196178 0.117420
v 1.354748 -0.212102 0.092598
v 1.491521 -0.195693 0.117420
v 1.498748 -0.212102 0.092598
v 1.530748 -0.164102 0.092598
v 1.520125 -0.151684 0.117420
v 1.530748 0.065667 0.092598
v 1.519330 0.065667 0.117420
v 1.518805 0.116333 0.117420
v 1.530748 0.116333 0.092598
v 1.518505 0.167000 0.117420
v 1.530748 0.167000 0.092598
v 1.518408 0.202892 0.117420
v 1.530748 0.217667 0.092598
v -0.792352 -0.010712 -0.072886
v -0.832353 0.042870 -0.072886
v -0.803494 0.028401 -0.086846
v -0.785133 0.003745 -0.086846
v -0.792352 -0.010712 0.072886
v -0.803494 0.028401 0.086846
v -0.832353 0.042870 0.072886
v -0.785133 0.003745 0.086846
v 0.759322 -0.414002 -0.046039
v 0.531925 -0.467793 -0.046039
v 0.558098 -0.439566 -0.059781
v 0.729084 -0.399119 -0.059781
v 0.759322 -0.414002 0.046039
v 0.558098 -0.439566 0.059781
v 0.531925 -0.467793 0.046039
v 0.729084 -0.399119 0.059781
v -1.105217 0.132252 0.008414
v -1.041218 0.132252 -0.008414
v -1.105217 0.132252 -0.008414
v -1.173218 0.096252 0.008414
v -1.173218 0.096252 -0.008414
v -1.041218 0.132252 0.008414
v -0.964444 0.180126 -0.008414
v -0.964444 0.180126 0.008414
v -1.317734 -0.013399 -0.019154
v -1.292918 -0.000939 -0.019154
v -1.292918 -0.000939 0.019154
v -1.317734 -0.013399 0.019154
v -1.317734 -0.071477 -0.019154
v -1.317734 -0.071477 0.019154
v -1.268100 -0.013399 0.019154
v -1.268100 -0.013399 -0.019154
v -1.268100 -0.081981 -0.019154
v -1.268100 -0.081981 0.019154
v 0.729084 -0.399119 -0.059781
v 0.639003 -0.034934 -0.059781
v 0.668784 -0.034934 -0.046039
v 0.759322 -0.414002 -0.046039
v 0.729084 -0.399119 0.059781
v 0.668784 -0.034934 0.046039
v 0.639003 -0.034934 0.059781
v 0.759322 -0.414002 0.046039
v -1.466636 -0.113003 -0.019154
v -1.417003 -0.113003 -0.019154
v -1.417003 -0.113003 0.019154
v -1.466636 -0.113003 0.019154
v -1.067945 0.309804 -0.016826
v -1.105046 0.309804 -0.016826
v -1.105046 0.309804 -0.008413
v -1.067945 0.309804 -0.008413
v -1.105046 0.309804 0.016826
v -1.067945 0.309804 0.008413
v -1.105046 0.309804 0.008413
v -1.067945 0.309804 0.016826
v -1.085056 0.300768 -0.000597
v -1.086549 0.300768 -0.000597
v -1.086549 0.300768 0.000597
v -1.085056 0.300768 0.000597
v -1.268100 -0.081981 -0.019154
v -1.218466 -0.081981 -0.019154
v -1.218466 -0.081981 0.019154
v -1.268100 -0.081981 0.019154
v -1.067945 0.294420 -0.008413
v -1.105046 0.294420 -0.008413
v -1.105046 0.294420 0.008413
v -1.067945 0.294420 0.008413
v 0.188759 -0.144295 -0.072886
v 0.330766 -0.064295 -0.072886
v 0.188759 -0.144295 0.072886
v 0.330766 -0.064295 0.072886
v 0.718984 -0.064295 0.072886
v 0.718984 -0.064295 -0.072886
v -0.135670 -0.144295 0.072886
v -0.135670 -0.144295 -0.072886
v -0.230093 -0.064295 0.072886
v -0.230093 -0.064295 -0.072886
v -0.473459 -0.064295 0.072886
v -0.473459 -0.064295 -0.072886
v -0.513460 -0.010712 -0.072886
v -0.513460 -0.010712 0.072886
v -0.792352 -0.010712 0.072886
v -0.792352 -0.010712 -0.072886
v -1.367368 -0.071477 -0.019154
v -1.317734 -0.071477 -0.019154
v -1.317734 -0.071477 0.019154
v -1.367368 -0.071477 0.019154
v -1.041218 0.132252 -0.008414
v -0.962964 0.172959 -0.012000
v -1.039437 0.125085 -0.012000
v -0.964444 0.180126 -0.008414
v -1.103438 0.125085 -0.012000
v -1.105217 0.132252 -0.008414
v -1.144363 0.103419 -0.012000
v -1.173218 0.096252 -0.008414
v 0.718984 -0.049902 -0.086846
v 0.330766 -0.064295 -0.072886
v 0.326970 -0.049825 -0.086846
v 0.718984 -0.064295 -0.072886
v 0.184963 -0.129825 -0.086846
v 0.188759 -0.144295 -0.072886
v -0.129593 -0.129825 -0.086846
v -0.135670 -0.144295 -0.072886
v -0.230093 -0.064295 -0.072886
v -0.224016 -0.049825 -0.086846
v -0.466205 -0.049825 -0.086846
v -0.473459 -0.064295 -0.072886
v -0.513460 -0.010712 -0.072886
v -0.506240 0.003745 -0.086846
v -0.785133 0.003745 -0.086846
v -0.792352 -0.010712 -0.072886
v -0.964444 0.180126 0.008414
v -1.041218 0.132252 0.008414
v -0.962964 0.172959 0.012000
v -1.039437 0.125085 0.012000
v -1.103438 0.125085 0.012000
v -1.105217 0.132252 0.008414
v -1.144363 0.103419 0.012000
v -1.173218 0.096252 0.008414
v 0.330766 -0.064295 0.072886
v 0.718984 -0.064295 0.072886
v 0.718984 -0.049902 0.086846
v 0.326970 -0.049825 0.086846
v 0.184963 -0.129825 0.086846
v 0.188759 -0.144295 0.072886
v -0.129593 -0.129825 0.086846
v -0.135670 -0.144295 0.072886
v -0.230093 -0.064295 0.072886
v -0.224016 -0.049825 0.086846
v -0.466205 -0.049825 0.086846
v -0.473459 -0.064295 0.072886
v -0.513460 -0.010712 0.072886
v -0.506240 0.003745 0.086846
v -0.785133 0.003745 0.086846
v -0.792352 -0.010712 0.072886
v 0.769053 0.182404 -0.085014
v 0.722653 0.234232 -0.085014
v 0.731708 0.249614 -0.069191
v 0.784435 0.186387 -0.069191
v 0.769053 0.098086 -0.085014
v 0.784435 0.082704 -0.069191
v -0.209248 0.249614 -0.069192
v -0.215374 0.234232 -0.085014
v -0.257228 0.259693 -0.085014
v -0.251103 0.275076 -0.069192
v -0.472476 0.259693 -0.085014
v -0.483583 0.275076 -0.069192
v -0.499583 0.240971 -0.069192
v -0.486436 0.231741 -0.085014
v -0.741235 0.231741 -0.085014
v -0.754381 0.240971 -0.069192
v 0.731708 0.249614 0.069191
v 0.769053 0.182404 0.085014
v 0.784435 0.186387 0.069191
v 0.769053 0.098086 0.085014
v 0.784435 0.082704 0.069191
v 0.722653 0.234232 0.085014
v -0.209248 0.249614 0.069190
v -0.215374 0.234232 0.085014
v -0.257228 0.259693 0.085014
v -0.251103 0.275077 0.069190
v -0.472478 0.259693 0.085014
v -0.483583 0.275077 0.069190
v -0.499583 0.240971 0.069190
v -0.486436 0.231741 0.085014
v -0.741235 0.231741 0.085014
v -0.754381 0.240971 0.069190
v 0.784435 0.082704 -0.069191
v 0.784435 0.186387 -0.069191
v 0.784435 0.186387 0.069191
v 0.784435 0.082704 0.069191
v 0.731708 0.249614 -0.069191
v 0.731708 0.249614 0.069191
v -0.209248 0.249614 0.069190
v -0.209248 0.249614 -0.069192
v -0.251103 0.275076 -0.069192
v -0.251103 0.275077 0.069190
v -0.483583 0.275076 -0.069192
v -0.483583 0.275077 0.069190
v -0.499583 0.240971 0.069190
v -0.499583 0.240971 -0.069192
v -0.754381 0.240971 -0.069192
v -0.754381 0.240971 0.069190
v 0.822985 -0.063982 -0.117420
v 0.822985 0.099354 -0.117420
v 0.855103 0.060707 -0.117420
v 0.727499 0.099157 -0.117420
v 0.727499 -0.064131 -0.117420
v 0.872404 -0.015419 -0.117420
v 1.037909 -0.014971 -0.117420
v 1.059448 0.061009 -0.117420
v 1.244792 -0.097914 -0.117420
v 1.223464 -0.173541 -0.117420
v 1.322748 -0.172966 -0.117420
v 1.322748 -0.098159 -0.117420
v 1.354748 -0.098574 -0.117420
v 1.354748 -0.196178 -0.117420
v 1.426634 -0.099189 -0.117420
v 1.491521 -0.195693 -0.117420
v 1.520125 -0.151684 -0.117420
v 1.437109 -0.061394 -0.117420
v 1.519330 0.065667 -0.117420
v 1.438089 0.065667 -0.117420
v 1.518805 0.116333 -0.117420
v 1.391329 0.116333 -0.117420
v 1.391730 0.167000 -0.117420
v 1.518505 0.167000 -0.117420
v 1.443221 0.202892 -0.117420
v 1.518408 0.202892 -0.117420
v 0.822985 -0.063982 0.117420
v 0.855103 0.060707 0.117420
v 0.822985 0.099354 0.117420
v 0.727499 0.099157 0.117420
v 0.727499 -0.064131 0.117420
v 0.872404 -0.015419 0.117420
v 1.037909 -0.014971 0.117420
v 1.059448 0.061009 0.117420
v 1.244792 -0.097914 0.117420
v 1.223464 -0.173541 0.117420
v 1.322748 -0.172966 0.117420
v 1.322748 -0.098159 0.117420
v 1.354748 -0.098574 0.117420
v 1.354748 -0.196178 0.117420
v 1.426634 -0.099189 0.117420
v 1.491521 -0.195693 0.117420
v 1.520125 -0.151684 0.117420
v 1.437109 -0.061394 0.117420
v 1.519330 0.065667 0.117420
v 1.438089 0.065667 0.117420
v 1.518805 0.116333 0.117420
v 1.391329 0.116333 0.117420
v 1.391730 0.167000 0.117420
v 1.518505 0.167000 0.117420
v 1.443221 0.202892 0.117420
v 1.518408 0.202892 0.117420
v 0.011202 0.175320 0.071897
v 0.011202 0.216693 0.071897
v 0.003300 0.224252 0.085014
v 0.003300 0.167761 0.085014
v 0.013838 0.178318 0.058663
v 0.013838 0.213694 0.058663
v 0.011202 0.216693 0.071897
v 0.011202 0.175320 0.071897
v 0.206672 0.167761 0.085014
v 0.011202 0.175320 0.071897
v 0.003300 0.167761 0.085014
v 0.546731 0.175320 0.071897
v 0.554631 0.167761 0.085014
v 0.856936 0.202149 -0.088566
v 0.856936 0.086354 -0.088566
v 0.806423 0.144252 -0.088566
v 1.254689 0.086354 -0.088566
v 1.346107 0.202149 -0.088566
v 1.346107 0.146629 -0.088566
v -0.224016 -0.049825 -0.086846
v -0.141749 -0.051599 -0.086846
v -0.129593 -0.129825 -0.086846
v 0.192554 -0.051599 -0.086846
v -0.236172 0.028401 -0.086846
v 0.184963 -0.129825 -0.086846
v -0.466205 -0.049825 -0.086846
v 0.326970 -0.049825 -0.086846
v -0.506240 0.003745 -0.086846
v -0.803494 0.028401 -0.086846
v -0.785133 0.003745 -0.086846
v 0.334561 0.028401 -0.086846
v 0.443392 0.028401 -0.086846
v 0.718984 -0.049902 -0.086846
v 0.496984 0.074329 -0.086846
v 0.718984 0.074405 -0.086846
v 1.346107 0.202149 0.088566
v 1.254689 0.086354 0.088566
v 1.346107 0.146629 0.088566
v 0.856936 0.202149 0.088566
v 0.856936 0.086354 0.088566
v 0.806423 0.144252 0.088566
v -0.459303 0.050086 -0.085014
v -0.486436 0.231741 -0.085014
v -0.385726 0.162086 -0.085014
v -0.542276 0.050086 -0.085014
v -0.741235 0.231741 -0.085014
v -0.797075 0.050086 -0.085014
v -0.472476 0.259693 -0.085014
v -0.257228 0.259693 -0.085014
v -0.215374 0.234232 -0.085014
v 0.238768 0.162086 -0.085014
v 0.722653 0.234232 -0.085014
v 0.498745 0.098086 -0.085014
v 0.336761 0.052158 -0.085014
v 0.445153 0.052158 -0.085014
v 0.769053 0.098086 -0.085014
v 0.769053 0.182404 -0.085014
v -0.506240 0.003745 0.086846
v -0.803494 0.028401 0.086846
v -0.785133 0.003745 0.086846
v -0.236172 0.028401 0.086846
v -0.466205 -0.049825 0.086846
v -0.224016 -0.049825 0.086846
v -0.141749 -0.051599 0.086846
v -0.129593 -0.129825 0.086846
v 0.192554 -0.051599 0.086846
v 0.184963 -0.129825 0.086846
v 0.326970 -0.049825 0.086846
v 0.334561 0.028401 0.086846
v 0.443392 0.028401 0.086846
v 0.718984 -0.049902 0.086846
v 0.496984 0.074329 0.086846
v 0.718984 0.074405 0.086846
v -0.459303 0.050086 0.085014
v -0.486436 0.231741 0.085014
v -0.542276 0.050086 0.085014
v -0.741235 0.231741 0.085014
v -0.797075 0.050086 0.085014
v -0.385726 0.162086 0.085014
v -0.472478 0.259693 0.085014
v -0.257228 0.259693 0.085014
v -0.215374 0.234232 0.085014
v 0.003300 0.167761 0.085014
v 0.003300 0.224252 0.085014
v 0.238768 0.162086 0.085014
v 0.206672 0.167761 0.085014
v 0.722653 0.234232 0.085014
v 0.554631 0.224252 0.085014
v 0.554631 0.167761 0.085014
v 0.498745 0.098086 0.085014
v 0.336761 0.052158 0.085014
v 0.445153 0.052158 0.085014
v 0.769053 0.098086 0.085014
v 0.769053 0.182404 0.085014
v 0.544093 0.178318 0.058663
v 0.011202 0.175320 0.071897
v 0.546731 0.175320 0.071897
v 0.013838 0.178318 0.058663
v -1.028168 0.165033 0.022461
v -1.115839 0.165033 0.022461
v -1.028168 0.155730 0.000002
v -1.115839 0.155730 0.000002
v -1.115839 0.187492 0.031763
v -1.028168 0.165033 -0.022457
v -1.028168 0.187492 0.031763
v -1.115839 0.165033 -0.022457
v -1.115839 0.209950 0.022461
v -1.028168 0.187492 -0.031759
v -1.028168 0.209950 0.022461
v -1.115839 0.187492 -0.031759
v -1.115839 0.219253 0.000002
v -1.028168 0.209950 -0.022457
v -1.028168 0.219253 0.000002
v -1.115839 0.209950 -0.022457
v 0.232980 0.146704 -0.069192
v 0.336761 0.052158 -0.085014
v 0.330972 0.036776 -0.069192
v 0.450843 0.036776 -0.069191
v 0.238768 0.162086 -0.085014
v 0.445153 0.052158 -0.085014
v -0.378537 0.146704 -0.069192
v 0.504434 0.082704 -0.069191
v -0.385726 0.162086 -0.085014
v 0.498745 0.098086 -0.085014
v 0.769053 0.098086 -0.085014
v 0.784435 0.082704 -0.069191
v -0.459303 0.050086 -0.085014
v -0.452115 0.034704 -0.069192
v -0.542276 0.050086 -0.085014
v -0.563583 0.034704 -0.069192
v -0.797075 0.050086 -0.085014
v -0.818382 0.034704 -0.069192
v 0.568093 -0.397334 -0.059781
v 0.558098 -0.439566 -0.059781
v 0.551426 -0.424331 -0.059781
v 0.729084 -0.399119 -0.059781
v 0.639003 -0.034934 -0.059781
v 0.484403 -0.034934 -0.059781
v 0.450843 0.036776 0.069191
v 0.336761 0.052158 0.085014
v 0.330972 0.036776 0.069190
v 0.232980 0.146704 0.069190
v 0.445153 0.052158 0.085014
v 0.238768 0.162086 0.085014
v 0.504434 0.082704 0.069191
v -0.378537 0.146704 0.069190
v 0.498745 0.098086 0.085014
v 0.769053 0.098086 0.085014
v 0.784435 0.082704 0.069191
v -0.385726 0.162086 0.085014
v -0.459303 0.050086 0.085014
v -0.452115 0.034704 0.069190
v -0.542276 0.050086 0.085014
v -0.563583 0.034704 0.069190
v -0.797075 0.050086 0.085014
v -0.818382 0.034704 0.069190
v 0.729084 -0.399119 0.059781
v 0.568093 -0.397334 0.059781
v 0.558098 -0.439566 0.059781
v 0.551426 -0.424331 0.059781
v 0.639003 -0.034934 0.059781
v 0.484403 -0.034934 0.059781
v 0.544093 0.213694 0.058663
v 0.013838 0.178318 0.058663
v 0.544093 0.178318 0.058663
v 0.013838 0.213694 0.058663
v -1.083040 0.294147 -0.002210
v -1.086549 0.300768 -0.000597
v -1.085056 0.300768 -0.000597
v -1.088567 0.294147 -0.002210
v -1.088567 0.294147 0.002210
v -1.085056 0.300768 0.000597
v -1.086549 0.300768 0.000597
v -1.083040 0.294147 0.002210
v -1.053718 0.240585 -0.011770
v -1.105046 0.209510 -0.017686
v -1.105046 0.240585 -0.011770
v -1.038631 0.209510 -0.017686
v -1.067945 0.285075 -0.010516
v -1.105046 0.285075 -0.010516
v -1.105046 0.294420 -0.016826
v -1.067945 0.294420 -0.016826
v -1.105046 0.309804 -0.016826
v -1.067945 0.309804 -0.016826
v -1.268100 -0.013399 -0.019154
v -1.218466 -0.081981 -0.019154
v -1.268100 -0.081981 -0.019154
v -1.218466 0.055803 -0.019154
v -1.292918 -0.000939 -0.019154
v -1.392185 -0.000939 -0.019154
v -1.466637 0.055803 -0.019154
v -1.367368 -0.013399 -0.019154
v -1.417003 -0.013399 -0.019154
v -1.466636 -0.113003 -0.019154
v -1.417003 -0.113003 -0.019154
v -1.317734 -0.013399 -0.019154
v -1.367368 -0.071477 -0.019154
v -1.317734 -0.071477 -0.019154
v -1.053718 0.240585 0.011770
v -1.105046 0.209510 0.017686
v -1.038631 0.209510 0.017686
v -1.105046 0.240585 0.011770
v -1.067945 0.285075 0.010516
v -1.105046 0.285075 0.010516
v -1.067945 0.294420 0.016826
v -1.105046 0.294420 0.016826
v -1.067945 0.309804 0.016826
v -1.105046 0.309804 0.016826
v -1.268100 -0.013399 0.019154
v -1.218466 -0.081981 0.019154
v -1.218466 0.055803 0.019154
v -1.268100 -0.081981 0.019154
v -1.292918 -0.000939 0.019154
v -1.392185 -0.000939 0.019154
v -1.466637 0.055803 0.019154
v -1.367368 -0.013399 0.019154
v -1.417003 -0.013399 0.019154
v -1.466636 -0.113003 0.019154
v -1.417003 -0.113003 0.019154
v -1.317734 -0.013399 0.019154
v -1.317734 -0.071477 0.019154
v -1.367368 -0.071477 0.019154
v 0.784435 0.082704 -0.069191
v 0.504434 0.082704 0.069191
v 0.504434 0.082704 -0.069191
v 0.784435 0.082704 0.069191
v 0.450843 0.036776 -0.069191
v 0.450843 0.036776 0.069191
v 0.330972 0.036776 0.069190
v 0.330972 0.036776 -0.069192
v 0.232980 0.146704 -0.069192
v 0.232980 0.146704 0.069190
v -0.378537 0.146704 0.069190
v -0.378537 0.146704 -0.069192
v -0.452115 0.034704 0.069190
v -0.452115 0.034704 -0.069192
v -0.563583 0.034704 0.069190
v -0.563583 0.034704 -0.069192
v -0.818382 0.034704 0.069190
v -0.818382 0.034704 -0.069192
v -1.103438 0.125085 -0.012000
v -1.006998 0.103419 -0.012000
v -1.144363 0.103419 -0.012000
v -1.039437 0.125085 -0.012000
v -0.962964 0.172959 -0.012000
v -0.901979 0.172959 -0.012000
v -1.006998 0.103419 0.012000
v -0.901979 0.172959 0.012000
v -0.962964 0.172959 0.012000
v -1.039437 0.125085 0.012000
v -1.103438 0.125085 0.012000
v -1.144363 0.103419 0.012000
v 0.844455 0.212281 -0.068806
v 1.363713 0.212281 -0.068806
v 1.346107 0.202149 -0.088566
v 0.856936 0.202149 -0.088566
v 0.806423 0.144252 -0.088566
v 0.787628 0.144252 -0.068806
v 0.844455 0.212281 0.068806
v 1.346107 0.202149 0.088566
v 1.363713 0.212281 0.068806
v 0.856936 0.202149 0.088566
v 0.806423 0.144252 0.088566
v 0.787628 0.144252 0.068806
v 0.718984 0.088798 -0.072886
v 0.496984 0.074329 -0.086846
v 0.491632 0.088798 -0.072886
v 0.718984 0.074405 -0.086846
v 0.438041 0.042870 -0.072886
v 0.443392 0.028401 -0.086846
v 0.334561 0.028401 -0.086846
v 0.330766 0.042870 -0.072886
v 0.188759 -0.037130 -0.072886
v 0.192554 -0.051599 -0.086846
v -0.135670 -0.037130 -0.072886
v -0.141749 -0.051599 -0.086846
v -0.236172 0.028401 -0.086846
v -0.230093 0.042870 -0.072886
v -0.803494 0.028401 -0.086846
v -0.832353 0.042870 -0.072886
v -0.716379 0.164201 -0.023289
v -0.830898 0.154554 0.000002
v -0.830898 0.164201 -0.023289
v -0.716379 0.154554 0.000002
v -0.716379 0.187492 -0.032936
v -0.830898 0.164201 0.023293
v -0.830898 0.187492 -0.032936
v -0.716379 0.164201 0.023293
v -0.716379 0.210782 -0.023289
v -0.830898 0.187492 0.032940
v -0.830898 0.210782 -0.023289
v -0.716379 0.187492 0.032940
v -0.716379 0.220430 0.000002
v -0.830898 0.210782 0.023293
v -0.830898 0.220430 0.000002
v -0.716379 0.210782 0.023293
v 0.496984 0.074329 0.086846
v 0.718984 0.074405 0.086846
v 0.718984 0.088798 0.072886
v 0.491632 0.088798 0.072886
v 0.438041 0.042870 0.072886
v 0.443392 0.028401 0.086846
v 0.334561 0.028401 0.086846
v 0.330766 0.042870 0.072886
v 0.188759 -0.037130 0.072886
v 0.192554 -0.051599 0.086846
v -0.135670 -0.037130 0.072886
v -0.141749 -0.051599 0.086846
v -0.236172 0.028401 0.086846
v -0.230093 0.042870 0.072886
v -0.803494 0.028401 0.086846
v -0.832353 0.042870 0.072886
v -1.105046 0.309804 0.008413
v -1.067945 0.309804 0.008413
v -1.067945 0.294420 0.008413
v -1.105046 0.294420 0.008413
v -0.716379 0.054618 -0.029111
v -0.930106 0.042559 0.000002
v -0.930106 0.054618 -0.029111
v -0.716379 0.042559 0.000002
v -0.716379 0.083731 -0.041170
v -0.930106 0.054618 0.029115
v -0.930106 0.083731 -0.041170
v -0.716379 0.054618 0.029115
v -0.716379 0.112845 -0.029111
v -0.930106 0.083731 0.041174
v -0.930106 0.112845 -0.029111
v -0.716379 0.083731 0.041174
v -0.716379 0.124904 0.000002
v -0.930106 0.112845 0.029115
v -0.930106 0.124904 0.000002
v -0.716379 0.112845 0.029115
v -1.105046 0.294420 -0.008413
v -1.067945 0.294420 -0.008413
v -1.067945 0.309804 -0.008413
v -1.105046 0.309804 -0.008413
v -1.186693 0.055658 0.028075
v -1.506280 0.055658 0.028075
v -1.186693 0.044029 0.000002
v -1.506280 0.044029 0.000002
v -1.506280 0.083731 0.039704
v -1.186693 0.055658 -0.028071
v -1.186693 0.083731 0.039704
v -1.506280 0.055658 -0.028071
v -1.506280 0.111805 0.028075
v -1.186693 0.083731 -0.039699
v -1.186693 0.111805 0.028075
v -1.506280 0.083731 -0.039699
v -1.506280 0.123433 0.000002
v -1.186693 0.111805 -0.028071
v -1.186693 0.123433 0.000002
v -1.506280 0.111805 -0.028071
v -0.943228 0.060337 -0.023392
v -1.173909 0.050647 0.000002
v -1.173909 0.060337 -0.023392
v -0.943228 0.050647 0.000002
v -0.943228 0.083731 -0.033082
v -1.173909 0.060337 0.023397
v -1.173909 0.083731 -0.033082
v -0.943228 0.060337 0.023397
v -0.943228 0.107125 -0.023392
v -1.173909 0.083731 0.033086
v -1.173909 0.107125 -0.023392
v -0.943228 0.083731 0.033086
v -0.943228 0.116816 0.000002
v -1.173909 0.107125 0.023396
v -1.173909 0.116816 0.000002
v -0.943228 0.107125 0.023396
v 1.248581 0.110311 0.033941
v 1.430021 0.110311 0.033941
v 1.430021 0.144252 0.048000
v 1.248581 0.096252 -0.000000
v 1.248581 0.144252 0.048000
v 1.430021 0.096252 -0.000000
v 1.430021 0.178193 0.033941
v 1.248581 0.110311 -0.033941
v 1.248581 0.178193 0.033941
v 1.430021 0.110311 -0.033941
v 1.430021 0.192252 -0.000000
v 1.248581 0.144252 -0.048000
v 1.248581 0.192252 -0.000000
v 1.430021 0.144252 -0.048000
v 1.430021 0.178193 -0.033941
v 1.248581 0.178193 -0.033941
v 1.363713 0.212281 -0.068806
v 0.844455 0.212281 -0.068806
v 0.844455 0.212281 0.068806
v 1.363713 0.212281 0.068806
v 0.787628 0.144252 0.068806
v 0.787628 0.144252 -0.068806
v 0.003300 0.224252 0.085014
v 0.546731 0.216693 0.071897
v 0.554631 0.224252 0.085014
v 0.011202 0.216693 0.071897
v 0.844455 0.076222 -0.068806
v 0.787628 0.144252 -0.068806
v 0.806423 0.144252 -0.088566
v 0.856936 0.086354 -0.088566
v 1.264912 0.076222 -0.068806
v 1.254689 0.086354 -0.088566
v 1.264912 0.076222 0.068806
v 0.856936 0.086354 0.088566
v 0.844455 0.076222 0.068806
v 1.254689 0.086354 0.088566
v 0.806423 0.144252 0.088566
v 0.787628 0.144252 0.068806
v -0.841395 0.168777 -0.018714
v -1.017941 0.161024 0.000002
v -1.017941 0.168777 -0.018714
v -0.841395 0.161024 0.000002
v -0.841395 0.187492 -0.026466
v -1.017941 0.168777 0.018718
v -1.017941 0.187492 -0.026466
v -0.841395 0.168777 0.018718
v -0.841395 0.206208 -0.018714
v -1.017941 0.187492 0.026470
v -1.017941 0.206208 -0.018714
v -0.841395 0.187492 0.026470
v -0.841395 0.213960 0.000002
v -1.017941 0.206208 0.018718
v -1.017941 0.213960 0.000002
v -0.841395 0.206208 0.018718
v 0.188759 -0.037130 -0.072886
v 0.330766 0.042870 0.072886
v 0.330766 0.042870 -0.072886
v 0.188759 -0.037130 0.072886
v 0.438041 0.042870 0.072886
v -0.135670 -0.037130 -0.072886
v 0.438041 0.042870 -0.072886
v -0.135670 -0.037130 0.072886
v 0.491632 0.088798 -0.072886
v -0.230093 0.042870 -0.072886
v 0.491632 0.088798 0.072886
v 0.718984 0.088798 -0.072886
v 0.718984 0.088798 0.072886
v -0.230093 0.042870 0.072886
v -0.832353 0.042870 0.072886
v -0.832353 0.042870 -0.072886
v 0.544093 0.213694 0.058663
v 0.011202 0.216693 0.071897
v 0.013838 0.213694 0.058663
v 0.546731 0.216693 0.071897
v 0.727499 0.099157 -0.117420
v 0.822985 0.107935 -0.092598
v 0.822985 0.099354 -0.117420
v 0.714842 0.107935 -0.092598
v 0.846984 0.077661 -0.092598
v 0.855103 0.060707 -0.117420
v 1.059448 0.061009 -0.117420
v 1.069417 0.077661 -0.092598
v 1.254748 -0.081283 -0.092598
v 1.244792 -0.097914 -0.117420
v 1.322748 -0.098159 -0.117420
v 1.322748 -0.081283 -0.092598
v 1.354748 -0.098574 -0.117420
v 1.354748 -0.081283 -0.092598
v 1.418748 -0.081283 -0.092598
v 1.426634 -0.099189 -0.117420
v 1.437109 -0.061394 -0.117420
v 1.426748 -0.049283 -0.092598
v 1.438089 0.065667 -0.117420
v 1.426748 0.065667 -0.092598
v 1.391329 0.116333 -0.117420
v 1.378749 0.116333 -0.092598
v 1.391730 0.167000 -0.117420
v 1.378749 0.167000 -0.092598
v 1.450748 0.217667 -0.092598
v 1.443221 0.202892 -0.117420
v 1.518408 0.202892 -0.117420
v 1.530748 0.217667 -0.092598
v 0.822985 0.107935 0.092598
v 0.822985 0.099354 0.117420
v 0.846984 0.077661 0.092598
v 0.727499 0.099157 0.117420
v 0.714842 0.107935 0.092598
v 0.855103 0.060707 0.117420
v 1.059448 0.061009 0.117420
v 1.069417 0.077661 0.092598
v 1.254748 -0.081283 0.092598
v 1.244792 -0.097914 0.117420
v 1.322748 -0.098159 0.117420
v 1.322748 -0.081283 0.092598
v 1.354748 -0.081283 0.092598
v 1.354748 -0.098574 0.117420
v 1.418748 -0.081283 0.092598
v 1.426634 -0.099189 0.117420
v 1.437109 -0.061394 0.117420
v 1.426748 -0.049283 0.092598
v 1.438089 0.065667 0.117420
v 1.426748 0.065667 0.092598
v 1.378749 0.116333 0.092598
v 1.391329 0.116333 0.117420
v 1.378749 0.167000 0.092598
v 1.391730 0.167000 0.117420
v 1.450748 0.217667 0.092598
v 1.443221 0.202892 0.117420
v 1.518408 0.202892 0.117420
v 1.530748 0.217667 0.092598
v 0.844455 0.076222 -0.068806
v 1.264912 0.076222 -0.068806
v 1.264912 0.076222 0.068806
v 0.844455 0.076222 0.068806
v 0.787628 0.144252 -0.068806
v 0.787628 0.144252 0.068806
v 0.538265 -0.397123 -0.046039
v 0.454624 -0.034934 -0.046039
v 0.484403 -0.034934 -0.059781
v 0.568093 -0.397334 -0.059781
v 0.551426 -0.424331 -0.059781
v 0.521596 -0.424123 -0.046039
v 0.558098 -0.439566 -0.059781
v 0.531925 -0.467793 -0.046039
v 0.484403 -0.034934 0.059781
v 0.538265 -0.397123 0.046039
v 0.568093 -0.397334 0.059781
v 0.454624 -0.034934 0.046039
v 0.551426 -0.424331 0.059781
v 0.521596 -0.424123 0.046039
v 0.558098 -0.439566 0.059781
v 0.531925 -0.467793 0.046039
v -1.088567 0.294147 -0.002210
v -1.083040 0.294147 -0.002210
v -1.083040 0.294147 0.002210
v -1.088567 0.294147 0.002210
v -1.006998 0.103419 -0.012000
v -0.901979 0.172959 -0.012000
v -1.005217 0.096252 -0.008414
v -0.877991 0.180126 -0.008414
v -1.005217 0.096252 0.008414
v -0.877991 0.180126 0.008414
v -0.901979 0.172959 0.012000
v -1.006998 0.103419 0.012000
v 0.846984 0.077661 0.092598
v 0.846984 0.077661 -0.092598
v 0.822985 0.107935 -0.092598
v 1.069417 0.077661 0.092598
v 0.822985 0.107935 0.092598
v 0.714842 0.107935 0.092598
v 0.714842 0.107935 -0.092598
v 1.069417 0.077661 -0.092598
v 1.254748 -0.081283 0.092598
v 1.254748 -0.081283 -0.092598
v 1.322748 -0.081283 0.092598
v 1.322748 -0.081283 -0.092598
v 1.354748 -0.081283 0.092598
v 1.354748 -0.081283 -0.092598
v 1.418748 -0.081283 0.092598
v 1.418748 -0.081283 -0.092598
v 1.426748 -0.049283 0.092598
v 1.426748 -0.049283 -0.092598
v 1.426748 0.065667 0.092598
v 1.426748 0.065667 -0.092598
v 1.378749 0.116333 0.092598
v 1.378749 0.116333 -0.092598
v 1.378749 0.167000 0.092598
v 1.378749 0.167000 -0.092598
v 1.450748 0.217667 0.092598
v 1.450748 0.217667 -0.092598
v 1.530748 0.217667 -0.092598
v 1.530748 0.217667 0.092598
v 0.714842 -0.083431 -0.092598
v 0.714842 -0.083431 0.092598
v 0.699055 -0.070393 -0.074078
v 0.699055 -0.070393 0.074078
v 0.546731 0.175320 0.071897
v 0.554631 0.224252 0.085014
v 0.546731 0.216693 0.071897
v 0.554631 0.167761 0.085014
v -0.877991 0.180126 -0.008414
v -1.005217 0.096252 0.008414
v -1.005217 0.096252 -0.008414
v -0.877991 0.180126 0.008414
v 0.714842 0.107935 0.092598
v 0.714842 0.107935 -0.092598
v 0.699055 0.094897 0.074078
v 0.699055 0.094897 -0.074078
v 0.521596 -0.424123 -0.046039
v 0.521596 -0.424123 0.046039
v 0.538265 -0.397123 -0.046039
v 0.531925 -0.467793 0.046039
v 0.531925 -0.467793 -0.046039
v 0.538265 -0.397123 0.046039
v 0.454624 -0.034934 0.046039
v 0.454624 -0.034934 -0.046039
v 0.727499 0.099157 0.117420
v 0.714842 0.107935 0.092598
v 0.714287 0.087280 0.093936
v 0.699055 0.094897 0.074078
v 0.714287 -0.053749 0.093936
v 0.699055 -0.070393 0.074078
v 0.714842 -0.083431 0.092598
v 0.727499 -0.064131 0.117420
v 0.546731 0.175320 0.071897
v 0.544093 0.213694 0.058663
v 0.544093 0.178318 0.058663
v 0.546731 0.216693 0.071897
v 0.714287 -0.053749 -0.093936
v 0.714842 -0.083431 -0.092598
v 0.699055 -0.070393 -0.074078
v 0.727499 -0.064131 -0.117420
v 0.714842 0.107935 -0.092598
v 0.714287 0.087280 -0.093936
v 0.699055 0.094897 -0.074078
v 0.727499 0.099157 -0.117420
v 0.727499 -0.064131 -0.117420
v 0.714287 0.087280 -0.093936
v 0.727499 0.099157 -0.117420
v 0.714287 -0.053749 -0.093936
v 0.727499 -0.064131 0.117420
v 0.727499 0.099157 0.117420
v 0.714287 0.087280 0.093936
v 0.714287 -0.053749 0.093936
v -1.417003 -0.013399 0.019154
v -1.417003 -0.113003 -0.019154
v -1.417003 -0.013399 -0.019154
v -1.417003 -0.113003 0.019154
v -1.392185 -0.000939 0.019154
v -1.392185 -0.000939 -0.019154
v -1.367368 -0.013399 0.019154
v -1.367368 -0.013399 -0.019154
v -1.367368 -0.071477 -0.019154
v -1.367368 -0.071477 0.019154
v 0.699055 0.094897 -0.074078
v 0.714287 -0.053749 -0.093936
v 0.699055 -0.070393 -0.074078
v 0.714287 0.087280 -0.093936
v 0.699055 -0.070393 0.074078
v 0.699055 0.094897 0.074078
v -1.038631 0.209510 -0.017686
v -1.053718 0.240585 0.011770
v -1.038631 0.209510 0.017686
v -1.053718 0.240585 -0.011770
v -1.067945 0.285075 -0.010516
v -1.067945 0.285075 0.010516
v -1.067945 0.294420 0.008413
v -1.067945 0.294420 0.016826
v -1.067945 0.309804 0.016826
v -1.067945 0.309804 0.008413
v -1.067945 0.294420 -0.008413
v -1.067945 0.294420 -0.016826
v -1.067945 0.309804 -0.008413
v -1.067945 0.309804 -0.016826
v -1.085056 0.300768 0.000597
v -1.083040 0.294147 -0.002210
v -1.085056 0.300768 -0.000597
v -1.083040 0.294147 0.002210
v -1.028168 0.219253 0.000002
v -1.017941 0.206208 0.018718
v -1.017941 0.213960 0.000002
v -1.017941 0.206208 -0.018714
v -1.028168 0.209950 0.022461
v -1.028168 0.209950 -0.022457
v -1.028168 0.187492 0.031763
v -1.028168 0.187492 -0.031759
v -1.017941 0.187492 0.026470
v -1.017941 0.187492 -0.026466
v -1.017941 0.168777 0.018718
v -1.017941 0.168777 -0.018714
v -1.028168 0.165033 0.022461
v -1.028168 0.165033 -0.022457
v -1.028168 0.155730 0.000002
v -1.017941 0.161024 0.000002
v -1.186693 0.123433 0.000002
v -1.173909 0.107125 0.023396
v -1.173909 0.116816 0.000002
v -1.173909 0.107125 -0.023392
v -1.186693 0.111805 0.028075
v -1.186693 0.111805 -0.028071
v -1.186693 0.083731 0.039704
v -1.186693 0.083731 -0.039699
v -1.173909 0.083731 0.033086
v -1.173909 0.083731 -0.033082
v -1.173909 0.060337 0.023397
v -1.173909 0.060337 -0.023392
v -1.186693 0.055658 0.028075
v -1.186693 0.055658 -0.028071
v -1.186693 0.044029 0.000002
v -1.173909 0.050647 0.000002
v -1.218466 -0.081981 -0.019154
v -1.218466 0.055803 -0.019154
v -1.218466 0.055803 0.019154
v -1.218466 -0.081981 0.019154
vn -1.0000 0.0005 0.0005
vn -0.5277 -0.0000 0.8494
vn -0.5272 0.0005 0.8497
vn -0.5276 0.6007 0.6007
vn -0.5277 -0.6006 0.6007
vn -0.5270 0.6009 0.6011
vn -0.5276 -0.6007 0.6007
vn -0.5273 0.8497 0.0003
vn -0.5272 -0.8498 0.0006
vn -0.5271 0.8498 0.0006
vn -0.5272 -0.8497 0.0005
vn -0.5271 0.6009 -0.6009
vn -0.5276 -0.6006 -0.6007
vn -0.5276 0.6007 -0.6007
vn -0.5276 -0.6007 -0.6007
vn -0.5272 0.0005 -0.8497
vn -0.1538 -0.9881 0.0002
vn -0.0000 -0.7071 -0.7071
vn 0.0005 -1.0000 0.0005
vn -0.1538 -0.6989 -0.6985
vn 0.0005 0.0005 -1.0000
vn -0.1538 -0.6987 0.6987
vn -0.0000 -0.7071 0.7071
vn -0.1538 0.0004 -0.9881
vn -0.0000 0.7071 -0.7071
vn -0.1538 0.6987 -0.6987
vn 0.0005 1.0000 0.0005
vn -0.1538 0.9881 0.0005
vn -0.0000 0.7071 0.7071
vn -0.1538 0.0005 0.9881
vn 0.0005 0.0005 1.0000
vn -0.1538 0.6987 0.6987
vn 1.0000 0.0005 0.0005
vn 0.8147 -0.5799 0.0005
vn 0.8147 -0.5798 -0.0000
vn 0.5671 -0.8236 -0.0000
vn -1.0000 -0.0000 -0.0000
vn -0.5277 0.6006 0.6006
vn -0.5272 -0.6009 0.6009
vn -0.5273 0.6008 0.6008
vn -0.5277 -0.6006 0.6006
vn -0.5272 0.8497 0.0005
vn -0.5272 0.8497 0.0006
vn -0.5274 -0.8496 0.0003
vn -0.5277 0.6006 -0.6006
vn -0.5277 -0.6006 -0.6006
vn -0.5277 0.6006 -0.6007
vn -0.5272 0.0005 -0.8498
vn -1.0000 0.0003 0.0003
vn -0.9566 0.2915 -0.0000
vn -0.9566 0.2916 -0.0000
vn 0.7469 0.0003 -0.6650
vn 0.6122 -0.4702 -0.6357
vn 0.6319 -0.4305 -0.6445
vn 0.7466 -0.0000 -0.6652
vn 0.4675 -0.6932 -0.5486
vn 0.4675 -0.6932 0.5486
vn 0.6122 -0.4702 0.6357
vn 0.6319 -0.4305 0.6445
vn 0.7469 0.0003 0.6649
vn 0.7468 0.0002 0.6650
vn -0.5247 0.8513 -0.0000
vn -0.5247 0.6019 0.6020
vn -0.5247 0.6019 0.6019
vn -0.5247 -0.0000 0.8513
vn -0.5248 0.0003 0.8512
vn -0.5247 0.6019 -0.6020
vn -0.5247 -0.6019 0.6020
vn -0.5247 0.6019 -0.6019
vn -0.5247 -0.6020 0.6020
vn -0.5249 0.0004 -0.8511
vn -0.5247 -0.8513 -0.0000
vn -0.5247 -0.0000 -0.8513
vn -0.5249 -0.8512 0.0004
vn -0.5247 -0.6019 -0.6020
vn -0.5247 0.6020 0.6020
vn -0.5250 0.0006 0.8511
vn -0.5247 0.6020 -0.6020
vn -0.5247 -0.6019 0.6019
vn -0.5248 -0.8512 0.0003
vn -0.5250 0.0006 -0.8511
vn -0.5247 -0.6019 -0.6019
vn 0.2302 -0.9731 -0.0000
vn 0.2300 -0.9732 0.0004
vn 0.9727 0.2321 0.0004
vn 0.9726 0.2323 -0.0000
vn -0.9551 0.2963 -0.0000
vn -0.8013 -0.5982 0.0005
vn -0.8013 -0.5982 -0.0000
vn -0.1522 -0.9883 -0.0000
vn 0.1561 -0.9877 -0.0000
vn 0.1560 -0.9877 0.0005
vn -0.1522 -0.9883 0.0005
vn 0.1560 -0.9877 -0.0000
vn 0.1560 -0.9878 0.0005
vn -0.1473 -0.9891 -0.0000
vn -0.1473 -0.9891 0.0005
vn 0.1668 -0.9860 0.0005
vn 0.1668 -0.9860 -0.0000
vn 0.9491 -0.3151 0.0005
vn 1.0000 0.0003 0.0003
vn -0.6814 0.2105 -0.7009
vn -0.6814 0.2105 -0.7010
vn -0.6814 0.2105 0.7010
vn 0.1131 -0.8542 -0.5075
vn 0.0955 -0.7828 -0.6150
vn 0.1931 -0.7718 -0.6058
vn 0.0005 -0.7884 -0.6151
vn 0.0005 -0.7884 -0.6152
vn 0.1795 -0.8386 -0.5143
vn -0.1687 -0.8310 -0.5301
vn -0.1083 -0.8488 -0.5175
vn -0.1062 -0.8376 -0.5358
vn -0.1666 -0.8212 -0.5457
vn -0.1717 -0.8426 -0.5105
vn -0.1004 -0.8523 -0.5133
vn -0.0984 -0.8355 -0.5406
vn -0.1737 -0.8288 -0.5320
vn 0.2001 -0.7914 -0.5776
vn 0.1113 -0.8166 -0.5664
vn 0.7952 -0.3358 -0.5049
vn 0.8592 -0.1988 -0.4714
vn 0.9094 0.0032 -0.4160
vn 0.9094 0.0034 -0.4159
vn 0.9021 0.0033 -0.4315
vn 0.9018 0.0034 -0.4321
vn 0.8974 0.0017 -0.4412
vn 0.8974 0.0014 -0.4411
vn 0.8959 0.0008 -0.4443
vn 0.8961 0.0014 -0.4438
vn 0.0955 -0.7842 0.6132
vn 0.0005 -0.7884 0.6151
vn 0.0004 -0.7886 0.6150
vn 0.1931 -0.7724 0.6050
vn 0.1131 -0.8542 0.5075
vn 0.1795 -0.8386 0.5143
vn -0.1687 -0.8310 0.5301
vn -0.1082 -0.8488 0.5176
vn -0.1062 -0.8376 0.5358
vn -0.1666 -0.8213 0.5457
vn -0.1716 -0.8426 0.5105
vn -0.1004 -0.8523 0.5133
vn -0.1737 -0.8281 0.5330
vn -0.0984 -0.8355 0.5406
vn 0.2000 -0.7914 0.5776
vn 0.1113 -0.8166 0.5664
vn 0.7952 -0.3358 0.5049
vn 0.8592 -0.1988 0.4714
vn 0.9094 0.0034 0.4159
vn 0.9020 0.0038 0.4316
vn 0.9018 0.0034 0.4321
vn 0.8975 0.0021 0.4410
vn 0.8973 0.0013 0.4414
vn 0.8961 0.0012 0.4439
vn 0.8961 0.0014 0.4438
vn -0.5564 -0.4157 -0.7194
vn -0.5564 -0.4154 -0.7197
vn -0.5564 -0.4156 -0.7195
vn -0.5564 -0.4157 -0.7195
vn -0.5564 -0.4156 0.7195
vn -0.5566 -0.4154 0.7195
vn -0.5564 -0.4154 0.7197
vn -0.5564 -0.4157 0.7195
vn 0.1246 -0.5252 -0.8418
vn 0.1242 -0.5251 -0.8420
vn 0.1242 -0.5251 0.8420
vn 0.1245 -0.5252 0.8418
vn 0.1246 -0.5252 0.8418
vn -0.1336 0.9910 -0.0000
vn -0.1404 0.9901 0.0005
vn -0.1336 0.9910 0.0005
vn -0.4679 0.8838 -0.0000
vn -0.1404 0.9901 -0.0000
vn -0.5291 0.8486 0.0005
vn -0.5291 0.8485 -0.0000
vn 0.7208 -0.6932 0.0005
vn 0.7208 -0.6932 -0.0000
vn -0.7208 -0.6931 0.0005
vn -0.7208 -0.6931 -0.0000
vn 0.4355 0.1061 -0.8939
vn 0.4355 0.1061 0.8939
vn 0.1367 -0.9906 0.0005
vn 0.1366 -0.9906 0.0005
vn 0.1366 -0.9906 -0.0000
vn -0.1523 -0.9883 0.0005
vn -0.1523 -0.9883 -0.0000
vn -0.1649 -0.9863 0.0005
vn -0.1649 -0.9863 -0.0000
vn -0.1648 -0.9863 0.0006
vn -0.1227 0.4215 -0.8985
vn -0.2428 0.3893 -0.8885
vn -0.0465 0.4383 -0.8976
vn -0.1090 0.4227 -0.8997
vn -0.0445 0.4383 -0.8977
vn -0.2094 0.3955 -0.8943
vn -0.0004 -0.6956 -0.7185
vn 0.1441 -0.6678 -0.7303
vn 0.0739 -0.6834 -0.7263
vn -0.0004 -0.6956 -0.7184
vn 0.1442 -0.6672 -0.7308
vn 0.0738 -0.6823 -0.7273
vn -0.1666 -0.6472 -0.7439
vn -0.0809 -0.6743 -0.7340
vn -0.1874 -0.6318 -0.7521
vn -0.0858 -0.6694 -0.7379
vn -0.1872 -0.6324 -0.7517
vn -0.0857 -0.6695 -0.7379
vn -0.0000 -0.6946 -0.7194
vn -0.2428 0.3893 0.8885
vn -0.1227 0.4214 0.8985
vn -0.0465 0.4383 0.8976
vn -0.1090 0.4227 0.8997
vn -0.0445 0.4383 0.8977
vn -0.2094 0.3955 0.8943
vn 0.1441 -0.6678 0.7303
vn -0.0004 -0.6955 0.7185
vn -0.0004 -0.6956 0.7185
vn 0.0739 -0.6834 0.7263
vn 0.1442 -0.6672 0.7308
vn 0.0740 -0.6823 0.7273
vn -0.1666 -0.6472 0.7439
vn -0.0809 -0.6743 0.7340
vn -0.0808 -0.6743 0.7340
vn -0.1874 -0.6318 0.7521
vn -0.0857 -0.6694 0.7379
vn -0.1872 -0.6325 0.7516
vn -0.0856 -0.6694 0.7379
vn 0.0005 -0.6943 0.7197
vn -0.0000 -0.6946 0.7194
vn 0.6504 0.2370 -0.7217
vn 0.1812 0.6619 -0.7274
vn 0.0888 0.6934 -0.7150
vn 0.6229 0.3044 -0.7206
vn 0.7170 -0.0000 -0.6970
vn 0.1470 0.6801 -0.7182
vn 0.0789 0.6990 -0.7108
vn 0.0790 0.6989 -0.7108
vn -0.1962 0.6337 -0.7483
vn -0.0925 0.6822 -0.7253
vn -0.1803 0.7739 -0.6071
vn -0.1208 0.8084 -0.5760
vn 0.0006 0.8640 -0.5034
vn 0.0005 0.8640 -0.5035
vn 0.0887 0.6934 0.7151
vn 0.6504 0.2370 0.7217
vn 0.6232 0.3046 0.7203
vn 0.7170 -0.0000 0.6970
vn 0.1812 0.6619 0.7274
vn 0.1470 0.6801 0.7182
vn 0.0788 0.6990 0.7108
vn 0.0790 0.6989 0.7108
vn -0.1962 0.6337 0.7483
vn -0.0925 0.6822 0.7253
vn -0.1803 0.7739 0.6071
vn -0.1208 0.8084 0.5760
vn 0.0004 0.8639 0.5036
vn 0.0005 0.8640 0.5035
vn 0.9240 0.3825 -0.0000
vn 0.9239 0.3826 0.0005
vn 0.1619 0.9868 -0.0000
vn 0.1619 0.9868 0.0005
vn 0.1395 0.9902 0.0005
vn 0.1394 0.9902 -0.0000
vn 0.1395 0.9902 -0.0000
vn -0.1726 0.9850 0.0004
vn -0.1726 0.9850 -0.0000
vn -0.1725 0.9850 -0.0000
vn -0.1725 0.9850 0.0004
vn 0.0003 0.0003 -1.0000
vn 0.0003 0.0003 1.0000
vn 0.8565 0.0003 0.5162
vn 0.8566 -0.0000 0.5160
vn 0.8564 0.0004 0.5163
vn 0.9807 -0.0000 0.1953
vn 0.9808 0.0006 0.1950
vn -0.0000 0.8664 0.4993
vn 0.0003 0.8662 0.4996
vn 0.0005 0.8662 0.4997
vn -0.0000 -0.0000 -1.0000
vn -0.0000 -0.0000 1.0000
vn -0.0000 0.9753 0.2209
vn 0.0004 0.0004 1.0000
vn 0.0003 -0.7071 -0.7071
vn 0.0004 0.0004 -1.0000
vn -0.1853 -0.6699 -0.7189
vn -0.1854 -0.6699 -0.7189
vn -0.0868 -0.6980 -0.7108
vn 0.0838 -0.6992 -0.7100
vn -0.0866 -0.6980 -0.7108
vn 0.1705 -0.6754 -0.7174
vn 0.1962 -0.6572 -0.7277
vn 0.0897 -0.6933 -0.7150
vn 0.0839 -0.6992 -0.7100
vn 0.0004 -0.7169 -0.6972
vn 0.0003 -0.7169 -0.6972
vn 0.0896 -0.6933 -0.7150
vn -0.0000 -0.7170 -0.6971
vn 0.0004 -0.7168 -0.6972
vn 0.0838 -0.6992 0.7100
vn -0.1855 -0.6699 0.7189
vn -0.0867 -0.6980 0.7108
vn -0.1853 -0.6699 0.7189
vn 0.1705 -0.6754 0.7174
vn -0.0866 -0.6980 0.7108
vn 0.1706 -0.6754 0.7174
vn 0.1961 -0.6572 0.7277
vn 0.0839 -0.6992 0.7100
vn 0.0003 -0.7169 0.6972
vn -0.0000 -0.7170 0.6970
vn 0.0896 -0.6934 0.7150
vn 0.1962 -0.6572 0.7277
vn -0.0000 -0.7171 0.6970
vn 0.0004 -0.7168 0.6972
vn 0.0003 0.2369 -0.9715
vn 0.0005 0.2369 -0.9715
vn 0.0006 0.2369 -0.9715
vn -0.0000 0.2367 -0.9716
vn -0.0000 0.2367 0.9716
vn 0.0004 0.2369 0.9715
vn 0.0005 0.1118 -0.9937
vn -0.0000 0.1870 -0.9824
vn -0.0000 0.1079 -0.9942
vn 0.0005 -0.2731 -0.9620
vn -0.0000 -0.2791 -0.9603
vn -0.0000 -0.2926 -0.9562
vn 0.0005 0.1118 0.9937
vn -0.0000 0.1870 0.9824
vn -0.0000 0.1079 0.9942
vn 0.0005 -0.2731 0.9620
vn -0.0000 -0.2791 0.9603
vn -0.0000 -0.2926 0.9562
vn 0.1522 -0.9883 -0.0000
vn 0.1522 -0.9883 0.0005
vn 0.1523 -0.9883 0.0005
vn -0.1600 -0.9871 0.0005
vn -0.1600 -0.9871 -0.0000
vn -0.1601 -0.9871 -0.0000
vn 0.1669 -0.9860 -0.0000
vn 0.1669 -0.9860 0.0005
vn 0.0003 -1.0000 0.0003
vn -0.1209 0.8535 -0.5068
vn -0.0000 0.8898 -0.4563
vn -0.1727 0.8327 -0.5261
vn -0.6034 0.5145 -0.6093
vn -0.1209 0.8535 0.5068
vn 0.0004 0.8896 0.4567
vn -0.0000 0.8898 0.4563
vn -0.1727 0.8327 0.5261
vn -0.6034 0.5145 0.6093
vn -0.0005 0.6953 -0.7187
vn -0.1695 0.6520 -0.7390
vn -0.0808 0.6773 -0.7312
vn -0.0005 0.6952 -0.7188
vn -0.1685 0.6511 -0.7400
vn -0.0808 0.6764 -0.7321
vn -0.1442 0.6672 -0.7308
vn -0.0738 0.6823 -0.7273
vn -0.0739 0.6823 -0.7273
vn 0.1666 0.6472 -0.7439
vn 0.0807 0.6743 -0.7340
vn 0.0809 0.6743 -0.7340
vn -0.0000 0.6943 -0.7197
vn 0.0005 -0.7071 -0.7071
vn -0.1695 0.6520 0.7390
vn -0.0005 0.6952 0.7188
vn -0.0005 0.6953 0.7187
vn -0.0809 0.6773 0.7312
vn -0.1685 0.6511 0.7400
vn -0.0808 0.6764 0.7321
vn -0.1442 0.6672 0.7308
vn -0.0739 0.6824 0.7273
vn -0.0740 0.6823 0.7273
vn 0.1666 0.6472 0.7439
vn 0.0807 0.6743 0.7340
vn 0.0809 0.6743 0.7340
vn -0.0000 0.6943 0.7197
vn -0.1619 0.9868 0.0005
vn -0.1620 0.9868 -0.0000
vn -0.7675 0.6411 -0.0000
vn 0.0004 -0.8662 0.4997
vn 0.0005 -0.8662 0.4997
vn -0.0000 -0.8664 0.4993
vn -0.1209 -0.8535 -0.5068
vn -0.6034 -0.5145 -0.6093
vn -0.1726 -0.8326 -0.5262
vn 0.0003 -0.8897 -0.4566
vn -0.0000 -0.8898 -0.4563
vn 0.0003 -0.8897 0.4566
vn -0.1725 -0.8327 0.5262
vn -0.1209 -0.8535 0.5068
vn -0.0000 -0.8898 0.4563
vn -0.6034 -0.5145 0.6093
vn 0.0003 1.0000 0.0003
vn 0.0005 0.7071 0.7071
vn -0.1366 0.9906 0.0005
vn -0.1366 0.9906 -0.0000
vn -0.1521 0.9884 -0.0000
vn 0.1521 0.9884 -0.0000
vn -0.1522 0.9883 0.0005
vn 0.1522 0.9883 0.0005
vn 0.1522 0.9883 -0.0000
vn -0.1523 0.9883 -0.0000
vn 0.1523 0.9883 0.0005
vn -0.0000 -0.9753 0.2210
vn -0.0005 0.9438 -0.3305
vn 0.1306 0.9371 -0.3238
vn 0.1874 0.9287 -0.3200
vn -0.0005 0.9438 -0.3306
vn 0.2157 0.8371 -0.5027
vn 0.1032 0.8379 -0.5360
vn 0.1685 0.7840 -0.5974
vn 0.1015 0.8047 -0.5849
vn 0.1697 0.7843 -0.5967
vn 0.1033 0.8054 -0.5837
vn 0.0035 0.8262 -0.5633
vn 0.0033 0.8260 -0.5636
vn 0.0044 0.8198 -0.5726
vn 0.0044 0.8202 -0.5720
vn -0.2184 0.7594 -0.6129
vn -0.1100 0.7928 -0.5995
vn -0.8855 0.1519 -0.4391
vn -0.9016 0.0875 -0.4237
vn -0.8386 -0.3852 -0.3853
vn -0.8370 -0.3884 -0.3855
vn -0.8265 -0.3837 -0.4120
vn -0.8277 -0.3804 -0.4126
vn -0.7503 0.5313 -0.3935
vn -0.7538 0.5249 -0.3953
vn -0.1004 0.8686 -0.4852
vn -0.1815 0.8689 -0.4605
vn -0.0000 0.8593 -0.5115
vn 0.1306 0.9368 0.3247
vn 0.1874 0.9287 0.3199
vn 0.2157 0.8371 0.5028
vn -0.0005 0.9438 0.3305
vn -0.0005 0.9438 0.3306
vn 0.1032 0.8379 0.5359
vn 0.1685 0.7840 0.5974
vn 0.1014 0.8047 0.5849
vn 0.1697 0.7843 0.5967
vn 0.1033 0.8054 0.5837
vn 0.0029 0.8259 0.5639
vn 0.0034 0.8262 0.5633
vn 0.0044 0.8203 0.5719
vn 0.0046 0.8197 0.5727
vn -0.2184 0.7594 0.6129
vn -0.1100 0.7928 0.5994
vn -0.8855 0.1519 0.4391
vn -0.9016 0.0875 0.4237
vn -0.8385 -0.3852 0.3853
vn -0.8370 -0.3884 0.3855
vn -0.8277 -0.3804 0.4126
vn -0.8265 -0.3837 0.4120
vn -0.7538 0.5249 0.3953
vn -0.7503 0.5313 0.3935
vn -0.1004 0.8686 0.4852
vn -0.1815 0.8689 0.4605
vn 0.0005 0.8593 0.5115
vn -0.0000 0.8593 0.5115
vn -0.1620 -0.9868 -0.0000
vn -0.1619 -0.9868 0.0005
vn -0.7673 -0.6413 0.0004
vn -0.7675 -0.6411 -0.0000
vn -0.4168 0.0796 -0.9055
vn -0.4171 -0.0963 -0.9038
vn -0.4166 -0.0962 -0.9040
vn -0.4041 0.0659 -0.9123
vn -0.4041 0.0669 -0.9123
vn -0.3914 -0.1129 -0.9133
vn -0.4166 -0.0962 0.9040
vn -0.4168 0.0796 0.9055
vn -0.4171 -0.0963 0.9038
vn -0.4041 0.0659 0.9123
vn -0.4041 0.0669 0.9123
vn -0.3914 -0.1129 0.9133
vn 0.2486 -0.3766 -0.8924
vn 0.2486 -0.3766 0.8924
vn 0.1630 0.9866 0.0005
vn 0.1629 0.9866 -0.0000
vn 0.1630 0.9866 -0.0000
vn 0.1631 0.9866 0.0005
vn -0.1803 0.9836 -0.0000
vn -0.1803 0.9836 0.0005
vn -0.9923 0.1237 0.0005
vn -0.9050 -0.4254 0.0005
vn -0.9050 -0.4254 -0.0000
vn -0.8203 0.5719 -0.0000
vn -0.8204 0.5719 0.0005
vn -0.1454 0.9894 -0.0000
vn -0.1453 0.9894 0.0005
vn -0.6366 -0.7712 0.0004
vn -0.6368 -0.7710 -0.0000
vn -0.6366 -0.7712 0.0002
vn -0.8563 0.0006 0.5165
vn -0.8565 0.0004 0.5162
vn -0.8566 -0.0000 0.5159
vn 0.5504 -0.8349 -0.0000
vn 0.5505 -0.8348 0.0003
vn -0.6366 0.7712 0.0004
vn -0.6368 0.7710 -0.0000
vn -0.9825 0.1861 0.0005
vn -0.9825 0.1862 0.0005
vn -0.9822 0.1880 0.0005
vn -0.9731 -0.2302 -0.0000
vn -0.9743 -0.2251 0.0007
vn -0.9743 -0.2251 0.0006
vn -0.8371 0.0581 0.5439
vn -0.8370 0.0577 0.5442
vn -0.8175 0.0310 0.5751
vn -0.8135 0.0249 0.5810
vn -0.8124 -0.0191 0.5828
vn -0.8172 -0.0239 0.5759
vn -0.8326 -0.0405 0.5523
vn -0.9808 0.0002 0.1953
vn -0.9807 -0.0000 0.1955
vn -0.8326 -0.0405 -0.5523
vn -0.8326 -0.0405 -0.5524
vn -0.8370 0.0577 -0.5442
vn -0.8371 0.0582 -0.5439
vn -0.8370 0.0582 -0.5441
vn -0.8715 -0.0000 -0.4903
vn -0.8715 -0.0000 0.4903
vn -0.8716 0.0009 0.4903
vn 0.7208 -0.6931 -0.0000
vn 0.7208 -0.6931 0.0005
vn -0.7208 -0.6932 0.0005
vn -0.7208 -0.6932 -0.0000
vn -0.9491 0.0005 -0.3150
vn -0.7935 -0.0000 -0.6086
vn -0.9647 0.0005 -0.2633
vn -0.7938 0.0004 -0.6082
vn 0.8995 0.4370 0.0002
vn 0.9260 0.3776 0.0005
vn 0.8996 0.4368 -0.0000
vn 0.9259 0.3777 0.0005
vn 0.9909 0.1343 0.0005
vn 0.9910 0.1342 0.0005
vn 1.0000 -0.0000 -0.0000
vn 0.9566 0.2912 -0.0000
vn 0.9566 0.2913 -0.0000
vn 0.9566 0.2914 0.0004
vn 0.4596 0.8881 -0.0000
vn 0.4596 0.6280 0.6280
vn 0.4596 0.6280 -0.6280
vn 0.4596 -0.0000 0.8881
vn 0.4598 0.0003 -0.8880
vn 0.4600 0.0006 0.8879
vn 0.4596 -0.0000 -0.8881
vn 0.4597 -0.6279 0.6280
vn 0.4597 -0.6279 -0.6280
vn 0.4597 -0.6280 0.6280
vn 0.4597 -0.6280 -0.6280
vn 0.4600 -0.8879 0.0006
vn 0.4597 -0.8881 -0.0000
vn 0.4597 0.8881 -0.0000
vn 0.4597 0.6280 0.6280
vn 0.4597 0.6279 -0.6280
vn 0.4597 0.6280 0.6279
vn 0.4597 0.6280 -0.6280
vn 0.4599 0.0006 0.8880
vn 0.4600 0.0007 -0.8879
vn 0.4597 -0.0000 0.8881
vn 0.4597 -0.0000 -0.8881
vn 0.4596 -0.6280 0.6280
vn 0.4599 -0.8880 0.0005
vt 0.000000 0.000000
s 1
f 1/1/1 2/1/1 3/1/1
f 4/1/1 3/1/1 2/1/1
f 2/1/1 1/1/1 5/1/1
f 3/1/1 4/1/1 6/1/1
f 1/1/1 7/1/1 5/1/1
f 8/1/1 6/1/1 4/1/1
f 1/1/1 9/1/1 7/1/1
f 6/1/1 8/1/1 10/1/1
f 11/1/1 7/1/1 9/1/1
f 12/1/1 10/1/1 8/1/1
f 7/1/1 11/1/1 13/1/1
f 12/1/1 8/1/1 14/1/1
f 15/1/1 13/1/1 11/1/1
f 14/1/1 16/1/1 12/1/1
f 11/1/1 16/1/1 15/1/1
f 16/1/1 14/1/1 15/1/1
f 17/1/2 18/1/3 19/1/4
f 20/1/5 18/1/3 17/1/2
f 18/1/3 21/1/6 19/1/4
f 18/1/3 20/1/5 22/1/7
f 23/1/8 19/1/4 21/1/6
f 24/1/9 22/1/7 20/1/5
f 19/1/4 23/1/8 25/1/10
f 26/1/11 24/1/9 20/1/5
f 23/1/8 27/1/12 25/1/10
f 28/1/13 24/1/9 26/1/11
f 27/1/12 23/1/8 29/1/14
f 24/1/9 28/1/13 30/1/15
f 31/1/16 27/1/12 29/1/14
f 31/1/16 30/1/15 28/1/13
f 27/1/12 31/1/16 32/1/16
f 32/1/16 31/1/16 28/1/13
f 33/1/1 34/1/1 35/1/1
f 34/1/1 33/1/1 36/1/1
f 37/1/17 38/1/18 39/1/19
f 38/1/18 37/1/17 40/1/20
f 40/1/20 41/1/21 38/1/18
f 39/1/19 42/1/22 37/1/17
f 42/1/22 39/1/19 43/1/23
f 41/1/21 40/1/20 44/1/24
f 37/1/17 44/1/24 40/1/20
f 44/1/24 45/1/25 41/1/21
f 45/1/25 44/1/24 46/1/26
f 45/1/25 46/1/26 47/1/27
f 44/1/24 48/1/28 46/1/26
f 48/1/28 47/1/27 46/1/26
f 37/1/17 48/1/28 44/1/24
f 47/1/27 48/1/28 49/1/29
f 50/1/30 37/1/17 42/1/22
f 43/1/23 50/1/30 42/1/22
f 48/1/28 37/1/17 50/1/30
f 50/1/30 43/1/23 51/1/31
f 52/1/32 49/1/29 48/1/28
f 48/1/28 50/1/30 52/1/32
f 52/1/32 51/1/31 49/1/29
f 51/1/31 52/1/32 50/1/30
f 53/1/33 54/1/34 55/1/33
f 54/1/34 53/1/33 56/1/35
f 54/1/34 56/1/35 57/1/36
f 57/1/36 56/1/35 58/1/36
f 59/1/1 60/1/1 61/1/37
f 62/1/1 61/1/37 60/1/1
f 59/1/1 61/1/37 63/1/1
f 63/1/1 64/1/1 59/1/1
f 61/1/37 62/1/1 65/1/1
f 66/1/1 65/1/1 62/1/1
f 61/1/37 67/1/37 63/1/1
f 64/1/1 63/1/1 67/1/37
f 68/1/37 61/1/37 65/1/1
f 65/1/1 66/1/1 68/1/37
f 67/1/37 61/1/37 68/1/37
f 69/1/1 68/1/37 66/1/1
f 66/1/1 70/1/1 69/1/1
f 71/1/37 68/1/37 69/1/1
f 70/1/1 71/1/37 69/1/1
f 68/1/37 71/1/37 67/1/37
f 71/1/37 70/1/1 72/1/1
f 73/1/1 64/1/1 67/1/37
f 67/1/37 71/1/37 73/1/1
f 64/1/1 73/1/1 74/1/1
f 74/1/1 71/1/37 72/1/1
f 71/1/37 74/1/1 73/1/1
f 75/1/3 76/1/3 77/1/38
f 78/1/39 76/1/3 75/1/3
f 76/1/3 79/1/40 77/1/38
f 76/1/3 78/1/39 80/1/41
f 81/1/42 77/1/38 79/1/40
f 82/1/11 80/1/41 78/1/39
f 77/1/38 81/1/42 83/1/43
f 84/1/44 82/1/11 78/1/39
f 81/1/42 85/1/45 83/1/43
f 86/1/46 82/1/11 84/1/44
f 85/1/45 81/1/42 87/1/47
f 82/1/11 86/1/46 88/1/46
f 89/1/48 85/1/45 87/1/47
f 89/1/48 88/1/46 86/1/46
f 85/1/45 89/1/48 90/1/16
f 90/1/16 89/1/48 86/1/46
f 91/1/37 92/1/49 93/1/49
f 92/1/49 94/1/1 93/1/49
f 94/1/1 92/1/49 95/1/1
f 96/1/1 91/1/37 93/1/49
f 91/1/37 96/1/1 97/1/37
f 98/1/1 97/1/37 96/1/1
f 98/1/1 99/1/1 97/1/37
f 100/1/1 97/1/37 99/1/1
f 97/1/37 101/1/1 91/1/37
f 101/1/1 102/1/1 91/1/37
f 102/1/1 101/1/1 103/1/1
f 103/1/1 101/1/1 104/1/1
f 105/1/50 106/1/50 107/1/50
f 105/1/50 107/1/50 108/1/51
f 109/1/52 110/1/53 111/1/54
f 110/1/53 109/1/52 112/1/55
f 113/1/56 111/1/54 110/1/53
f 111/1/54 113/1/56 114/1/56
f 115/1/57 116/1/58 117/1/59
f 117/1/59 118/1/57 115/1/57
f 116/1/58 119/1/60 117/1/59
f 116/1/58 120/1/61 119/1/60
f 121/1/62 122/1/63 123/1/64
f 124/1/65 123/1/64 122/1/63
f 122/1/63 121/1/62 125/1/62
f 124/1/65 122/1/63 126/1/66
f 127/1/67 125/1/62 121/1/62
f 128/1/68 124/1/65 126/1/66
f 121/1/62 129/1/69 127/1/67
f 124/1/65 128/1/68 130/1/70
f 131/1/71 127/1/67 129/1/69
f 132/1/72 130/1/70 128/1/68
f 127/1/67 131/1/71 133/1/73
f 132/1/72 128/1/68 134/1/74
f 131/1/71 135/1/75 133/1/73
f 135/1/75 132/1/72 134/1/74
f 131/1/71 136/1/75 135/1/75
f 132/1/72 135/1/75 136/1/75
f 137/1/62 138/1/76 139/1/76
f 140/1/65 139/1/76 138/1/76
f 138/1/76 137/1/62 141/1/62
f 140/1/65 138/1/76 142/1/77
f 143/1/78 141/1/62 137/1/62
f 144/1/68 140/1/65 142/1/77
f 137/1/62 145/1/78 143/1/78
f 140/1/65 144/1/68 146/1/79
f 147/1/73 143/1/78 145/1/78
f 148/1/80 146/1/79 144/1/68
f 143/1/78 147/1/73 149/1/81
f 148/1/80 144/1/68 150/1/72
f 147/1/73 151/1/82 149/1/81
f 151/1/82 148/1/80 150/1/72
f 147/1/73 152/1/82 151/1/82
f 148/1/80 151/1/82 152/1/82
f 153/1/83 154/1/83 155/1/84
f 156/1/83 155/1/84 154/1/83
f 157/1/85 158/1/86 159/1/86
f 157/1/85 159/1/86 160/1/86
f 161/1/87 162/1/87 163/1/87
f 162/1/87 161/1/87 164/1/87
f 165/1/88 166/1/89 167/1/89
f 167/1/89 166/1/89 168/1/88
f 169/1/90 170/1/91 171/1/92
f 170/1/91 169/1/90 172/1/93
f 173/1/94 171/1/92 170/1/91
f 174/1/90 172/1/93 169/1/90
f 171/1/92 173/1/94 175/1/95
f 176/1/19 175/1/95 173/1/94
f 176/1/19 173/1/94 177/1/19
f 172/1/93 174/1/90 178/1/93
f 179/1/96 178/1/93 174/1/90
f 178/1/93 179/1/96 180/1/97
f 181/1/96 180/1/97 179/1/96
f 180/1/97 181/1/96 182/1/97
f 183/1/98 182/1/97 181/1/96
f 182/1/97 183/1/98 184/1/99
f 185/1/100 184/1/99 183/1/98
f 184/1/99 185/1/100 186/1/100
f 187/1/101 186/1/100 185/1/100
f 186/1/100 187/1/101 188/1/101
f 189/1/101 188/1/101 187/1/101
f 188/1/101 189/1/101 190/1/33
f 191/1/33 190/1/33 189/1/101
f 190/1/33 191/1/33 192/1/33
f 193/1/33 192/1/33 191/1/33
f 192/1/33 193/1/33 194/1/33
f 195/1/102 196/1/103 197/1/103
f 196/1/103 195/1/102 198/1/103
f 199/1/104 200/1/104 201/1/104
f 199/1/104 201/1/104 202/1/104
f 203/1/105 204/1/106 205/1/107
f 206/1/108 205/1/107 204/1/106
f 204/1/106 207/1/109 206/1/108
f 204/1/106 203/1/105 208/1/110
f 203/1/105 209/1/111 208/1/110
f 203/1/105 210/1/112 209/1/111
f 210/1/112 211/1/113 209/1/111
f 210/1/112 212/1/114 211/1/113
f 213/1/115 211/1/113 212/1/114
f 212/1/114 214/1/116 213/1/115
f 214/1/116 215/1/117 213/1/115
f 214/1/116 216/1/118 215/1/117
f 217/1/119 215/1/117 216/1/118
f 215/1/117 217/1/119 218/1/120
f 219/1/121 218/1/120 217/1/119
f 217/1/119 220/1/122 219/1/121
f 220/1/122 221/1/123 219/1/121
f 220/1/122 222/1/124 221/1/123
f 222/1/124 223/1/125 221/1/123
f 223/1/125 222/1/124 224/1/126
f 224/1/126 225/1/127 223/1/125
f 225/1/127 224/1/126 226/1/128
f 227/1/129 225/1/127 226/1/128
f 225/1/127 227/1/129 228/1/130
f 229/1/131 230/1/132 231/1/133
f 230/1/132 229/1/131 232/1/134
f 229/1/131 233/1/135 232/1/134
f 229/1/131 234/1/136 233/1/135
f 235/1/137 233/1/135 234/1/136
f 233/1/135 235/1/137 236/1/138
f 237/1/139 236/1/138 235/1/137
f 236/1/138 237/1/139 238/1/140
f 239/1/141 238/1/140 237/1/139
f 238/1/140 239/1/141 240/1/142
f 239/1/141 241/1/143 240/1/142
f 239/1/141 242/1/144 241/1/143
f 242/1/144 243/1/145 241/1/143
f 242/1/144 244/1/146 243/1/145
f 245/1/147 243/1/145 244/1/146
f 243/1/145 245/1/147 246/1/148
f 247/1/149 246/1/148 245/1/147
f 246/1/148 247/1/149 248/1/149
f 247/1/149 249/1/150 248/1/149
f 247/1/149 250/1/151 249/1/150
f 250/1/151 251/1/152 249/1/150
f 250/1/151 252/1/153 251/1/152
f 252/1/153 253/1/154 251/1/152
f 252/1/153 254/1/155 253/1/154
f 255/1/156 256/1/157 257/1/158
f 255/1/156 257/1/158 258/1/159
f 259/1/160 260/1/161 261/1/162
f 260/1/161 259/1/160 262/1/163
f 263/1/164 264/1/165 265/1/165
f 263/1/164 265/1/165 266/1/165
f 267/1/166 268/1/166 269/1/167
f 268/1/166 267/1/166 270/1/168
f 271/1/169 272/1/170 273/1/171
f 273/1/171 274/1/172 271/1/169
f 273/1/171 275/1/172 274/1/172
f 272/1/170 271/1/169 276/1/173
f 277/1/174 272/1/170 276/1/173
f 277/1/174 276/1/173 278/1/175
f 279/1/176 280/1/19 281/1/19
f 279/1/176 281/1/19 282/1/177
f 282/1/177 283/1/33 279/1/176
f 283/1/33 282/1/177 284/1/33
f 280/1/19 285/1/178 281/1/19
f 280/1/19 286/1/179 285/1/178
f 287/1/1 285/1/178 286/1/179
f 285/1/178 287/1/1 288/1/1
f 289/1/180 290/1/180 291/1/180
f 291/1/180 292/1/180 289/1/180
f 293/1/181 294/1/181 295/1/181
f 294/1/181 293/1/181 296/1/181
f 297/1/19 298/1/19 299/1/19
f 297/1/19 299/1/19 300/1/19
f 301/1/27 302/1/27 303/1/27
f 301/1/27 303/1/27 304/1/27
f 305/1/27 306/1/27 307/1/27
f 306/1/27 305/1/27 308/1/27
f 309/1/27 310/1/27 311/1/27
f 309/1/27 311/1/27 312/1/27
f 313/1/19 314/1/19 315/1/19
f 313/1/19 315/1/19 316/1/19
f 317/1/27 318/1/27 319/1/27
f 317/1/27 319/1/27 320/1/27
f 321/1/182 322/1/183 323/1/184
f 322/1/183 324/1/184 323/1/184
f 322/1/183 325/1/19 324/1/184
f 322/1/183 326/1/19 325/1/19
f 323/1/184 327/1/185 321/1/182
f 328/1/186 321/1/182 327/1/185
f 328/1/186 327/1/185 329/1/93
f 330/1/90 328/1/186 329/1/93
f 330/1/90 329/1/93 331/1/187
f 332/1/188 330/1/90 331/1/187
f 332/1/188 331/1/187 333/1/188
f 333/1/188 331/1/187 334/1/189
f 334/1/189 335/1/19 333/1/188
f 336/1/19 333/1/188 335/1/19
f 337/1/19 338/1/19 339/1/19
f 337/1/19 339/1/19 340/1/19
f 341/1/190 342/1/191 343/1/192
f 342/1/191 341/1/190 344/1/191
f 345/1/193 341/1/190 343/1/192
f 341/1/190 345/1/193 346/1/194
f 347/1/195 346/1/194 345/1/193
f 348/1/195 346/1/194 347/1/195
f 349/1/196 350/1/197 351/1/198
f 350/1/197 349/1/196 352/1/199
f 350/1/197 353/1/200 351/1/198
f 353/1/200 350/1/197 354/1/201
f 354/1/201 355/1/202 353/1/200
f 354/1/201 356/1/203 355/1/202
f 357/1/202 355/1/202 356/1/203
f 355/1/202 357/1/202 358/1/203
f 359/1/204 358/1/203 357/1/202
f 357/1/202 360/1/205 359/1/204
f 361/1/206 359/1/204 360/1/205
f 359/1/204 361/1/206 362/1/207
f 363/1/208 362/1/207 361/1/206
f 361/1/206 364/1/208 363/1/208
f 365/1/209 366/1/210 367/1/209
f 367/1/209 366/1/210 368/1/211
f 366/1/210 369/1/212 368/1/211
f 369/1/212 366/1/210 370/1/213
f 370/1/213 371/1/214 369/1/212
f 370/1/213 372/1/214 371/1/214
f 373/1/215 374/1/216 375/1/217
f 373/1/215 375/1/217 376/1/218
f 377/1/219 373/1/215 376/1/218
f 373/1/215 377/1/219 378/1/220
f 379/1/221 378/1/220 377/1/219
f 378/1/220 379/1/221 380/1/222
f 381/1/221 380/1/222 379/1/221
f 379/1/221 382/1/223 381/1/221
f 383/1/224 381/1/221 382/1/223
f 381/1/221 383/1/224 384/1/225
f 385/1/226 384/1/225 383/1/224
f 383/1/224 386/1/227 385/1/226
f 387/1/228 385/1/226 386/1/227
f 385/1/226 387/1/228 388/1/229
f 389/1/230 390/1/231 391/1/232
f 389/1/230 391/1/232 392/1/233
f 393/1/234 389/1/230 392/1/233
f 393/1/234 392/1/233 394/1/234
f 390/1/231 395/1/235 391/1/232
f 390/1/231 396/1/236 395/1/235
f 397/1/235 395/1/235 396/1/236
f 395/1/235 397/1/235 398/1/237
f 399/1/238 398/1/237 397/1/235
f 398/1/237 399/1/238 400/1/239
f 399/1/238 401/1/240 400/1/239
f 399/1/238 402/1/241 401/1/240
f 402/1/241 403/1/242 401/1/240
f 401/1/240 403/1/242 404/1/243
f 405/1/244 406/1/245 407/1/246
f 408/1/247 407/1/246 406/1/245
f 407/1/246 408/1/247 409/1/247
f 406/1/245 405/1/244 410/1/248
f 411/1/249 410/1/248 405/1/244
f 410/1/248 411/1/249 412/1/250
f 413/1/249 412/1/250 411/1/249
f 411/1/249 414/1/251 413/1/249
f 414/1/251 415/1/252 413/1/249
f 414/1/251 416/1/253 415/1/252
f 417/1/254 415/1/252 416/1/253
f 415/1/252 417/1/254 418/1/255
f 417/1/254 419/1/256 418/1/255
f 419/1/256 417/1/254 420/1/257
f 421/1/33 422/1/258 423/1/259
f 421/1/33 423/1/259 424/1/33
f 423/1/259 422/1/258 425/1/260
f 425/1/260 426/1/261 423/1/259
f 425/1/260 427/1/262 426/1/261
f 427/1/262 425/1/260 428/1/263
f 429/1/264 427/1/262 428/1/263
f 427/1/262 429/1/264 430/1/262
f 431/1/265 430/1/262 429/1/264
f 430/1/262 431/1/265 432/1/266
f 431/1/265 433/1/267 432/1/266
f 433/1/267 431/1/265 434/1/268
f 435/1/27 433/1/267 434/1/268
f 433/1/267 435/1/27 436/1/27
f 437/1/21 438/1/21 439/1/21
f 437/1/21 440/1/21 438/1/21
f 440/1/21 437/1/21 441/1/21
f 437/1/21 439/1/21 442/1/21
f 439/1/21 443/1/21 442/1/21
f 443/1/21 439/1/21 444/1/21
f 443/1/21 444/1/21 445/1/21
f 446/1/21 443/1/21 445/1/21
f 445/1/21 447/1/21 446/1/21
f 447/1/21 445/1/21 448/1/21
f 449/1/21 447/1/21 448/1/21
f 449/1/21 450/1/21 447/1/21
f 451/1/21 450/1/21 449/1/21
f 450/1/21 451/1/21 452/1/21
f 451/1/21 453/1/269 452/1/21
f 453/1/269 451/1/21 454/1/21
f 454/1/21 455/1/21 453/1/269
f 455/1/21 454/1/21 456/1/269
f 456/1/269 457/1/21 455/1/21
f 457/1/21 456/1/269 458/1/21
f 459/1/21 457/1/21 458/1/21
f 459/1/21 460/1/21 457/1/21
f 460/1/21 459/1/21 461/1/21
f 461/1/21 462/1/21 460/1/21
f 463/1/31 464/1/31 465/1/31
f 463/1/31 465/1/31 466/1/31
f 467/1/31 463/1/31 466/1/31
f 464/1/31 463/1/31 468/1/31
f 469/1/31 464/1/31 468/1/31
f 464/1/31 469/1/31 470/1/31
f 469/1/31 471/1/31 470/1/31
f 471/1/31 469/1/31 472/1/31
f 473/1/31 471/1/31 472/1/31
f 471/1/31 473/1/31 474/1/31
f 473/1/31 475/1/31 474/1/31
f 475/1/31 473/1/31 476/1/31
f 476/1/31 477/1/31 475/1/31
f 477/1/31 476/1/31 478/1/31
f 477/1/31 478/1/31 479/1/270
f 479/1/270 480/1/31 477/1/31
f 479/1/270 481/1/31 480/1/31
f 480/1/31 481/1/31 482/1/270
f 482/1/270 481/1/31 483/1/31
f 482/1/270 483/1/31 484/1/31
f 483/1/31 485/1/31 484/1/31
f 485/1/31 483/1/31 486/1/31
f 486/1/31 487/1/31 485/1/31
f 487/1/31 486/1/31 488/1/31
f 489/1/271 490/1/272 491/1/273
f 489/1/271 491/1/273 492/1/271
f 493/1/274 494/1/275 495/1/274
f 493/1/274 495/1/274 496/1/274
f 497/1/276 498/1/276 499/1/277
f 500/1/276 498/1/276 497/1/276
f 501/1/278 500/1/276 497/1/276
f 502/1/21 503/1/21 504/1/21
f 503/1/21 502/1/21 505/1/21
f 502/1/21 506/1/21 505/1/21
f 505/1/21 506/1/21 507/1/21
f 508/1/269 509/1/269 510/1/21
f 511/1/21 510/1/21 509/1/269
f 509/1/269 508/1/269 512/1/21
f 510/1/21 511/1/21 513/1/21
f 514/1/21 512/1/21 508/1/269
f 515/1/21 513/1/21 511/1/21
f 512/1/21 514/1/21 516/1/21
f 517/1/21 512/1/21 516/1/21
f 516/1/21 518/1/21 517/1/21
f 519/1/21 515/1/21 511/1/21
f 515/1/21 519/1/21 520/1/21
f 520/1/21 521/1/21 515/1/21
f 522/1/21 521/1/21 520/1/21
f 521/1/21 522/1/21 523/1/21
f 524/1/31 525/1/31 526/1/31
f 527/1/31 525/1/31 524/1/31
f 525/1/31 527/1/31 528/1/31
f 528/1/31 527/1/31 529/1/31
f 530/1/21 531/1/21 532/1/279
f 531/1/21 530/1/21 533/1/21
f 533/1/21 534/1/21 531/1/21
f 534/1/21 533/1/21 535/1/21
f 536/1/21 532/1/279 531/1/21
f 537/1/21 532/1/279 536/1/21
f 532/1/279 537/1/21 538/1/269
f 539/1/21 532/1/279 538/1/269
f 538/1/269 540/1/21 539/1/21
f 539/1/21 540/1/21 541/1/21
f 542/1/21 539/1/21 541/1/21
f 542/1/21 541/1/21 543/1/21
f 540/1/21 544/1/21 541/1/21
f 544/1/21 540/1/21 545/1/21
f 546/1/31 547/1/31 548/1/31
f 547/1/31 546/1/31 549/1/31
f 550/1/31 549/1/31 546/1/31
f 549/1/31 550/1/31 551/1/31
f 552/1/270 549/1/31 551/1/31
f 551/1/31 553/1/31 552/1/270
f 554/1/31 552/1/270 553/1/31
f 554/1/31 553/1/31 555/1/31
f 556/1/31 554/1/31 555/1/31
f 554/1/31 556/1/31 557/1/31
f 557/1/31 556/1/31 558/1/31
f 559/1/31 558/1/31 556/1/31
f 559/1/31 560/1/31 558/1/31
f 560/1/31 559/1/31 561/1/31
f 562/1/31 563/1/31 564/1/31
f 564/1/31 563/1/31 565/1/31
f 566/1/31 564/1/31 565/1/31
f 563/1/31 562/1/31 567/1/280
f 567/1/280 568/1/31 563/1/31
f 568/1/31 567/1/280 569/1/31
f 567/1/280 570/1/31 569/1/31
f 567/1/280 571/1/31 570/1/31
f 572/1/31 570/1/31 571/1/31
f 571/1/31 567/1/280 573/1/280
f 571/1/31 573/1/280 574/1/31
f 572/1/31 575/1/280 570/1/31
f 575/1/280 572/1/31 576/1/31
f 573/1/280 577/1/280 574/1/31
f 577/1/280 575/1/280 576/1/31
f 577/1/280 573/1/280 578/1/31
f 579/1/31 578/1/31 573/1/280
f 578/1/31 579/1/31 580/1/31
f 578/1/31 581/1/31 577/1/280
f 575/1/280 577/1/280 581/1/31
f 575/1/280 581/1/31 582/1/31
f 583/1/281 584/1/281 585/1/281
f 584/1/281 583/1/281 586/1/281
f 587/1/23 588/1/23 589/1/19
f 590/1/19 589/1/19 588/1/23
f 588/1/23 587/1/23 591/1/282
f 589/1/19 590/1/19 592/1/283
f 593/1/270 591/1/282 587/1/23
f 594/1/18 592/1/283 590/1/19
f 591/1/282 593/1/270 595/1/29
f 592/1/283 594/1/18 596/1/284
f 597/1/29 595/1/29 593/1/270
f 598/1/269 596/1/284 594/1/18
f 597/1/29 599/1/27 595/1/29
f 596/1/284 598/1/269 600/1/25
f 599/1/27 597/1/29 601/1/27
f 602/1/25 600/1/25 598/1/269
f 601/1/27 602/1/25 599/1/27
f 602/1/25 601/1/27 600/1/25
f 603/1/285 604/1/286 605/1/287
f 606/1/288 605/1/287 604/1/286
f 604/1/286 603/1/285 607/1/289
f 606/1/288 604/1/286 608/1/290
f 609/1/291 607/1/289 603/1/285
f 610/1/290 606/1/288 608/1/290
f 607/1/289 609/1/291 611/1/292
f 608/1/290 612/1/293 610/1/290
f 613/1/294 610/1/290 612/1/293
f 610/1/290 613/1/294 614/1/295
f 609/1/291 615/1/291 611/1/292
f 615/1/291 609/1/291 616/1/296
f 617/1/297 615/1/291 616/1/296
f 616/1/296 618/1/297 617/1/297
f 618/1/297 619/1/298 617/1/297
f 619/1/298 618/1/297 620/1/297
f 621/1/21 622/1/21 623/1/21
f 622/1/21 621/1/21 624/1/21
f 625/1/21 624/1/21 621/1/21
f 621/1/21 626/1/21 625/1/21
f 627/1/299 628/1/300 629/1/301
f 628/1/300 630/1/302 629/1/301
f 628/1/300 627/1/299 631/1/303
f 630/1/302 628/1/300 632/1/304
f 633/1/305 631/1/303 627/1/299
f 634/1/306 630/1/302 632/1/304
f 631/1/303 633/1/305 635/1/307
f 636/1/308 635/1/307 633/1/305
f 633/1/305 637/1/309 636/1/308
f 634/1/306 632/1/304 638/1/310
f 639/1/311 634/1/306 638/1/310
f 634/1/306 639/1/311 640/1/310
f 641/1/312 640/1/310 639/1/311
f 640/1/310 641/1/312 642/1/313
f 641/1/312 643/1/312 642/1/313
f 644/1/312 642/1/313 643/1/312
f 645/1/31 646/1/31 647/1/31
f 646/1/31 648/1/31 647/1/31
f 649/1/31 646/1/31 645/1/31
f 646/1/31 649/1/31 650/1/31
f 651/1/31 652/1/31 653/1/31
f 652/1/31 651/1/31 654/1/31
f 655/1/314 656/1/315 657/1/316
f 656/1/315 655/1/314 658/1/317
f 659/1/318 660/1/318 661/1/318
f 660/1/318 659/1/318 662/1/319
f 663/1/320 664/1/321 665/1/322
f 664/1/321 663/1/320 666/1/321
f 665/1/322 667/1/323 663/1/320
f 667/1/323 665/1/322 668/1/324
f 669/1/325 667/1/323 668/1/324
f 669/1/325 670/1/325 667/1/323
f 671/1/21 670/1/325 669/1/325
f 671/1/21 672/1/21 670/1/325
f 673/1/21 674/1/21 675/1/21
f 674/1/21 673/1/21 676/1/21
f 676/1/21 673/1/21 677/1/21
f 677/1/21 678/1/21 676/1/21
f 676/1/21 678/1/21 679/1/21
f 677/1/21 680/1/21 678/1/21
f 679/1/21 678/1/21 681/1/21
f 682/1/21 679/1/21 681/1/21
f 681/1/21 683/1/21 682/1/21
f 680/1/21 677/1/21 684/1/21
f 684/1/21 685/1/21 680/1/21
f 685/1/21 684/1/21 686/1/21
f 687/1/326 688/1/327 689/1/327
f 688/1/327 687/1/326 690/1/328
f 691/1/329 690/1/328 687/1/326
f 690/1/328 691/1/329 692/1/330
f 692/1/330 691/1/329 693/1/331
f 692/1/330 693/1/331 694/1/331
f 694/1/331 693/1/331 695/1/31
f 694/1/331 695/1/31 696/1/31
f 697/1/31 698/1/31 699/1/31
f 698/1/31 697/1/31 700/1/31
f 701/1/31 697/1/31 699/1/31
f 699/1/31 702/1/31 701/1/31
f 702/1/31 699/1/31 703/1/31
f 701/1/31 702/1/31 704/1/31
f 702/1/31 703/1/31 705/1/31
f 703/1/31 706/1/31 705/1/31
f 707/1/31 705/1/31 706/1/31
f 701/1/31 704/1/31 708/1/31
f 704/1/31 709/1/31 708/1/31
f 709/1/31 704/1/31 710/1/31
f 711/1/19 712/1/332 713/1/333
f 712/1/332 711/1/19 714/1/19
f 713/1/333 712/1/332 715/1/334
f 715/1/334 712/1/332 716/1/332
f 717/1/335 715/1/334 716/1/332
f 715/1/334 717/1/335 718/1/336
f 718/1/336 717/1/335 719/1/337
f 719/1/337 717/1/335 720/1/335
f 720/1/335 721/1/99 719/1/337
f 722/1/98 719/1/337 721/1/99
f 722/1/98 721/1/99 723/1/338
f 724/1/339 722/1/98 723/1/338
f 724/1/339 723/1/338 725/1/340
f 726/1/19 724/1/339 725/1/340
f 725/1/340 727/1/19 726/1/19
f 728/1/19 726/1/19 727/1/19
f 729/1/21 730/1/21 731/1/21
f 730/1/21 729/1/21 732/1/21
f 733/1/21 730/1/21 732/1/21
f 730/1/21 733/1/21 734/1/21
f 735/1/31 736/1/31 737/1/31
f 737/1/31 738/1/31 735/1/31
f 739/1/31 735/1/31 738/1/31
f 735/1/31 739/1/31 740/1/31
f 741/1/341 742/1/342 743/1/342
f 741/1/341 743/1/342 744/1/343
f 745/1/344 741/1/341 744/1/343
f 741/1/341 745/1/344 746/1/344
f 747/1/345 748/1/346 749/1/347
f 748/1/346 747/1/345 750/1/348
f 747/1/345 751/1/349 750/1/348
f 747/1/345 752/1/349 751/1/349
f 753/1/350 754/1/351 755/1/352
f 754/1/351 753/1/350 756/1/353
f 757/1/354 755/1/352 754/1/351
f 754/1/351 758/1/355 757/1/354
f 759/1/356 757/1/354 758/1/355
f 757/1/354 759/1/356 760/1/357
f 761/1/356 760/1/357 759/1/356
f 759/1/356 762/1/358 761/1/356
f 763/1/359 761/1/356 762/1/358
f 763/1/359 762/1/358 764/1/360
f 765/1/359 763/1/359 764/1/360
f 763/1/359 765/1/359 766/1/361
f 767/1/362 766/1/361 765/1/359
f 768/1/362 766/1/361 767/1/362
f 769/1/363 770/1/19 771/1/18
f 770/1/19 769/1/363 772/1/19
f 771/1/18 773/1/21 769/1/363
f 772/1/19 774/1/23 770/1/19
f 773/1/21 771/1/18 775/1/21
f 774/1/23 772/1/19 776/1/23
f 775/1/21 777/1/25 773/1/21
f 776/1/23 778/1/31 774/1/23
f 777/1/25 775/1/21 779/1/25
f 778/1/31 776/1/23 780/1/31
f 777/1/25 779/1/25 781/1/27
f 780/1/31 782/1/29 778/1/31
f 783/1/27 781/1/27 779/1/25
f 782/1/29 780/1/31 784/1/29
f 781/1/27 783/1/27 784/1/29
f 782/1/29 784/1/29 783/1/27
f 785/1/364 786/1/365 787/1/366
f 787/1/366 788/1/367 785/1/364
f 789/1/368 785/1/364 788/1/367
f 785/1/364 789/1/368 790/1/369
f 791/1/370 790/1/369 789/1/368
f 789/1/368 792/1/371 791/1/370
f 793/1/370 791/1/370 792/1/371
f 791/1/370 793/1/370 794/1/372
f 795/1/373 794/1/372 793/1/370
f 794/1/372 795/1/373 796/1/374
f 795/1/373 797/1/373 796/1/374
f 797/1/373 795/1/373 798/1/375
f 799/1/376 797/1/373 798/1/375
f 798/1/375 800/1/376 799/1/376
f 801/1/21 802/1/21 803/1/21
f 801/1/21 803/1/21 804/1/21
f 805/1/18 806/1/19 807/1/18
f 806/1/19 805/1/18 808/1/19
f 807/1/18 809/1/21 805/1/18
f 808/1/19 810/1/23 806/1/19
f 809/1/21 807/1/18 811/1/21
f 810/1/23 808/1/19 812/1/23
f 811/1/21 813/1/25 809/1/21
f 812/1/23 814/1/31 810/1/23
f 813/1/25 811/1/21 815/1/25
f 814/1/31 812/1/23 816/1/31
f 813/1/25 815/1/25 817/1/27
f 816/1/31 818/1/29 814/1/31
f 819/1/27 817/1/27 815/1/25
f 818/1/29 816/1/31 820/1/29
f 817/1/27 819/1/27 820/1/29
f 818/1/29 820/1/29 819/1/27
f 821/1/31 822/1/31 823/1/31
f 821/1/31 823/1/31 824/1/31
f 825/1/23 826/1/23 827/1/19
f 828/1/19 827/1/19 826/1/23
f 826/1/23 825/1/23 829/1/31
f 827/1/19 828/1/19 830/1/18
f 831/1/31 829/1/31 825/1/23
f 832/1/18 830/1/18 828/1/19
f 829/1/31 831/1/31 833/1/29
f 830/1/18 832/1/18 834/1/269
f 835/1/29 833/1/29 831/1/31
f 836/1/269 834/1/269 832/1/18
f 835/1/29 837/1/27 833/1/29
f 834/1/269 836/1/269 838/1/25
f 837/1/27 835/1/29 839/1/27
f 840/1/25 838/1/25 836/1/269
f 839/1/27 840/1/25 837/1/27
f 840/1/25 839/1/27 838/1/25
f 841/1/18 842/1/19 843/1/18
f 842/1/19 841/1/18 844/1/19
f 843/1/18 845/1/21 841/1/18
f 844/1/19 846/1/23 842/1/19
f 845/1/21 843/1/18 847/1/21
f 846/1/23 844/1/19 848/1/23
f 847/1/21 849/1/25 845/1/21
f 848/1/23 850/1/31 846/1/23
f 849/1/25 847/1/21 851/1/25
f 850/1/31 848/1/23 852/1/31
f 849/1/25 851/1/25 853/1/27
f 852/1/31 854/1/29 850/1/31
f 855/1/27 853/1/27 851/1/25
f 854/1/29 852/1/31 856/1/29
f 853/1/27 855/1/27 856/1/29
f 854/1/29 856/1/29 855/1/27
f 857/1/23 858/1/23 859/1/31
f 860/1/19 858/1/23 857/1/23
f 857/1/23 859/1/31 861/1/31
f 860/1/19 862/1/19 858/1/23
f 861/1/31 859/1/31 863/1/29
f 864/1/18 862/1/19 860/1/19
f 861/1/31 863/1/29 865/1/29
f 864/1/18 866/1/18 862/1/19
f 867/1/27 865/1/29 863/1/29
f 868/1/21 866/1/18 864/1/18
f 867/1/27 869/1/27 865/1/29
f 868/1/21 870/1/21 866/1/18
f 871/1/25 869/1/27 867/1/27
f 872/1/25 870/1/21 868/1/21
f 871/1/25 872/1/25 869/1/27
f 872/1/25 871/1/25 870/1/21
f 873/1/27 874/1/377 875/1/378
f 873/1/27 875/1/378 876/1/27
f 874/1/377 877/1/379 875/1/378
f 878/1/379 877/1/379 874/1/377
f 879/1/380 880/1/381 881/1/382
f 880/1/381 879/1/380 882/1/382
f 883/1/383 884/1/384 885/1/384
f 883/1/383 885/1/384 886/1/385
f 887/1/386 883/1/383 886/1/385
f 887/1/386 886/1/385 888/1/387
f 889/1/388 890/1/389 891/1/390
f 890/1/389 889/1/388 892/1/391
f 893/1/392 891/1/390 890/1/389
f 891/1/390 893/1/392 894/1/392
f 895/1/18 896/1/19 897/1/18
f 896/1/19 895/1/18 898/1/19
f 897/1/18 899/1/21 895/1/18
f 898/1/19 900/1/23 896/1/19
f 899/1/21 897/1/18 901/1/21
f 900/1/23 898/1/19 902/1/23
f 901/1/21 903/1/25 899/1/21
f 902/1/23 904/1/31 900/1/23
f 903/1/25 901/1/21 905/1/25
f 904/1/31 902/1/23 906/1/31
f 903/1/25 905/1/25 907/1/393
f 906/1/31 908/1/394 904/1/31
f 909/1/393 907/1/393 905/1/25
f 908/1/394 906/1/31 910/1/29
f 907/1/393 909/1/393 910/1/29
f 908/1/394 910/1/29 909/1/393
f 911/1/395 912/1/396 913/1/395
f 912/1/396 911/1/395 914/1/396
f 915/1/397 913/1/395 912/1/396
f 916/1/398 914/1/396 911/1/395
f 913/1/395 915/1/397 917/1/399
f 914/1/396 916/1/398 918/1/400
f 917/1/399 915/1/397 919/1/399
f 920/1/401 918/1/400 916/1/398
f 919/1/399 915/1/397 921/1/402
f 922/1/27 919/1/399 921/1/402
f 922/1/27 921/1/402 923/1/27
f 918/1/400 920/1/401 924/1/403
f 920/1/401 925/1/27 924/1/403
f 920/1/401 926/1/27 925/1/27
f 927/1/404 928/1/404 929/1/404
f 928/1/404 927/1/404 930/1/404
f 931/1/405 932/1/406 933/1/407
f 932/1/406 931/1/405 934/1/408
f 935/1/409 933/1/407 932/1/406
f 933/1/407 935/1/409 936/1/410
f 935/1/409 937/1/411 936/1/410
f 935/1/409 938/1/412 937/1/411
f 939/1/413 937/1/411 938/1/412
f 937/1/411 939/1/413 940/1/414
f 941/1/415 940/1/414 939/1/413
f 941/1/415 939/1/413 942/1/416
f 943/1/417 941/1/415 942/1/416
f 943/1/417 942/1/416 944/1/418
f 945/1/419 943/1/417 944/1/418
f 943/1/417 945/1/419 946/1/420
f 947/1/421 946/1/420 945/1/419
f 945/1/419 948/1/422 947/1/421
f 948/1/422 949/1/423 947/1/421
f 949/1/423 948/1/422 950/1/424
f 951/1/425 949/1/423 950/1/424
f 951/1/425 950/1/424 952/1/426
f 952/1/426 953/1/427 951/1/425
f 953/1/427 952/1/426 954/1/428
f 955/1/429 953/1/427 954/1/428
f 953/1/427 955/1/429 956/1/430
f 957/1/431 956/1/430 955/1/429
f 957/1/431 955/1/429 958/1/431
f 959/1/432 960/1/433 961/1/434
f 959/1/432 962/1/435 960/1/433
f 962/1/435 959/1/432 963/1/436
f 961/1/434 960/1/433 964/1/437
f 965/1/438 961/1/434 964/1/437
f 961/1/434 965/1/438 966/1/439
f 967/1/440 966/1/439 965/1/438
f 965/1/438 968/1/441 967/1/440
f 969/1/442 967/1/440 968/1/441
f 967/1/440 969/1/442 970/1/443
f 971/1/444 970/1/443 969/1/442
f 971/1/444 969/1/442 972/1/445
f 973/1/446 971/1/444 972/1/445
f 972/1/445 974/1/447 973/1/446
f 975/1/448 973/1/446 974/1/447
f 973/1/446 975/1/448 976/1/449
f 977/1/450 976/1/449 975/1/448
f 976/1/449 977/1/450 978/1/451
f 979/1/452 978/1/451 977/1/450
f 979/1/452 977/1/450 980/1/453
f 981/1/454 979/1/452 980/1/453
f 981/1/454 980/1/453 982/1/455
f 983/1/456 981/1/454 982/1/455
f 983/1/456 982/1/455 984/1/457
f 985/1/458 983/1/456 984/1/457
f 983/1/456 985/1/458 986/1/459
f 987/1/460 988/1/19 989/1/19
f 987/1/460 989/1/19 990/1/461
f 987/1/460 990/1/461 991/1/462
f 991/1/462 990/1/461 992/1/463
f 993/1/464 994/1/465 995/1/466
f 995/1/466 996/1/464 993/1/464
f 997/1/467 993/1/464 996/1/464
f 993/1/464 997/1/467 998/1/468
f 999/1/469 998/1/468 997/1/467
f 998/1/468 999/1/469 1000/1/469
f 1001/1/470 1002/1/471 1003/1/471
f 1002/1/471 1001/1/470 1004/1/472
f 1002/1/471 1005/1/473 1003/1/471
f 1006/1/474 1005/1/473 1002/1/471
f 1006/1/474 1007/1/475 1005/1/473
f 1006/1/474 1008/1/475 1007/1/475
f 1009/1/19 1010/1/19 1011/1/19
f 1009/1/19 1011/1/19 1012/1/19
f 1013/1/476 1014/1/476 1015/1/476
f 1016/1/476 1015/1/476 1014/1/476
f 1017/1/477 1018/1/477 1019/1/477
f 1019/1/477 1020/1/477 1017/1/477
f 1021/1/478 1022/1/479 1023/1/480
f 1022/1/479 1021/1/478 1024/1/403
f 1023/1/480 1025/1/481 1021/1/478
f 1023/1/480 1026/1/27 1025/1/481
f 1023/1/480 1027/1/27 1026/1/27
f 1028/1/401 1022/1/479 1024/1/403
f 1028/1/401 1024/1/403 1029/1/400
f 1030/1/401 1028/1/401 1029/1/400
f 1030/1/401 1029/1/400 1031/1/27
f 1031/1/27 1032/1/27 1030/1/401
f 1032/1/27 1031/1/27 1033/1/27
f 1033/1/27 1034/1/393 1032/1/27
f 1034/1/393 1033/1/27 1035/1/482
f 1035/1/482 1036/1/483 1034/1/393
f 1036/1/483 1035/1/482 1037/1/484
f 1037/1/484 1038/1/484 1036/1/483
f 1038/1/484 1037/1/484 1039/1/485
f 1040/1/486 1038/1/484 1039/1/485
f 1040/1/486 1039/1/485 1041/1/485
f 1041/1/485 1042/1/486 1040/1/486
f 1042/1/486 1041/1/485 1043/1/487
f 1043/1/487 1044/1/488 1042/1/486
f 1044/1/488 1043/1/487 1045/1/489
f 1045/1/489 1046/1/490 1044/1/488
f 1046/1/490 1045/1/489 1047/1/27
f 1047/1/27 1045/1/489 1048/1/27
f 1049/1/491 1050/1/492 1051/1/493
f 1051/1/493 1050/1/492 1052/1/492
f 1053/1/494 1054/1/495 1055/1/496
f 1054/1/495 1053/1/494 1056/1/496
f 1057/1/497 1058/1/498 1059/1/497
f 1058/1/498 1057/1/497 1060/1/497
f 1061/1/499 1062/1/500 1063/1/500
f 1063/1/500 1062/1/500 1064/1/500
f 1065/1/501 1066/1/502 1067/1/503
f 1065/1/501 1068/1/504 1066/1/502
f 1069/1/504 1068/1/504 1065/1/501
f 1067/1/503 1066/1/502 1070/1/503
f 1070/1/503 1071/1/505 1067/1/503
f 1072/1/506 1067/1/503 1071/1/505
f 1073/1/507 1074/1/508 1075/1/509
f 1074/1/508 1076/1/510 1075/1/509
f 1076/1/510 1077/1/511 1075/1/509
f 1076/1/510 1078/1/512 1077/1/511
f 1079/1/513 1077/1/511 1078/1/512
f 1077/1/511 1079/1/513 1080/1/513
f 1081/1/514 1082/1/515 1083/1/515
f 1082/1/515 1081/1/514 1084/1/515
f 1085/1/516 1086/1/516 1087/1/517
f 1086/1/516 1085/1/516 1088/1/516
f 1089/1/518 1090/1/519 1091/1/520
f 1090/1/519 1089/1/518 1092/1/519
f 1093/1/521 1094/1/521 1095/1/521
f 1094/1/521 1093/1/521 1096/1/521
f 1097/1/522 1098/1/522 1099/1/522
f 1097/1/522 1099/1/522 1100/1/523
f 1101/1/524 1102/1/33 1103/1/525
f 1102/1/33 1101/1/524 1104/1/33
f 1103/1/525 1105/1/19 1101/1/524
f 1103/1/525 1106/1/19 1105/1/19
f 1106/1/19 1107/1/526 1105/1/19
f 1106/1/19 1108/1/527 1107/1/526
f 1109/1/1 1107/1/526 1108/1/527
f 1107/1/526 1109/1/1 1110/1/1
f 1111/1/528 1112/1/529 1113/1/530
f 1112/1/529 1111/1/528 1114/1/531
f 1111/1/528 1113/1/530 1115/1/1
f 1111/1/528 1115/1/1 1116/1/1
f 1117/1/532 1118/1/533 1119/1/534
f 1118/1/533 1117/1/532 1120/1/535
f 1121/1/536 1118/1/533 1120/1/535
f 1118/1/533 1121/1/536 1122/1/537
f 1123/1/538 1122/1/537 1121/1/536
f 1122/1/537 1123/1/538 1124/1/33
f 1123/1/538 1125/1/33 1124/1/33
f 1126/1/33 1125/1/33 1123/1/538
f 1121/1/536 1127/1/33 1123/1/538
f 1127/1/33 1121/1/536 1128/1/33
f 1128/1/33 1129/1/33 1127/1/33
f 1128/1/33 1130/1/33 1129/1/33
f 1131/1/539 1132/1/540 1133/1/541
f 1132/1/540 1131/1/539 1134/1/540
f 1135/1/542 1136/1/543 1137/1/542
f 1138/1/544 1135/1/542 1137/1/542
f 1135/1/542 1139/1/543 1136/1/543
f 1135/1/542 1138/1/544 1140/1/544
f 1141/1/545 1136/1/543 1139/1/543
f 1142/1/546 1140/1/544 1138/1/544
f 1136/1/543 1141/1/545 1143/1/547
f 1138/1/544 1144/1/548 1142/1/546
f 1145/1/549 1143/1/547 1141/1/545
f 1146/1/550 1142/1/546 1144/1/548
f 1141/1/545 1147/1/551 1145/1/549
f 1142/1/546 1146/1/550 1148/1/552
f 1149/1/553 1145/1/549 1147/1/551
f 1149/1/553 1148/1/552 1146/1/550
f 1145/1/549 1149/1/553 1150/1/554
f 1146/1/550 1150/1/554 1149/1/553
f 1151/1/555 1152/1/556 1153/1/555
f 1154/1/557 1151/1/555 1153/1/555
f 1151/1/555 1155/1/558 1152/1/556
f 1151/1/555 1154/1/557 1156/1/559
f 1157/1/560 1152/1/556 1155/1/558
f 1158/1/561 1156/1/559 1154/1/557
f 1152/1/556 1157/1/560 1159/1/562
f 1154/1/557 1160/1/563 1158/1/561
f 1161/1/551 1159/1/562 1157/1/560
f 1162/1/552 1158/1/561 1160/1/563
f 1157/1/560 1163/1/564 1161/1/551
f 1158/1/561 1162/1/552 1164/1/552
f 1165/1/565 1161/1/551 1163/1/564
f 1165/1/565 1164/1/552 1162/1/552
f 1161/1/551 1165/1/565 1166/1/565
f 1162/1/552 1166/1/565 1165/1/565
f 1167/1/33 1168/1/33 1169/1/33
f 1167/1/33 1169/1/33 1170/1/33
o bones
v 1.374398 -0.166247 -0.047039
v 1.445881 -0.199893 0.000052
v 1.440169 -0.201841 -0.056586
v 1.371490 -0.156434 0.000052
v 1.445881 -0.199893 0.000052
v 1.374398 -0.166247 0.039879
v 1.440169 -0.201841 0.049426
v 1.371490 -0.156434 0.000052
v 1.430984 -0.196560 0.105037
v 1.440169 -0.201841 0.049426
v 1.378007 -0.178629 0.067062
v 1.374398 -0.166247 0.039879
v 1.440169 -0.201841 -0.056586
v 1.430984 -0.196560 -0.112197
v 1.378007 -0.178629 -0.074223
v 1.374398 -0.166247 -0.047039
v 1.373659 -0.164055 -0.071971
v 1.411525 -0.149126 -0.116685
v 1.357148 -0.109336 -0.114311
v 1.458979 -0.101811 -0.053646
v 1.550048 -0.085653 0.000604
v 1.545905 -0.091377 -0.064644
v 1.449568 -0.094397 0.000604
v 1.550048 -0.085653 0.000604
v 1.458979 -0.101811 0.046485
v 1.545905 -0.091377 0.057484
v 1.449568 -0.094397 0.000604
v 1.373024 -0.161952 -0.147444
v 1.357148 -0.109336 -0.114311
v 1.411525 -0.149126 -0.116685
v 1.533555 -0.092535 0.116587
v 1.545905 -0.091377 0.057484
v 1.470799 -0.111207 0.072839
v 1.458979 -0.101811 0.046485
v 1.545905 -0.091377 -0.064644
v 1.533555 -0.092535 -0.115780
v 1.470799 -0.111206 -0.072032
v 1.458979 -0.101811 -0.053646
v 1.411525 -0.149126 0.109525
v 1.373659 -0.164055 0.064811
v 1.357148 -0.109336 0.111775
v 1.482895 -0.060351 -0.123763
v 1.404026 -0.059073 -0.111044
v 1.456793 -0.100215 -0.072251
v 1.482895 -0.060351 -0.123763
v 1.470799 -0.111206 -0.072032
v 1.533555 -0.092535 -0.115780
v 1.456793 -0.100215 -0.072251
v 1.454765 -0.098635 0.157192
v 1.482895 -0.060351 0.121757
v 1.404026 -0.059073 0.114979
v 1.482895 -0.060351 0.121757
v 1.456793 -0.100215 0.070245
v 1.404026 -0.059073 0.114979
v 1.454765 -0.098635 -0.159198
v 1.404026 -0.059073 -0.111044
v 1.482895 -0.060351 -0.123763
v 1.482895 -0.060351 0.121757
v 1.470799 -0.111207 0.072839
v 1.456793 -0.100215 0.070245
v 1.533555 -0.092535 0.116587
v 1.517645 0.216976 0.000154
v 1.468514 0.214731 0.045148
v 1.517292 0.207358 0.000154
v 1.479401 0.237894 0.037992
v 1.517645 0.216976 0.000154
v 1.468514 0.214731 -0.044840
v 1.479401 0.237894 -0.037683
v 1.517292 0.207358 0.000154
v 1.486329 0.203800 0.000154
v 1.463695 0.180863 0.031125
v 1.499373 0.181175 0.000154
v 1.486329 0.203800 0.000154
v 1.463695 0.180863 -0.030817
v 1.499373 0.181175 0.000154
v 0.794193 -0.303735 0.000070
v 0.753698 -0.356284 0.067915
v 0.753142 -0.359271 0.000070
v 0.787971 -0.304705 0.071279
v 0.787971 -0.304705 -0.071139
v 0.794193 -0.303735 0.000070
v 0.753698 -0.356284 -0.067775
v 0.753142 -0.359271 0.000070
v 1.465335 0.007260 -0.080367
v 1.421525 0.056942 -0.094780
v 1.426243 0.051793 -0.120282
v 1.421525 0.056942 0.087363
v 1.465335 0.007260 0.072950
v 1.426243 0.051793 0.112865
v 1.526271 0.253924 0.000154
v 1.479401 0.237894 0.037992
v 1.517645 0.216976 0.000154
v 1.113619 -0.109631 -0.061827
v 1.026271 -0.124816 0.000266
v 1.029720 -0.119886 -0.065551
v 1.119568 -0.113572 0.000266
v 1.119568 -0.113572 0.000266
v 1.029720 -0.119886 0.058119
v 1.026271 -0.124816 0.000266
v 1.113619 -0.109631 0.054395
v 1.526271 0.253924 0.000154
v 1.479401 0.237894 -0.037683
v 1.517645 0.216976 0.000154
v 1.111930 -0.097219 -0.122796
v 1.046923 -0.095571 -0.150712
v 1.029720 -0.119886 -0.065551
v 1.113619 -0.109631 -0.061827
v 1.111930 -0.097219 0.115364
v 1.046923 -0.095571 0.143280
v 1.029720 -0.119886 0.058119
v 1.113619 -0.109631 0.054395
v 0.746360 -0.161198 0.000070
v 0.712113 -0.212158 0.067371
v 0.714208 -0.214647 0.000070
v 0.738511 -0.162846 0.067780
v 0.738511 -0.162846 -0.067641
v 0.746360 -0.161198 0.000070
v 0.712113 -0.212157 -0.067231
v 0.714208 -0.214647 0.000070
v 1.233273 0.225012 0.000154
v 1.210841 0.203768 0.026803
v 1.241533 0.203036 0.000154
v 1.211360 0.225534 0.019181
v 1.233273 0.225012 0.000154
v 1.210841 0.203768 -0.026494
v 1.211360 0.225534 -0.018873
v 1.241533 0.203036 0.000154
v 1.122119 0.243639 0.000154
v 1.088482 0.222695 0.034770
v 1.129594 0.219464 0.000154
v 1.088537 0.244460 0.029312
v 1.122119 0.243639 0.000154
v 1.088482 0.222695 -0.034462
v 1.088537 0.244460 -0.029003
v 1.129594 0.219464 0.000154
v 1.088267 0.207206 0.017550
v 1.121620 0.188894 0.000154
v 1.107916 0.211153 0.000154
v 1.092416 0.182291 0.026243
v 1.088267 0.207206 -0.017242
v 1.121620 0.188894 0.000154
v 1.092416 0.182291 -0.025934
v 1.107916 0.211153 0.000154
v 0.557273 -0.357324 -0.070006
v 0.589913 -0.287558 -0.039668
v 0.560102 -0.361013 0.008039
v 0.587912 -0.289917 0.008039
v 0.560102 -0.361013 0.008039
v 0.587912 -0.289917 0.008039
v 0.589913 -0.287558 0.035464
v 0.557273 -0.357324 0.058480
v 0.557273 -0.357324 0.058480
v 0.590327 -0.286741 0.045512
v 0.569660 -0.346251 0.076082
v 0.589913 -0.287558 0.035464
v 0.590327 -0.286741 -0.047302
v 0.557273 -0.357324 -0.070006
v 0.569660 -0.346251 -0.082023
v 0.589913 -0.287558 -0.039668
v 0.724959 0.255049 -0.002126
v 0.669607 0.323421 -0.002126
v 0.669588 0.317296 0.047360
v 0.719303 0.255295 0.044561
v 0.719303 0.255295 -0.042826
v 0.669588 0.317296 -0.045625
v 0.724959 0.255049 -0.002126
v 0.669607 0.323421 -0.002126
v 1.118883 0.276835 0.000154
v 1.094234 0.277711 0.021563
v 1.088537 0.244460 0.029312
v 1.111930 -0.097219 -0.122796
v 1.142276 -0.044742 -0.127718
v 1.090447 -0.034676 -0.081163
v 1.100948 -0.020080 -0.078695
v 1.142276 -0.044742 -0.127718
v 1.140244 0.034901 -0.118628
v 0.712497 0.249937 -0.085116
v 0.669618 0.286967 -0.106105
v 0.669588 0.317296 -0.045625
v 0.719303 0.255295 -0.042826
v 1.111930 -0.097219 0.115364
v 1.090447 -0.034676 0.073731
v 1.142276 -0.044742 0.120286
v 1.100948 -0.020080 0.071263
v 1.142276 -0.044742 0.120286
v 1.140244 0.034900 0.116265
v 1.118883 0.276835 0.000154
v 1.094234 0.277711 -0.021254
v 1.088537 0.244460 -0.029003
v 0.712497 0.249937 0.081151
v 0.669618 0.286967 0.102140
v 0.669588 0.317296 0.047360
v 0.719303 0.255295 0.044561
v 0.501762 -0.248758 0.000070
v 0.539720 -0.181856 0.000070
v 0.537784 -0.177596 0.052603
v 0.503165 -0.243344 0.066055
v 0.503165 -0.243344 -0.065915
v 0.537784 -0.177596 -0.052463
v 0.501762 -0.248758 0.000070
v 0.539720 -0.181856 0.000070
v 0.600355 -0.283508 -0.030442
v 0.619615 -0.315503 -0.069709
v 0.647771 -0.261670 -0.070999
v 0.600355 -0.283508 0.030582
v 0.647771 -0.261670 0.071139
v 0.619615 -0.315503 0.069849
v 0.573232 0.251746 -0.002050
v 0.521565 0.315567 -0.002050
v 0.521548 0.309851 0.044142
v 0.567952 0.251977 0.041530
v 0.567952 0.251977 -0.040039
v 0.521548 0.309851 -0.042652
v 0.573232 0.251746 -0.002050
v 0.521565 0.315567 -0.002050
v 0.685265 -0.316039 -0.054607
v 0.681332 -0.352295 -0.088434
v 0.680797 -0.316118 -0.039991
v 0.681332 -0.352295 0.088574
v 0.680797 -0.316118 0.040131
v 0.685265 -0.316039 0.054746
v 0.561600 0.246975 -0.079514
v 0.521576 0.281541 -0.099106
v 0.521548 0.309851 -0.042652
v 0.567952 0.251977 -0.040039
v 0.561600 0.246975 0.075683
v 0.521576 0.281540 0.095275
v 0.521548 0.309851 0.044142
v 0.567952 0.251977 0.041530
v 0.553052 -0.177254 -0.029950
v 0.567659 -0.211931 -0.066253
v 0.603479 -0.162294 -0.067307
v 0.553052 -0.177254 0.030091
v 0.603478 -0.162295 0.067447
v 0.567659 -0.211931 0.066393
v 0.434270 0.253401 -0.002241
v 0.373383 0.328611 -0.002241
v 0.373362 0.321874 0.052194
v 0.428047 0.253671 0.049115
v 0.428048 0.253671 -0.047011
v 0.373363 0.321874 -0.050090
v 0.434270 0.253401 -0.002241
v 0.373383 0.328611 -0.002241
v 0.649082 -0.181632 -0.051319
v 0.648651 -0.214567 -0.071300
v 0.645072 -0.182085 -0.039774
v 0.648651 -0.214567 0.071440
v 0.645072 -0.182085 0.039913
v 0.649082 -0.181632 0.051458
v 0.420562 0.247778 -0.093529
v 0.373396 0.288512 -0.116618
v 0.373363 0.321874 -0.050090
v 0.428048 0.253671 -0.047011
v 0.420562 0.247778 0.089364
v 0.373396 0.288512 0.112452
v 0.373362 0.321874 0.052194
v 0.428047 0.253671 0.049115
v 0.724959 0.255049 -0.002126
v 0.670167 0.195229 0.036692
v 0.670272 0.182909 -0.002126
v 0.719303 0.255295 0.044561
v 0.724959 0.255049 -0.002126
v 0.670167 0.195229 -0.034956
v 0.719303 0.255295 -0.042826
v 0.670272 0.182909 -0.002126
v 0.712497 0.249937 0.081151
v 0.669980 0.210756 0.049848
v 0.707902 0.218954 0.086863
v 0.669980 0.210756 -0.053812
v 0.712497 0.249937 -0.085116
v 0.719303 0.255295 -0.042826
v 0.670167 0.195229 -0.034956
v 0.669845 0.222912 -0.051957
v 0.707903 0.218954 -0.088816
v 0.280698 0.251171 -0.002126
v 0.225345 0.319544 -0.002126
v 0.225326 0.313419 0.047360
v 0.275041 0.251417 0.044561
v 0.275041 0.251417 -0.042826
v 0.225326 0.313419 -0.045625
v 0.280698 0.251171 -0.002126
v 0.225345 0.319544 -0.002126
v 0.707902 0.218954 0.086863
v 0.670051 0.167922 0.082233
v 0.669845 0.222912 0.050004
v 0.268237 0.246061 -0.085116
v 0.225358 0.283090 -0.106105
v 0.225326 0.313419 -0.045625
v 0.275041 0.251417 -0.042826
v 0.268237 0.246061 0.081151
v 0.225357 0.283090 0.102140
v 0.225326 0.313419 0.047360
v 0.275041 0.251417 0.044561
v 0.707903 0.218954 -0.088816
v 0.669845 0.222912 -0.051957
v 0.670051 0.167922 -0.088435
v 0.432918 -0.005124 0.082082
v 0.401062 -0.004536 0.112705
v 0.402519 0.036857 0.063825
v 0.432918 -0.005124 -0.081816
v 0.401062 -0.004536 -0.112439
v 0.402519 0.036858 -0.063559
v 0.573232 0.251746 -0.002050
v 0.522088 0.195911 0.034184
v 0.522186 0.184410 -0.002050
v 0.567952 0.251977 0.041530
v 0.573232 0.251746 -0.002050
v 0.522088 0.195911 -0.032694
v 0.567952 0.251977 -0.040039
v 0.522186 0.184410 -0.002050
v 0.561600 0.246975 0.075683
v 0.521913 0.210404 0.046464
v 0.557311 0.218055 0.081015
v 0.521979 0.170421 0.081436
v 0.521787 0.221750 0.046610
v 0.521913 0.210404 -0.050295
v 0.561600 0.246975 -0.079514
v 0.567952 0.251977 -0.040039
v 0.522088 0.195911 -0.032694
v 0.521787 0.221750 -0.048562
v 0.557311 0.218055 -0.082967
v 0.521979 0.170421 -0.087356
v 0.128971 0.247869 -0.002050
v 0.077304 0.311691 -0.002050
v 0.077287 0.305973 0.044142
v 0.123691 0.248099 0.041530
v 0.123691 0.248099 -0.040039
v 0.077287 0.305973 -0.042652
v 0.128971 0.247869 -0.002050
v 0.077304 0.311691 -0.002050
v 0.117339 0.243098 0.075683
v 0.077315 0.277663 0.095275
v 0.077287 0.305973 0.044142
v 0.123691 0.248099 0.041530
v 0.117339 0.243098 -0.079514
v 0.077315 0.277664 -0.099106
v 0.077287 0.305973 -0.042652
v 0.123691 0.248099 -0.040039
v 0.434270 0.253401 -0.002241
v 0.373999 0.187601 0.040458
v 0.374116 0.174048 -0.002241
v 0.428047 0.253671 0.049115
v 0.434270 0.253401 -0.002241
v 0.373999 0.187601 -0.038354
v 0.428048 0.253671 -0.047011
v 0.374116 0.174048 -0.002241
v 0.420562 0.247778 0.089364
v 0.373793 0.204679 0.054930
v 0.415507 0.213698 0.095647
v 0.373793 0.204679 -0.059096
v 0.420562 0.247778 -0.093529
v 0.428048 0.253671 -0.047011
v 0.373999 0.187601 -0.038354
v 0.373645 0.218051 -0.057055
v 0.415507 0.213697 -0.097600
v 0.415507 0.213698 0.095647
v 0.373872 0.157562 0.080833
v 0.373645 0.218051 0.055102
v 0.415507 0.213697 -0.097600
v 0.373645 0.218051 -0.057055
v 0.373872 0.157562 -0.087461
v 0.445794 -0.064091 -0.066144
v 0.436455 -0.038140 -0.083974
v 0.401441 -0.017588 -0.054721
v 0.401441 -0.017588 0.054987
v 0.436456 -0.038140 0.084240
v 0.445794 -0.064091 0.066411
v 0.446018 -0.069773 0.000133
v 0.401441 -0.017588 0.054987
v 0.445794 -0.064091 0.066411
v 0.401631 -0.020082 0.000133
v 0.401441 -0.017588 -0.054721
v 0.446018 -0.069773 0.000133
v 0.445794 -0.064091 -0.066144
v 0.401631 -0.020082 0.000133
v -0.009990 0.249524 -0.002241
v -0.070878 0.324734 -0.002241
v -0.070897 0.317997 0.052194
v -0.016212 0.249795 0.049115
v -0.016212 0.249795 -0.047011
v -0.070897 0.317997 -0.050090
v -0.009990 0.249524 -0.002241
v -0.070878 0.324734 -0.002241
v -0.023696 0.243901 0.089364
v -0.070868 0.284635 0.112452
v -0.070897 0.317997 0.052194
v -0.016212 0.249795 0.049115
v -0.023696 0.243901 -0.093529
v -0.070868 0.284635 -0.116618
v -0.070897 0.317997 -0.050090
v -0.016212 0.249795 -0.047011
v 0.280698 0.251171 -0.002126
v 0.225906 0.191352 0.036692
v 0.226012 0.179032 -0.002126
v 0.275041 0.251417 0.044561
v 0.280698 0.251171 -0.002126
v 0.225907 0.191352 -0.034956
v 0.275041 0.251417 -0.042826
v 0.226012 0.179032 -0.002126
v 0.268237 0.246061 0.081151
v 0.225719 0.206879 0.049848
v 0.263641 0.215077 0.086863
v 0.225719 0.206879 -0.053812
v 0.268237 0.246061 -0.085116
v 0.275041 0.251417 -0.042826
v 0.225907 0.191352 -0.034956
v 0.225584 0.219034 -0.051957
v 0.263642 0.215077 -0.088816
v 0.263641 0.215077 0.086863
v 0.225789 0.164044 0.081634
v 0.225584 0.219034 0.050004
v 0.263642 0.215077 -0.088816
v 0.225584 0.219034 -0.051957
v 0.225789 0.164045 -0.087836
v -0.176021 0.242182 0.081151
v -0.218901 0.279213 0.102140
v -0.218931 0.309542 0.047360
v -0.169221 0.247540 0.044561
v -0.176021 0.242182 -0.085116
v -0.218901 0.279214 -0.106105
v -0.218931 0.309542 -0.045625
v -0.169221 0.247540 -0.042826
v -0.163565 0.247294 -0.002126
v -0.218915 0.315668 -0.002126
v -0.218931 0.309542 0.047360
v -0.169221 0.247540 0.044561
v -0.169221 0.247540 -0.042826
v -0.218931 0.309542 -0.045625
v -0.163565 0.247294 -0.002126
v -0.218915 0.315668 -0.002126
v -0.264433 -0.045039 -0.094445
v -0.302871 -0.071845 -0.115793
v -0.258050 -0.063230 -0.074341
v -0.302364 -0.105013 -0.078887
v -0.264433 -0.045039 0.087688
v -0.302871 -0.071845 0.109036
v -0.258050 -0.063230 0.067584
v -0.302364 -0.105013 0.072130
v 0.128971 0.247869 -0.002050
v 0.077827 0.192033 -0.032694
v 0.123691 0.248099 -0.040039
v 0.077926 0.180533 -0.002050
v 0.128971 0.247869 -0.002050
v 0.077827 0.192033 0.034184
v 0.077926 0.180533 -0.002050
v 0.123691 0.248099 0.041530
v 0.117339 0.243098 0.075683
v 0.077652 0.206526 0.046464
v 0.113051 0.214179 0.081015
v 0.077652 0.206526 -0.050295
v 0.117339 0.243098 -0.079514
v 0.123691 0.248099 -0.040039
v 0.077827 0.192033 -0.032694
v 0.077526 0.217873 -0.048562
v 0.113051 0.214178 -0.082967
v 0.077719 0.166544 -0.086760
v 0.113051 0.214179 0.081015
v 0.077719 0.166545 0.080841
v 0.077526 0.217873 0.046610
v -0.326925 0.277071 0.075683
v -0.366944 0.311635 0.095275
v -0.366973 0.339945 0.044142
v -0.320565 0.282071 0.041530
v -0.326925 0.277071 -0.079514
v -0.366944 0.311636 -0.099105
v -0.366973 0.339945 -0.042652
v -0.320565 0.282071 -0.040039
v -0.315293 0.281842 -0.002050
v -0.366953 0.345663 -0.002050
v -0.366973 0.339945 0.044142
v -0.320565 0.282071 0.041530
v -0.320565 0.282071 -0.040039
v -0.366973 0.339945 -0.042652
v -0.315293 0.281842 -0.002050
v -0.366953 0.345663 -0.002050
v -0.028756 0.209820 0.095647
v -0.070387 0.153684 0.078238
v -0.070618 0.214175 0.055102
v -0.009990 0.249524 -0.002241
v -0.070257 0.183723 -0.038354
v -0.016212 0.249795 -0.047011
v -0.070148 0.170170 -0.002241
v -0.009990 0.249524 -0.002241
v -0.070257 0.183723 0.040458
v -0.070148 0.170170 -0.002241
v -0.016212 0.249795 0.049115
v -0.028756 0.209820 -0.097600
v -0.070618 0.214175 -0.057055
v -0.070387 0.153684 -0.084866
v -0.023696 0.243901 0.089364
v -0.070467 0.200802 0.054930
v -0.028756 0.209820 0.095647
v -0.070467 0.200802 -0.059096
v -0.023696 0.243901 -0.093529
v -0.016212 0.249795 -0.047011
v -0.070257 0.183723 -0.038354
v -0.070618 0.214175 -0.057055
v -0.028756 0.209820 -0.097600
v -0.303560 -0.018636 -0.061560
v -0.252836 -0.072087 -0.000333
v -0.258050 -0.063230 -0.074341
v -0.303556 -0.019028 -0.000333
v -0.252836 -0.072087 -0.000333
v -0.303560 -0.018636 0.054803
v -0.258050 -0.063230 0.067584
v -0.303556 -0.019028 -0.000333
v -0.555797 0.000872 0.091914
v -0.583815 -0.018670 0.108581
v -0.551155 -0.010789 0.080668
v -0.583463 -0.041250 0.085531
v -0.555811 0.002473 -0.094948
v -0.583829 -0.017069 -0.111616
v -0.551155 -0.010789 -0.079270
v -0.583463 -0.041250 -0.084134
v -0.269232 -0.001623 0.094556
v -0.303756 -0.004961 0.057067
v -0.304427 0.043730 0.092090
v -0.467957 0.240025 0.089364
v -0.515129 0.280758 0.112452
v -0.515158 0.314119 0.052194
v -0.460472 0.245918 0.049115
v -0.467957 0.240025 -0.093529
v -0.515129 0.280758 -0.116618
v -0.515158 0.314119 -0.050090
v -0.460472 0.245918 -0.047011
v -0.303560 -0.018636 -0.061560
v -0.258050 -0.063230 -0.074341
v -0.303615 -0.017916 -0.062606
v -0.264433 -0.045039 -0.094445
v -0.269232 -0.001623 -0.098209
v -0.303615 -0.017916 -0.062606
v -0.303756 -0.004961 -0.060719
v -0.269232 -0.001623 -0.098209
v -0.304427 0.043730 -0.094394
v -0.303615 -0.017916 0.055849
v -0.264433 -0.045039 0.087688
v -0.258050 -0.063230 0.067584
v -0.303560 -0.018636 0.054803
v -0.269232 -0.001623 0.094556
v -0.303756 -0.004961 0.057067
v -0.454250 0.245647 -0.002241
v -0.515139 0.320857 -0.002241
v -0.515158 0.314119 0.052194
v -0.460472 0.245918 0.049115
v -0.460472 0.245918 -0.047011
v -0.515158 0.314119 -0.050090
v -0.454250 0.245647 -0.002241
v -0.515139 0.320857 -0.002241
v -0.180621 0.211200 0.086863
v -0.218472 0.160167 0.080974
v -0.218673 0.215158 0.050004
v -0.180621 0.211200 -0.088816
v -0.218673 0.215158 -0.051957
v -0.218472 0.160167 -0.087178
v -0.163565 0.247294 -0.002126
v -0.218354 0.187475 -0.034956
v -0.169221 0.247540 -0.042826
v -0.218245 0.175155 -0.002126
v -0.163565 0.247294 -0.002126
v -0.218354 0.187475 0.036692
v -0.218245 0.175155 -0.002126
v -0.169221 0.247540 0.044561
v -0.407356 -0.020409 -0.037992
v -0.359146 -0.071214 -0.000464
v -0.364104 -0.062797 -0.045599
v -0.407359 -0.020782 -0.000464
v -0.359146 -0.071214 -0.000464
v -0.407356 -0.020409 0.031275
v -0.364104 -0.062797 0.038883
v -0.407359 -0.020782 -0.000464
v -0.176021 0.242182 0.081151
v -0.218541 0.203002 0.049848
v -0.180621 0.211200 0.086863
v -0.218541 0.203002 -0.053812
v -0.176021 0.242182 -0.085116
v -0.169221 0.247540 -0.042826
v -0.218354 0.187475 -0.034956
v -0.218673 0.215158 -0.051957
v -0.180621 0.211200 -0.088816
v -0.370171 -0.045506 0.089340
v -0.364104 -0.062797 0.038883
v -0.407411 -0.019724 0.056932
v -0.407356 -0.020409 0.031275
v -0.407411 -0.019724 0.056932
v -0.374734 -0.004238 0.093757
v -0.407539 -0.007410 0.056592
v -0.374734 -0.004238 0.093757
v -0.408182 0.038871 0.091345
v -0.364104 -0.062797 -0.045599
v -0.370171 -0.045506 -0.096058
v -0.407411 -0.019725 -0.063648
v -0.407356 -0.020409 -0.037992
v -0.374734 -0.004238 -0.097369
v -0.407411 -0.019725 -0.063648
v -0.407539 -0.007410 -0.060203
v -0.374734 -0.004238 -0.097369
v -0.408182 0.038871 -0.093608
v 0.634901 -0.152590 -0.073349
v 0.645072 -0.182085 -0.039774
v 0.649082 -0.181632 -0.051319
v 0.634901 -0.152590 0.073489
v 0.645072 -0.182085 0.039913
v 0.649082 -0.181632 0.051458
v -0.584336 0.021722 -0.065598
v -0.547359 -0.017245 -0.001138
v -0.551155 -0.010789 -0.079270
v -0.584333 0.021437 -0.001138
v -0.547359 -0.017245 -0.001138
v -0.584336 0.021722 0.066996
v -0.551155 -0.010789 0.080668
v -0.584333 0.021437 -0.001138
v -0.315293 0.281842 -0.002050
v -0.366431 0.226005 -0.032694
v -0.320565 0.282071 -0.040039
v -0.366331 0.214505 -0.002050
v -0.315293 0.281842 -0.002050
v -0.366431 0.226005 0.034184
v -0.366331 0.214505 -0.002050
v -0.320565 0.282071 0.041530
v -0.366610 0.240498 -0.050295
v -0.326925 0.277071 -0.079514
v -0.320565 0.282071 -0.040039
v -0.366431 0.226005 -0.032694
v -0.366735 0.251845 -0.048562
v -0.331212 0.248151 -0.082967
v -0.366539 0.200516 -0.089019
v -0.326925 0.277071 0.075683
v -0.366610 0.240498 0.046464
v -0.331212 0.248151 0.081015
v -0.366539 0.200516 0.083099
v -0.366735 0.251845 0.046610
v -0.622348 -0.010035 0.000088
v -0.679993 0.040434 0.038094
v -0.680080 0.050358 0.000088
v -0.679993 0.040434 -0.044851
v -0.622348 -0.010035 0.000088
v -0.680080 0.050358 0.000088
v -0.774330 0.049860 0.115793
v -0.747689 0.029363 0.090314
v -0.745552 0.085137 0.087963
v -0.584362 0.020646 0.067055
v -0.555797 0.000872 0.091914
v -0.551155 -0.010789 0.080668
v -0.584479 0.031692 0.073015
v -0.584336 0.021722 -0.065598
v -0.551155 -0.010789 -0.079270
v -0.584375 0.022247 -0.070089
v -0.555811 0.002473 -0.094948
v -0.584479 0.031692 -0.075549
v -0.774330 0.049860 -0.122550
v -0.745552 0.085137 -0.090889
v -0.747689 0.029363 -0.097071
v -0.473017 0.205944 -0.097600
v -0.514879 0.210297 -0.057055
v -0.514648 0.149808 -0.085631
v -0.473017 0.205944 0.095647
v -0.514648 0.149808 0.079002
v -0.514879 0.210297 0.055102
v -0.640805 0.046472 -0.102934
v -0.680861 0.098095 -0.092397
v -0.680097 0.042673 -0.060263
v -0.635343 -0.002945 0.096163
v -0.679940 0.027926 0.059924
v -0.640805 0.046472 0.100446
v -0.680097 0.042673 0.057775
v -0.640805 0.046472 0.100446
v -0.680861 0.098095 0.094831
v -0.454250 0.245647 -0.002241
v -0.514518 0.179846 -0.038354
v -0.460472 0.245918 -0.047011
v -0.514408 0.166293 -0.002241
v -0.454250 0.245647 -0.002241
v -0.514518 0.179846 0.040458
v -0.514408 0.166293 -0.002241
v -0.460472 0.245918 0.049115
v -0.635343 -0.002945 -0.096321
v -0.640805 0.046472 -0.102934
v -0.679940 0.027926 -0.060082
v -0.680097 0.042673 -0.060263
v -0.467957 0.240025 0.089364
v -0.514728 0.196926 0.054930
v -0.473017 0.205944 0.095647
v -0.514728 0.196926 -0.059096
v -0.467957 0.240025 -0.093529
v -0.460472 0.245918 -0.047011
v -0.514518 0.179846 -0.038354
v -0.514879 0.210297 -0.057055
v -0.473017 0.205944 -0.097600
v 0.685265 -0.316039 -0.054607
v 0.672684 -0.282540 -0.091583
v 0.680797 -0.316118 -0.039991
v 0.685265 -0.316039 0.054746
v 0.672684 -0.282540 0.091723
v 0.680797 -0.316118 0.040131
v -0.747689 0.029363 -0.097071
v -0.745552 0.085137 -0.090889
v -0.775482 0.048450 -0.060031
v -0.747689 0.029363 0.090314
v -0.775482 0.048450 0.053274
v -0.745552 0.085137 0.087963
v -0.890852 0.043160 0.044484
v -0.890612 0.018115 0.021575
v -0.862486 0.045121 0.018455
v -0.868210 0.058405 0.031387
v -0.890612 0.018115 -0.021267
v -0.890852 0.043160 -0.044176
v -0.862486 0.045121 -0.018146
v -0.868210 0.058405 -0.031079
v -0.956996 0.037068 0.042958
v -0.956786 0.013062 0.019707
v -0.932169 0.037077 0.017755
v -0.937919 0.050289 0.031565
v -0.956786 0.013062 -0.019399
v -0.956996 0.037068 -0.042649
v -0.932169 0.037077 -0.017447
v -0.937919 0.050289 -0.031257
v -0.770622 -0.014728 -0.047287
v -0.771246 -0.005974 -0.093353
v -0.783474 0.038713 -0.061896
v -0.776648 0.046928 -0.039378
v -0.771246 -0.005974 0.086596
v -0.770622 -0.014728 0.040529
v -0.783474 0.038713 0.055139
v -0.776648 0.046928 0.032621
v -0.766638 -0.017749 -0.000370
v -0.776648 0.046928 0.032621
v -0.771252 0.053471 -0.000370
v -0.776648 0.046928 -0.039378
v -0.766638 -0.017749 -0.000370
v -0.770622 -0.014728 -0.047287
v -0.771252 0.053471 -0.000370
v -1.069245 0.065623 0.034441
v -1.086521 0.088416 0.033242
v -1.086601 0.066119 0.049364
v -0.891109 0.070276 0.000154
v -0.862486 0.045121 -0.018146
v -0.891133 0.072914 -0.012736
v -0.862389 0.040457 0.000154
v -1.069245 0.065623 -0.034132
v -1.086601 0.066119 -0.049056
v -1.086521 0.088416 -0.032933
v -0.891109 0.070276 0.000154
v -0.862486 0.045121 0.018455
v -0.862389 0.040457 0.000154
v -0.891133 0.072914 0.013044
v -0.868210 0.058405 -0.031079
v -0.891146 0.074397 -0.015025
v -0.891133 0.072914 -0.012736
v -0.862486 0.045121 -0.018146
v -0.891169 0.076274 -0.016206
v -0.870591 0.076859 -0.035821
v -0.891420 0.103359 -0.031847
v -0.862486 0.045121 0.018455
v -0.891133 0.072914 0.013044
v -0.868210 0.058405 0.031387
v -0.891146 0.074397 0.015334
v -0.891169 0.076274 0.016515
v -0.870591 0.076859 0.036130
v -0.891420 0.103359 0.032156
v -1.086706 0.037170 0.041976
v -1.086786 0.015767 0.020817
v -1.062662 0.038366 0.018026
v -1.067421 0.049819 0.030021
v -1.086786 0.015767 -0.020508
v -1.086706 0.037170 -0.041667
v -1.062662 0.038366 -0.017717
v -1.067421 0.049819 -0.029713
v -1.143896 0.042256 0.044112
v -1.143804 0.017173 0.021138
v -1.116612 0.042609 0.019028
v -1.122625 0.056719 0.032733
v -1.143804 0.017173 -0.020828
v -1.143896 0.042256 -0.043804
v -1.116612 0.042609 -0.018719
v -1.122625 0.056719 -0.032424
v -0.957209 0.061452 -0.013965
v -0.932169 0.037077 -0.017447
v -0.937919 0.050289 -0.031257
v -0.957229 0.063844 -0.017931
v -0.932169 0.037077 0.017755
v -0.957209 0.061452 0.014273
v -0.937919 0.050289 0.031565
v -0.957229 0.063844 0.018239
v -0.937919 0.050289 -0.031257
v -0.940182 0.068013 -0.035027
v -0.957229 0.063844 -0.017931
v -0.957260 0.067365 -0.019418
v -0.940182 0.068013 -0.035027
v -0.957480 0.092531 -0.030186
v -0.940182 0.068013 0.035336
v -0.957229 0.063844 0.018239
v -0.957260 0.067365 0.019726
v -0.937919 0.050289 0.031565
v -0.957480 0.092531 0.030494
v -0.940182 0.068013 0.035336
v -0.957183 0.058445 0.000154
v -0.932169 0.037077 0.017755
v -0.932088 0.032773 0.000154
v -0.957209 0.061452 0.014273
v -0.957183 0.058445 0.000154
v -0.932169 0.037077 -0.017447
v -0.957209 0.061452 -0.013965
v -0.932088 0.032773 0.000154
v -1.024524 0.074438 0.000154
v -0.993337 0.047060 -0.025482
v -1.024550 0.077393 -0.016756
v -0.993236 0.041941 0.000154
v -1.024524 0.074438 0.000154
v -0.993337 0.047060 0.025790
v -0.993236 0.041941 0.000154
v -1.024550 0.077393 0.017064
v -0.999649 0.061724 -0.033890
v -1.024550 0.077393 -0.016756
v -0.993337 0.047060 -0.025482
v -0.993337 0.047060 0.025790
v -1.024550 0.077393 0.017064
v -0.999649 0.061724 0.034198
v -1.086608 0.065339 -0.016291
v -1.069245 0.065623 -0.034132
v -1.086521 0.088416 -0.032933
v -1.086608 0.065339 0.016600
v -1.086521 0.088416 0.033242
v -1.069245 0.065623 0.034441
v -1.144010 0.074639 -0.018411
v -1.124977 0.075883 -0.037635
v -1.144110 0.101350 -0.034934
v -1.144010 0.074639 0.018720
v -1.144110 0.101350 0.035242
v -1.124977 0.075883 0.037943
v -1.086623 0.059938 0.000154
v -1.062662 0.038366 0.018026
v -1.062627 0.034387 0.000154
v -1.086616 0.062234 0.013184
v -1.086623 0.059938 0.000154
v -1.062662 0.038366 -0.017717
v -1.086616 0.062234 -0.012875
v -1.062627 0.034387 0.000154
v -1.067421 0.049819 -0.029713
v -1.086613 0.063588 -0.015114
v -1.086616 0.062234 -0.012875
v -1.062662 0.038366 -0.017717
v -1.086608 0.065339 -0.016291
v -1.069245 0.065623 -0.034132
v -1.062662 0.038366 0.018026
v -1.086616 0.062234 0.013184
v -1.067421 0.049819 0.030021
v -1.086613 0.063588 0.015422
v -1.086608 0.065339 0.016600
v -1.069245 0.065623 0.034441
v -1.143985 0.066921 0.000154
v -1.116612 0.042609 -0.018719
v -1.143996 0.069824 -0.013724
v -1.116536 0.037870 0.000154
v -1.143985 0.066921 0.000154
v -1.116612 0.042609 0.019028
v -1.116536 0.037870 0.000154
v -1.143996 0.069824 0.014033
v -1.143996 0.069824 -0.013724
v -1.116612 0.042609 -0.018719
v -1.122625 0.056719 -0.032424
v -1.143999 0.071841 -0.016720
v -1.144010 0.074639 -0.018411
v -1.124977 0.075883 -0.037635
v -1.116612 0.042609 0.019028
v -1.143996 0.069824 0.014033
v -1.122625 0.056719 0.032733
v -1.143999 0.071841 0.017029
v -1.144010 0.074639 0.018720
v -1.124977 0.075883 0.037943
v -1.086623 0.059938 0.000154
v -1.110751 0.038545 0.018026
v -1.086616 0.062234 0.013184
v -1.086616 0.062234 -0.012875
v -1.110751 0.038545 -0.017717
v -1.086623 0.059938 0.000154
v 1.113619 -0.109631 -0.061827
v 1.111930 -0.097219 -0.122796
v 1.090447 -0.034676 -0.081163
v 1.099431 -0.022352 -0.051361
v 1.111930 -0.097219 0.115364
v 1.113619 -0.109631 0.054395
v 1.090447 -0.034676 0.073731
v 1.099431 -0.022352 0.043929
v 1.099431 -0.022352 -0.051361
v 1.119568 -0.113572 0.000266
v 1.113619 -0.109631 -0.061827
v 1.106516 -0.012544 0.000266
v 1.119568 -0.113572 0.000266
v 1.099431 -0.022352 0.043929
v 1.113619 -0.109631 0.054395
v 1.106516 -0.012544 0.000266
v -0.730227 -0.011273 0.046778
v -0.679940 0.027926 0.059924
v -0.679993 0.040434 0.038094
v -0.723734 -0.004219 0.095025
v -0.730227 -0.011273 -0.053535
v -0.735963 -0.010904 0.000088
v -0.679993 0.040434 -0.044851
v -0.679940 0.027926 -0.060082
v -0.730227 -0.011273 -0.053535
v -0.679993 0.040434 -0.044851
v -0.723734 -0.004219 -0.095183
v -0.735963 -0.010904 0.000088
v -0.679993 0.040434 0.038094
v -0.730227 -0.011273 0.046778
v -0.657662 0.371202 0.018138
v -0.649528 0.394463 0.000154
v -0.681567 0.377285 0.000154
v -0.637924 0.387497 0.010023
v -0.637924 0.387497 -0.009715
v -0.649528 0.394463 0.000154
v -0.605266 0.396786 0.000154
v -0.649528 0.394463 0.000154
v -0.657662 0.371202 -0.017829
v -0.681567 0.377285 0.000154
v 1.264448 0.311329 0.000154
v 1.276611 0.303811 0.012566
v 1.311232 0.313172 0.000154
v 1.481930 0.008838 -0.077924
v 1.542076 0.014942 -0.121510
v 1.480229 0.051977 -0.124956
v -0.449306 -0.063589 0.038526
v -0.407411 -0.019724 0.056932
v -0.443981 -0.046570 0.088323
v -0.649528 0.394463 0.000154
v -0.637924 0.387497 0.010023
v -0.605266 0.396786 0.000154
v -0.407411 -0.019725 -0.063648
v -0.449306 -0.063589 -0.045243
v -0.443981 -0.046570 -0.095040
v 1.510955 0.294347 0.000154
v 1.524709 0.283420 0.015400
v 1.568289 0.289841 0.000154
v 0.949776 0.322409 0.000154
v 0.962595 0.318063 0.010023
v 0.992534 0.334064 0.000154
v 0.695945 -0.124958 0.000070
v 0.738511 -0.162846 0.067780
v 0.746360 -0.161198 0.000070
v 0.688066 -0.126714 0.064665
v 0.695945 -0.124958 0.000070
v 0.738511 -0.162846 -0.067641
v 0.688066 -0.126714 -0.064525
v 0.746360 -0.161198 0.000070
v -0.800312 0.071397 0.089177
v -0.774330 0.049860 0.115793
v -0.745552 0.085137 0.087963
v 0.742431 -0.258497 0.000070
v 0.787971 -0.304705 0.071279
v 0.794193 -0.303735 0.000070
v 0.736164 -0.259584 0.067165
v 0.742431 -0.258497 0.000070
v 0.787971 -0.304705 -0.071139
v 0.736164 -0.259583 -0.067026
v 0.794193 -0.303735 0.000070
v 1.097253 0.302167 0.000154
v 1.110071 0.297821 0.011903
v 1.140011 0.313822 0.000154
v -0.800312 0.071397 -0.095934
v -0.745552 0.085137 -0.090889
v -0.774330 0.049860 -0.122550
v 1.339295 -0.231780 -0.056139
v 1.378007 -0.178629 -0.074223
v 1.343727 -0.222941 -0.111006
v 1.374398 -0.166247 -0.047039
v 1.339295 -0.231780 0.048978
v 1.378007 -0.178629 0.067062
v 1.374398 -0.166247 0.039879
v 1.343727 -0.222941 0.103845
v 1.480229 0.051977 0.121559
v 1.481930 0.008838 0.074526
v 1.465335 0.007260 0.072950
v 1.426243 0.051793 0.112865
v 1.480229 0.051977 0.121559
v 1.542076 0.014942 0.119857
v -0.837909 0.040676 0.040159
v -0.783474 0.038713 0.055139
v -0.776648 0.046928 0.032621
v -0.829786 0.041726 0.085609
v -0.837909 0.040676 -0.046916
v -0.783474 0.038713 -0.061896
v -0.829786 0.041727 -0.092366
v -0.776648 0.046928 -0.039378
v -0.775482 0.048450 -0.060031
v -0.745552 0.085137 -0.090889
v -0.800312 0.071397 -0.095934
v 1.276611 0.303811 -0.012258
v 1.264448 0.311329 0.000154
v 1.311232 0.313172 0.000154
v 1.264448 0.311329 0.000154
v 1.255532 0.286870 -0.022463
v 1.230367 0.293626 0.000154
v -0.775482 0.048450 0.053274
v -0.800312 0.071397 0.089177
v -0.745552 0.085137 0.087963
v -0.841461 0.044068 -0.000370
v -0.776648 0.046928 0.032621
v -0.771252 0.053471 -0.000370
v -0.837909 0.040676 0.040159
v 0.962595 0.318063 -0.009715
v 0.949776 0.322409 0.000154
v 0.992534 0.334064 0.000154
v 0.949776 0.322409 0.000154
v 0.946758 0.297953 -0.017829
v 0.922109 0.298829 0.000154
v 1.333503 -0.233045 0.000052
v 1.374398 -0.166247 0.039879
v 1.371490 -0.156434 0.000052
v 1.339295 -0.231780 0.048978
v 1.339295 -0.231780 -0.056139
v 1.333503 -0.233045 0.000052
v 1.374398 -0.166247 -0.047039
v 1.371490 -0.156434 0.000052
v 0.401062 -0.004536 0.112705
v 0.365971 -0.036772 0.083135
v 0.370074 -0.004577 0.079266
v 1.255532 0.286870 0.022771
v 1.264448 0.311329 0.000154
v 1.230367 0.293626 0.000154
v 1.276611 0.303811 0.012566
v 0.370075 -0.004576 -0.079000
v 0.401062 -0.004536 -0.112439
v 0.365971 -0.036772 -0.082868
v 1.333931 -0.173415 -0.115313
v 1.357148 -0.109336 -0.114311
v 1.373024 -0.161952 -0.147444
v 1.110071 0.297821 -0.011595
v 1.097253 0.302167 0.000154
v 1.140011 0.313822 0.000154
v 1.097253 0.302167 0.000154
v 1.094234 0.277711 -0.021254
v 1.069585 0.278587 0.000154
v 0.946758 0.297953 0.018138
v 0.949776 0.322409 0.000154
v 0.922109 0.298829 0.000154
v 0.962595 0.318063 0.010023
v 0.537784 -0.177596 -0.052463
v 0.469858 -0.148307 0.000070
v 0.539720 -0.181856 0.000070
v 0.471495 -0.143056 -0.066576
v 0.469858 -0.148307 0.000070
v 0.537784 -0.177596 0.052603
v 0.539720 -0.181856 0.000070
v 0.471495 -0.143056 0.066716
v 1.510955 0.294347 0.000154
v 1.524709 0.283420 -0.015093
v 1.496548 0.265798 -0.027627
v 1.466827 0.277671 0.000154
v 1.510955 0.294347 0.000154
v 1.568289 0.289841 0.000154
v 0.370074 -0.004577 0.079266
v 0.401062 -0.004536 0.112705
v 0.402519 0.036857 0.063825
v 0.370075 -0.004576 -0.079000
v 0.402519 0.036858 -0.063559
v 0.401062 -0.004536 -0.112439
v 1.333931 -0.173415 0.108152
v 1.373024 -0.161952 0.140284
v 1.357148 -0.109336 0.111775
v 0.546748 -0.141885 -0.068613
v 0.553052 -0.177254 -0.029950
v 0.603479 -0.162294 -0.067307
v 0.546748 -0.141885 0.068753
v 0.603478 -0.162295 0.067447
v 0.553052 -0.177254 0.030091
v 1.094234 0.277711 0.021563
v 1.097253 0.302167 0.000154
v 1.069585 0.278587 0.000154
v 1.110071 0.297821 0.011903
v 1.426243 0.051793 -0.120282
v 1.465335 0.007260 -0.080367
v 1.480229 0.051977 -0.124956
v 1.481930 0.008838 -0.077924
v 1.373659 -0.164055 0.064811
v 1.333931 -0.173415 0.108152
v 1.357148 -0.109336 0.111775
v 1.237665 0.260878 0.030958
v 1.230367 0.293626 0.000154
v 1.196473 0.271847 0.000154
v 1.255532 0.286870 0.022771
v 1.230367 0.293626 0.000154
v 1.255532 0.286870 -0.022463
v 1.237665 0.260878 -0.030649
v 1.196473 0.271847 0.000154
v 0.365971 -0.036772 -0.082868
v 0.401746 -0.012331 -0.048754
v 0.370075 -0.004576 -0.079000
v 0.370074 -0.004577 0.079266
v 0.401746 -0.012331 0.049020
v 0.365971 -0.036772 0.083135
v 1.496548 0.265798 0.027936
v 1.510955 0.294347 0.000154
v 1.466827 0.277671 0.000154
v 1.524709 0.283420 0.015400
v 0.355438 -0.067405 0.000133
v 0.401441 -0.017588 0.054987
v 0.401631 -0.020082 0.000133
v 0.358021 -0.068245 0.067151
v 0.358021 -0.068245 -0.066885
v 0.355438 -0.067405 0.000133
v 0.401441 -0.017588 -0.054721
v 0.401631 -0.020082 0.000133
v 0.402202 -0.008362 -0.035686
v 0.402519 0.036858 -0.063559
v 0.370075 -0.004576 -0.079000
v 0.402202 -0.008362 0.035952
v 0.370074 -0.004577 0.079266
v 0.402519 0.036857 0.063825
v 1.373659 -0.164055 -0.071971
v 1.357148 -0.109336 -0.114311
v 1.333931 -0.173415 -0.115313
v 0.708767 -0.273757 0.094136
v 0.676724 -0.317945 0.125972
v 0.739675 -0.309916 0.120548
v 0.672684 -0.282540 0.091723
v 0.736164 -0.259584 0.067165
v 0.787971 -0.304705 0.071279
v 0.708767 -0.273757 0.094136
v 0.708767 -0.273757 -0.093997
v 0.676724 -0.317945 -0.125832
v 0.672684 -0.282540 -0.091583
v 0.739675 -0.309916 -0.120408
v 0.736164 -0.259583 -0.067026
v 0.708767 -0.273757 -0.093997
v 0.787971 -0.304705 -0.071139
v 0.604921 -0.282887 0.095963
v 0.581116 -0.253603 0.069877
v 0.647771 -0.261670 0.071139
v 0.604921 -0.282887 -0.095824
v 0.581116 -0.253603 -0.069738
v 0.647771 -0.261670 -0.070999
v 0.365971 -0.036772 0.083135
v 0.401746 -0.012331 0.049020
v 0.358021 -0.068245 0.067151
v 0.358021 -0.068245 -0.066885
v 0.401441 -0.017588 -0.054721
v 0.365971 -0.036772 -0.082868
v 0.508712 -0.148595 -0.074450
v 0.537784 -0.177596 -0.052463
v 0.471495 -0.143056 -0.066576
v 0.508712 -0.148595 0.074590
v 0.537784 -0.177596 0.052603
v 0.471495 -0.143056 0.066716
v 0.589913 -0.287558 -0.039668
v 0.506496 -0.270804 0.008039
v 0.587912 -0.289917 0.008039
v 0.511867 -0.266964 -0.052289
v 0.587912 -0.289917 0.008039
v 0.506496 -0.270804 0.008039
v 0.511867 -0.266964 0.045039
v 0.589913 -0.287558 0.035464
v 0.581116 -0.253603 -0.069738
v 0.600355 -0.283508 -0.030442
v 0.647771 -0.261670 -0.070999
v 0.581116 -0.253603 0.069877
v 0.647771 -0.261670 0.071139
v 0.600355 -0.283508 0.030582
v -0.370171 -0.045506 0.089340
v -0.364104 -0.062797 0.038883
v -0.407411 -0.019724 0.056932
v -0.364104 -0.062797 -0.045599
v -0.370171 -0.045506 -0.096058
v -0.407411 -0.019725 -0.063648
v 0.544705 -0.265582 0.076261
v 0.590327 -0.286741 0.045512
v 0.525460 -0.266298 0.069029
v 0.590327 -0.286741 0.045512
v 0.511867 -0.266964 0.045039
v 0.589913 -0.287558 0.035464
v 0.544705 -0.265583 -0.076120
v 0.590327 -0.286741 -0.047302
v 0.525460 -0.266298 -0.072546
v 0.511867 -0.266964 -0.052289
v 0.590327 -0.286741 -0.047302
v 0.589913 -0.287558 -0.039668
v -0.622348 -0.010035 0.000088
v -0.679993 0.040434 0.038094
v -0.628192 -0.010324 0.047205
v -0.679993 0.040434 -0.044851
v -0.622348 -0.010035 0.000088
v -0.628192 -0.010324 -0.053962
v 1.425146 -0.136015 -0.122182
v 1.404026 -0.059073 -0.111044
v 1.454765 -0.098635 -0.159198
v -0.635343 -0.002945 0.096163
v -0.628192 -0.010324 0.047205
v -0.679940 0.027926 0.059924
v -0.679993 0.040434 0.038094
v -0.628192 -0.010324 -0.053962
v -0.635343 -0.002945 -0.096321
v -0.679940 0.027926 -0.060082
v -0.679993 0.040434 -0.044851
v 1.425146 -0.136015 0.120175
v 1.454765 -0.098635 0.157192
v 1.404026 -0.059073 0.114979
v 0.708767 -0.273757 -0.093997
v 0.691139 -0.315604 -0.055461
v 0.685265 -0.316039 -0.054607
v 0.708767 -0.273757 -0.093997
v 0.672684 -0.282540 -0.091583
v 0.680797 -0.316118 -0.039991
v 0.630617 -0.322426 -0.071164
v 0.691139 -0.315604 0.055601
v 0.708767 -0.273757 0.094136
v 0.685265 -0.316039 0.054746
v 0.708767 -0.273757 0.094136
v 0.672684 -0.282540 0.091723
v 0.680797 -0.316118 0.040131
v 0.630617 -0.322426 0.071304
v 1.333931 -0.173415 0.108152
v 1.378007 -0.178629 0.067062
v 1.343727 -0.222941 0.103845
v 1.333931 -0.173415 -0.115313
v 1.378007 -0.178629 -0.074223
v 1.343727 -0.222941 -0.111006
v 1.090447 -0.034676 -0.081163
v 1.012732 -0.036829 -0.061337
v 1.024207 -0.034594 -0.121490
v 1.012732 -0.036829 0.053905
v 1.090447 -0.034676 0.073731
v 1.024207 -0.034594 0.114058
v 1.465042 -0.193299 0.000604
v 1.458979 -0.101811 0.046485
v 1.449568 -0.094397 0.000604
v 1.469723 -0.188174 0.056969
v 1.469723 -0.188174 -0.064129
v 1.465042 -0.193299 0.000604
v 1.458979 -0.101811 -0.053646
v 1.449568 -0.094397 0.000604
v 1.456793 -0.100215 0.070245
v 1.425146 -0.136015 0.120175
v 1.404026 -0.059073 0.114979
v 1.469723 -0.188174 -0.064129
v 1.470799 -0.111206 -0.072032
v 1.467984 -0.176731 -0.114407
v 1.458979 -0.101811 -0.053646
v 1.425146 -0.136015 -0.122182
v 1.456793 -0.100215 -0.072251
v 1.404026 -0.059073 -0.111044
v 1.469723 -0.188174 0.056969
v 1.470799 -0.111207 0.072839
v 1.458979 -0.101811 0.046485
v 1.467984 -0.176731 0.115213
v 1.430984 -0.196560 -0.112197
v 1.411525 -0.149126 -0.116685
v 1.378007 -0.178629 -0.074223
v 1.373024 -0.161952 0.140284
v 1.411525 -0.149126 0.109525
v 1.357148 -0.109336 0.111775
v -1.105904 0.049962 0.030021
v -1.086601 0.066119 0.049364
v -1.103954 0.065753 0.034441
v -1.086706 0.037170 0.041976
v 1.533555 -0.092535 0.116587
v 1.454765 -0.098635 0.157192
v 1.529242 -0.156773 0.145920
v 1.482895 -0.060351 0.121757
v -1.165230 0.056589 0.033242
v -1.144012 0.075665 0.052195
v -1.162976 0.076139 0.038553
v -1.143896 0.042256 0.044112
v -1.024565 0.079136 -0.015864
v -1.049173 0.061291 -0.033890
v -1.024550 0.077393 -0.016756
v 1.486329 0.203800 0.000154
v 1.463695 0.180863 0.031125
v 1.463494 0.203600 0.019975
v 1.421525 0.056942 0.087363
v 1.465335 0.007260 0.072950
v 1.482486 0.007273 0.071595
v 1.526271 0.253924 0.000154
v 1.479401 0.237894 0.037992
v 1.496548 0.265798 0.027936
v 1.524709 0.283420 0.015400
v 1.538460 0.272492 0.000154
v -1.046927 0.081643 -0.033838
v -1.024565 0.079136 -0.015864
v -1.024585 0.081389 -0.015358
v -1.049173 0.061291 -0.033890
v -1.055228 0.046520 0.025790
v -1.024268 0.045137 0.048959
v -1.049173 0.061291 0.034198
v -1.024028 0.017590 0.030822
v -1.144012 0.075665 0.052195
v -1.144110 0.101350 0.035242
v -1.162976 0.076139 0.038553
v -0.976299 0.049954 0.031565
v -0.957270 0.068496 0.048903
v -0.974346 0.067715 0.035336
v -0.956996 0.037068 0.042958
v -1.049173 0.061291 0.034198
v -1.024593 0.082393 0.049605
v -1.046927 0.081643 0.034146
v -1.024268 0.045137 0.048959
v 1.102458 -0.017966 0.154007
v 1.111930 -0.097219 0.115364
v 1.142276 -0.044742 0.120286
v 1.046923 -0.095571 0.143280
v -1.046927 0.081643 -0.033838
v -1.024585 0.081389 -0.015358
v -1.024843 0.111089 -0.031901
v -0.829786 0.041726 0.085609
v -0.816626 -0.001920 0.107689
v -0.774330 0.049860 0.115793
v -0.800312 0.071397 0.089177
v 1.484241 0.009074 0.156427
v 1.489792 -0.033490 0.123048
v 1.542076 0.014942 0.119857
v -1.024593 0.082393 0.049605
v -1.024843 0.111089 0.032209
v -1.046927 0.081643 0.034146
v -0.913785 0.057973 0.031387
v -0.891176 0.077150 0.052477
v -0.911747 0.076469 0.036130
v -0.890852 0.043160 0.044484
v -0.957270 0.068496 0.048903
v -0.957480 0.092531 0.030494
v -0.974346 0.067715 0.035336
v -0.891176 0.077150 0.052477
v -0.891420 0.103359 0.032156
v -0.911747 0.076469 0.036130
v -0.561989 0.239890 0.088283
v -0.515129 0.280758 0.112452
v -0.514863 0.207388 0.123537
v -0.556883 0.206875 0.094402
v -0.723734 -0.004219 0.095025
v -0.679088 -0.033456 0.120462
v -0.680122 0.044803 0.129799
v -0.719627 0.044567 0.099135
v 1.237665 0.260878 0.030958
v 1.265068 0.221490 0.000154
v 1.271472 0.250087 0.000154
v 1.220510 0.234171 0.039096
v 1.110071 0.297821 0.011903
v 1.118883 0.276835 0.000154
v 1.122891 0.293475 0.000154
v 1.094234 0.277711 0.021563
v 1.088537 0.244460 0.029312
v 1.122119 0.243639 0.000154
v 0.619615 -0.315503 0.069849
v 0.647771 -0.261670 0.071139
v 0.604921 -0.282887 0.095963
v 1.255532 0.286870 0.022771
v 1.271472 0.250087 0.000154
v 1.280698 0.280115 0.000154
v 1.237665 0.260878 0.030958
v 0.669858 0.220268 0.112217
v 0.712497 0.249937 0.081151
v 0.669618 0.286967 0.102140
v 0.707902 0.218954 0.086863
v 0.697479 -0.171466 0.096729
v 0.681271 -0.211285 0.077707
v 0.712113 -0.212158 0.067371
v 0.738511 -0.162846 0.067780
v 1.480229 0.051977 0.121559
v 1.484241 0.009074 0.156427
v 1.542076 0.014942 0.119857
v -0.670282 0.339915 0.024647
v -0.681567 0.377285 0.000154
v -0.702924 0.347837 0.000154
v -0.657662 0.371202 0.018138
v 0.787971 -0.304705 0.071279
v 0.717630 -0.352103 0.092900
v 0.753698 -0.356284 0.067915
v 0.739675 -0.309916 0.120548
v 0.717630 -0.352103 0.092900
v 0.676724 -0.317945 0.125972
v 0.944939 0.202532 0.022069
v 0.960440 0.231395 0.000154
v 0.940791 0.227448 0.014767
v 0.974144 0.209137 0.000154
v -0.698177 0.269031 0.000154
v -0.708999 0.208388 0.000154
v -0.679059 0.208649 0.022069
v -0.678137 0.268722 0.014767
v -0.674645 0.283812 0.029232
v -0.702924 0.347837 0.000154
v -0.720485 0.283713 0.000154
v -0.670282 0.339915 0.024647
v 1.102458 -0.017966 0.154007
v 1.142276 -0.044742 0.120286
v 1.140244 0.034900 0.116265
v -0.719627 0.044567 0.099135
v -0.680122 0.044803 0.129799
v -0.680861 0.098095 0.094831
v 0.567659 -0.211931 0.066393
v 0.603478 -0.162295 0.067447
v 0.557695 -0.177291 0.094419
v 0.974642 0.263881 0.000154
v 0.946758 0.297953 0.018138
v 0.941061 0.264702 0.024647
v 0.971405 0.297077 0.000154
v 0.941006 0.242937 0.029232
v 0.974642 0.263881 0.000154
v 0.982117 0.239706 0.000154
v 1.276611 0.303811 0.012566
v 1.280698 0.280115 0.000154
v 1.288776 0.296292 0.000154
v 1.255532 0.286870 0.022771
v -0.583815 -0.018670 0.108581
v -0.584498 0.033057 0.113029
v -0.612412 0.000056 0.091133
v -0.609800 0.032905 0.092545
v -0.406714 0.276957 0.074766
v -0.366944 0.311635 0.095275
v -0.366722 0.249377 0.104681
v -0.402375 0.248941 0.079958
v -0.366539 0.200516 0.083099
v -0.366722 0.249377 0.104681
v 0.521800 0.219282 0.104681
v 0.561600 0.246975 0.075683
v 0.521576 0.281540 0.095275
v 0.557311 0.218055 0.081015
v -0.609800 0.032905 0.092545
v -0.584498 0.033057 0.113029
v -0.584971 0.067191 0.091421
v -0.443981 -0.046570 0.088323
v -0.406697 -0.070984 0.111072
v -0.407569 -0.005632 0.119323
v -0.440555 -0.005829 0.092616
v -0.261508 0.242061 0.080168
v -0.218901 0.279213 0.102140
v -0.218668 0.212513 0.112217
v -0.256864 0.212046 0.085731
v -0.440555 -0.005829 0.092616
v -0.407569 -0.005632 0.119323
v -0.408182 0.038871 0.091345
v 0.557695 -0.177291 0.094419
v 0.533008 -0.226915 0.073610
v 0.567659 -0.211931 0.066393
v 0.494385 -0.195947 0.095514
v 1.524709 0.283420 0.015400
v 1.538460 0.272492 0.000154
v 1.568289 0.289841 0.000154
v 0.545374 -0.310181 0.097653
v 0.569660 -0.346251 0.076082
v 0.587701 -0.335129 0.075259
v 0.519415 -0.320522 0.083088
v 0.604921 -0.282887 0.095963
v 0.545374 -0.310181 0.097653
v 0.619615 -0.315503 0.069849
v 0.962595 0.318063 0.010023
v 0.971405 0.297077 0.000154
v 0.975414 0.313717 0.000154
v 0.946758 0.297953 0.018138
v 0.681271 -0.211285 -0.077568
v 0.649082 -0.181632 -0.051319
v 0.648651 -0.214567 -0.071300
v 0.373658 0.215142 0.123537
v 0.420562 0.247778 0.089364
v 0.373396 0.288512 0.112452
v 0.415507 0.213698 0.095647
v -0.302871 -0.071845 0.109036
v -0.303779 -0.003089 0.120345
v -0.342096 -0.046159 0.086689
v -0.338485 -0.003298 0.093405
v -0.612425 0.001657 -0.094167
v -0.584479 0.031692 -0.075549
v -0.609800 0.032905 -0.095078
v 0.669980 0.210756 0.049848
v 0.719303 0.255295 0.044561
v 0.670167 0.195229 0.036692
v -0.338485 -0.003298 0.093405
v -0.303779 -0.003089 0.120345
v -0.304427 0.043730 0.092090
v -0.556883 0.206875 0.094402
v -0.514648 0.149808 0.079002
v -0.514863 0.207388 0.123537
v 0.669858 0.220268 0.112217
v 0.670051 0.167922 0.082233
v 0.707902 0.218954 0.086863
v -0.117728 0.243767 0.088283
v -0.070868 0.284635 0.112452
v -0.070602 0.211264 0.123537
v -0.112623 0.210752 0.094402
v 0.681271 -0.211285 0.077707
v 0.697479 -0.171466 0.096729
v 0.641565 -0.184077 0.095778
v 0.648651 -0.214567 0.071440
v -0.584479 0.031692 -0.075549
v -0.584971 0.067191 -0.093955
v -0.609800 0.032905 -0.095078
v 1.110071 0.297821 0.011903
v 1.122891 0.293475 0.000154
v 1.140011 0.313822 0.000154
v 0.225596 0.216390 0.112217
v 0.268237 0.246061 0.081151
v 0.225357 0.283090 0.102140
v 0.263641 0.215077 0.086863
v 1.373024 -0.161952 0.140284
v 1.430984 -0.196560 0.105037
v 1.411525 -0.149126 0.109525
v 1.396293 -0.239235 0.130500
v 0.521800 0.219282 0.104681
v 0.521979 0.170421 0.081436
v 0.557311 0.218055 0.081015
v 0.401062 -0.004536 0.112705
v 0.436456 -0.038140 0.084240
v 0.400769 -0.061278 0.107855
v -0.674645 0.283812 0.029232
v -0.698177 0.269031 0.000154
v -0.678137 0.268722 0.014767
v 0.494385 -0.195947 0.095514
v 0.503165 -0.243344 0.066055
v 0.533008 -0.226915 0.073610
v 0.441007 -0.207675 0.071736
v 0.521913 0.210404 0.046464
v 0.567952 0.251977 0.041530
v 0.522088 0.195911 0.034184
v -0.829786 0.041727 -0.092366
v -0.800312 0.071397 -0.095934
v -0.783474 0.038713 -0.061896
v -0.256864 0.212046 0.085731
v -0.218472 0.160167 0.080974
v -0.218668 0.212513 0.112217
v 0.587701 -0.335129 -0.075119
v 0.590327 -0.286741 -0.047302
v 0.569660 -0.346251 -0.082023
v 0.596397 -0.285875 -0.044216
v 0.619615 -0.315503 -0.069709
v 0.688066 -0.126714 0.064665
v 0.697479 -0.171466 0.096729
v 0.738511 -0.162846 0.067780
v 0.666591 -0.141602 0.078558
v 1.276611 0.303811 0.012566
v 1.288776 0.296292 0.000154
v 1.311232 0.313172 0.000154
v 0.037550 0.242985 0.074766
v 0.077315 0.277663 0.095275
v 0.077538 0.215405 0.104681
v 0.041883 0.214969 0.079958
v 0.077719 0.166545 0.080841
v 0.077538 0.215405 0.104681
v 0.962595 0.318063 0.010023
v 0.975414 0.313717 0.000154
v 0.992534 0.334064 0.000154
v 0.077538 0.215405 0.104681
v 0.117339 0.243098 0.075683
v 0.077315 0.277663 0.095275
v 0.113051 0.214179 0.081015
v 0.373658 0.215142 0.123537
v 0.373872 0.157562 0.080833
v 0.415507 0.213698 0.095647
v 0.533008 -0.226915 -0.073470
v 0.537784 -0.177596 -0.052463
v 0.503165 -0.243344 -0.065915
v 0.373793 0.204679 0.054930
v 0.428047 0.253671 0.049115
v 0.373999 0.187601 0.040458
v 0.400769 -0.061278 0.107855
v 0.358021 -0.068245 0.067151
v 0.365971 -0.036772 0.083135
v -0.112623 0.210752 0.094402
v -0.070387 0.153684 0.078238
v -0.070602 0.211264 0.123537
v 0.182756 0.245938 0.080168
v 0.225357 0.283090 0.102140
v 0.225596 0.216390 0.112217
v 0.187398 0.215923 0.085731
v 0.225596 0.216390 0.112217
v 0.225789 0.164044 0.081634
v 0.263641 0.215077 0.086863
v 0.567659 -0.211931 -0.066253
v 0.548764 -0.179046 -0.043245
v 0.533008 -0.226915 -0.073470
v -0.070602 0.211264 0.123537
v -0.023696 0.243901 0.089364
v -0.070868 0.284635 0.112452
v -0.028756 0.209820 0.095647
v 0.401062 -0.004536 0.112705
v 0.365971 -0.036772 0.083135
v 0.400769 -0.061278 0.107855
v 0.077538 0.215405 0.104681
v 0.077719 0.166545 0.080841
v 0.113051 0.214179 0.081015
v 0.225719 0.206879 0.049848
v 0.275041 0.251417 0.044561
v 0.225906 0.191352 0.036692
v 0.557695 -0.177291 0.094419
v 0.508712 -0.148595 0.074590
v 0.494385 -0.195947 0.095514
v 0.546748 -0.141885 0.068753
v 0.603478 -0.162295 0.067447
v 0.326535 0.247644 0.088283
v 0.373396 0.288512 0.112452
v 0.373658 0.215142 0.123537
v 0.331640 0.214628 0.094402
v 0.187398 0.215923 0.085731
v 0.225789 0.164044 0.081634
v 0.225596 0.216390 0.112217
v -0.303779 -0.003089 0.120345
v -0.269232 -0.001623 0.094556
v -0.304427 0.043730 0.092090
v -0.218668 0.212513 0.112217
v -0.176021 0.242182 0.081151
v -0.218901 0.279213 0.102140
v -0.180621 0.211200 0.086863
v -0.264433 -0.045039 0.087688
v -0.303779 -0.003089 0.120345
v -0.302871 -0.071845 0.109036
v -0.269232 -0.001623 0.094556
v -0.070602 0.211264 0.123537
v -0.070387 0.153684 0.078238
v -0.028756 0.209820 0.095647
v -0.774330 0.049860 0.115793
v -0.771246 -0.005974 0.086596
v -0.747689 0.029363 0.090314
v -0.816626 -0.001920 0.107689
v 0.077652 0.206526 0.046464
v 0.123691 0.248099 0.041530
v 0.077827 0.192033 0.034184
v 0.494385 -0.195947 0.095514
v 0.471495 -0.143056 0.066716
v 0.441007 -0.207675 0.071736
v 0.508712 -0.148595 0.074590
v 0.331640 0.214628 0.094402
v 0.373872 0.157562 0.080833
v 0.373658 0.215142 0.123537
v -0.407569 -0.005632 0.119323
v -0.374734 -0.004238 0.093757
v -0.408182 0.038871 0.091345
v -0.218668 0.212513 0.112217
v -0.218472 0.160167 0.080974
v -0.180621 0.211200 0.086863
v 0.708767 -0.273757 0.094136
v 0.676724 -0.317945 0.125972
v 0.739675 -0.309916 0.120548
v 0.604921 -0.282887 0.095963
v 0.544705 -0.265582 0.076261
v 0.545374 -0.310181 0.097653
v 0.581116 -0.253603 0.069877
v 0.481811 0.246862 0.074766
v 0.521576 0.281540 0.095275
v 0.521800 0.219282 0.104681
v 0.486143 0.218846 0.079958
v 0.521979 0.170421 0.081436
v 0.521800 0.219282 0.104681
v 0.548764 -0.179046 -0.043245
v 0.508712 -0.148595 -0.074450
v 0.537784 -0.177596 -0.052463
v -0.366722 0.249377 0.104681
v -0.326925 0.277071 0.075683
v -0.366944 0.311635 0.095275
v -0.331212 0.248151 0.081015
v -0.370171 -0.045506 0.089340
v -0.407569 -0.005632 0.119323
v -0.406697 -0.070984 0.111072
v -0.374734 -0.004238 0.093757
v 0.666591 -0.141602 0.078558
v 0.641565 -0.184077 0.095778
v 0.697479 -0.171466 0.096729
v 0.634901 -0.152590 0.073489
v 0.600494 -0.192054 0.070738
v -0.584498 0.033057 0.113029
v -0.559308 0.034126 0.093420
v -0.584971 0.067191 0.091421
v -0.070467 0.200802 0.054930
v -0.016212 0.249795 0.049115
v -0.070257 0.183723 0.040458
v -0.366722 0.249377 0.104681
v -0.366539 0.200516 0.083099
v -0.331212 0.248151 0.081015
v 0.627017 0.249815 0.080168
v 0.669618 0.286967 0.102140
v 0.669858 0.220268 0.112217
v 0.631660 0.219800 0.085731
v -0.680122 0.044803 0.129799
v -0.640805 0.046472 0.100446
v -0.680861 0.098095 0.094831
v -0.555797 0.000872 0.091914
v -0.584498 0.033057 0.113029
v -0.583815 -0.018670 0.108581
v -0.559308 0.034126 0.093420
v 0.941061 0.264702 0.024647
v 0.922109 0.298829 0.000154
v 0.907478 0.265522 0.000154
v 0.946758 0.297953 0.018138
v -0.514863 0.207388 0.123537
v -0.467957 0.240025 0.089364
v -0.515129 0.280758 0.112452
v -0.473017 0.205944 0.095647
v 1.196473 0.271847 0.000154
v 1.220510 0.234171 0.039096
v 1.237665 0.260878 0.030958
v 1.171793 0.236520 0.000154
v 0.631660 0.219800 0.085731
v 0.670051 0.167922 0.082233
v 0.669858 0.220268 0.112217
v 0.941006 0.242937 0.029232
v 0.907478 0.265522 0.000154
v 0.896227 0.233121 0.000154
v 0.941061 0.264702 0.024647
v -0.514863 0.207388 0.123537
v -0.514648 0.149808 0.079002
v -0.473017 0.205944 0.095647
v -0.218541 0.203002 0.049848
v -0.169221 0.247540 0.044561
v -0.218354 0.187475 0.036692
v 0.915735 0.195930 0.000154
v 0.944939 0.202532 0.022069
v 0.921142 0.223502 0.000154
v 0.940791 0.227448 0.014767
v -0.635343 -0.002945 0.096163
v -0.680122 0.044803 0.129799
v -0.679088 -0.033456 0.120462
v -0.640805 0.046472 0.100446
v 1.088537 0.244460 0.029312
v 1.069585 0.278587 0.000154
v 1.054954 0.245281 0.000154
v 1.094234 0.277711 0.021563
v 0.634901 -0.152590 -0.073349
v 0.649082 -0.181632 -0.051319
v 0.666591 -0.141602 -0.078418
v 0.546748 -0.141885 -0.068613
v 0.548764 -0.179046 -0.043245
v 0.508712 -0.148595 -0.074450
v 0.545374 -0.310181 0.097653
v 0.525460 -0.266298 0.069029
v 0.519415 -0.320522 0.083088
v 0.544705 -0.265582 0.076261
v 0.596397 -0.285875 -0.044216
v 0.544705 -0.265583 -0.076120
v 0.590327 -0.286741 -0.047302
v 0.581116 -0.253603 -0.069738
v 0.544705 -0.265583 -0.076120
v -0.559308 0.034126 -0.095954
v -0.584971 0.067191 -0.093955
v -0.584479 0.031692 -0.075549
v 1.088482 0.222695 0.034770
v 1.054954 0.245281 0.000154
v 1.043703 0.212879 0.000154
v 1.088537 0.244460 0.029312
v -0.366610 0.240498 0.046464
v -0.320565 0.282071 0.041530
v -0.366431 0.226005 0.034184
v 1.046923 -0.095571 0.143280
v 1.102458 -0.017966 0.154007
v 1.024207 -0.034594 0.114058
v 1.063491 0.010349 0.118780
v -0.679059 0.208649 0.022069
v -0.658098 0.268413 0.000154
v -0.678137 0.268722 0.014767
v -0.649120 0.208910 0.000154
v 1.479401 0.237894 0.037992
v 1.466827 0.277671 0.000154
v 1.441155 0.258812 0.000154
v 1.496548 0.265798 0.027936
v -0.637924 0.387497 0.010023
v -0.626320 0.380532 0.000154
v -0.605266 0.396786 0.000154
v -0.637640 0.331993 0.000154
v -0.657662 0.371202 0.018138
v -0.670282 0.339915 0.024647
v -0.633765 0.365119 0.000154
v -0.674645 0.283812 0.029232
v -0.637640 0.331993 0.000154
v -0.635156 0.271939 0.000154
v 1.426243 0.051793 0.112865
v 1.398719 0.000501 0.141790
v 1.484241 0.009074 0.156427
v 1.480229 0.051977 0.121559
v 1.436029 -0.044129 0.114159
v 1.398719 0.000501 0.141790
v 1.484241 0.009074 0.156427
v 1.489792 -0.033490 0.123048
v 1.180149 0.204501 0.000154
v 1.210841 0.203768 0.026803
v 1.189446 0.226058 0.000154
v 1.211360 0.225534 0.019181
v -0.555811 0.002473 -0.094948
v -0.584479 0.031692 -0.075549
v -0.559308 0.034126 -0.095954
v 1.063491 0.010349 0.118780
v 1.102458 -0.017966 0.154007
v 1.140244 0.034900 0.116265
v 0.941006 0.242937 0.029232
v 0.921142 0.223502 0.000154
v 0.940791 0.227448 0.014767
v 1.092416 0.182291 0.026243
v 1.068618 0.203260 0.000154
v 1.088267 0.207206 0.017550
v -0.637924 0.387497 0.010023
v -0.633765 0.365119 0.000154
v -0.626320 0.380532 0.000154
v -0.657662 0.371202 0.018138
v -0.514728 0.196926 0.054930
v -0.460472 0.245918 0.049115
v -0.514518 0.179846 0.040458
v -0.870591 0.076859 0.036130
v -0.891420 0.103359 0.032156
v -0.891176 0.077150 0.052477
v 1.373659 -0.164055 -0.071971
v 1.333931 -0.173415 -0.115313
v 1.378007 -0.178629 -0.074223
v -0.775482 0.048450 -0.060031
v -0.783474 0.038713 -0.061896
v -0.747689 0.029363 -0.097071
v -0.771246 -0.005974 -0.093353
v -0.940182 0.068013 0.035336
v -0.957480 0.092531 0.030494
v -0.957270 0.068496 0.048903
v 1.468514 0.214731 0.045148
v 1.441155 0.258812 0.000154
v 1.416482 0.215869 0.000154
v 1.479401 0.237894 0.037992
v -0.890852 0.043160 0.044484
v -0.868210 0.058405 0.031387
v -0.891176 0.077150 0.052477
v -0.870591 0.076859 0.036130
v -1.024268 0.045137 0.048959
v -0.999649 0.061724 0.034198
v -1.024593 0.082393 0.049605
v -1.002250 0.082034 0.034146
v -1.024843 0.111089 0.032209
v -1.024593 0.082393 0.049605
v -0.956996 0.037068 0.042958
v -0.937919 0.050289 0.031565
v -0.957270 0.068496 0.048903
v -0.940182 0.068013 0.035336
v -0.999649 0.061724 0.034198
v -1.024268 0.045137 0.048959
v -0.993337 0.047060 0.025790
v -1.024028 0.017590 0.030822
v -1.124977 0.075883 0.037943
v -1.144110 0.101350 0.035242
v -1.144012 0.075665 0.052195
v 1.428015 0.180552 0.000154
v 1.463494 0.203600 0.019975
v 1.463695 0.180863 0.031125
v -1.024585 0.081389 -0.015358
v -1.002250 0.082034 -0.033838
v -1.024843 0.111089 -0.031901
v -1.143896 0.042256 0.044112
v -1.122625 0.056719 0.032733
v -1.144012 0.075665 0.052195
v -1.124977 0.075883 0.037943
v -1.086706 0.037170 0.041976
v -1.067421 0.049819 0.030021
v -1.086601 0.066119 0.049364
v -1.069245 0.065623 0.034441
v -1.024565 0.079136 -0.015864
v -0.999649 0.061724 -0.033890
v -1.002250 0.082034 -0.033838
v -1.024585 0.081389 -0.015358
v -0.999649 0.061724 -0.033890
v -1.024565 0.079136 -0.015864
v -1.024550 0.077393 -0.016756
v 1.467984 -0.176731 -0.114407
v 1.470799 -0.111206 -0.072032
v 1.425146 -0.136015 -0.122182
v 1.467984 -0.176731 0.115213
v 1.529242 -0.156773 0.145920
v 1.454765 -0.098635 0.157192
v 1.425146 -0.136015 0.120175
v 1.396293 -0.239235 0.130500
v 1.373024 -0.161952 0.140284
v 1.343727 -0.222941 0.103845
v 1.333931 -0.173415 0.108152
v -1.165230 0.056589 -0.032933
v -1.143996 0.069824 -0.013724
v -1.143999 0.071841 -0.016720
v -1.171252 0.042164 -0.018964
v -1.144010 0.074639 -0.018411
v -1.162976 0.076139 -0.038244
v -1.165230 0.056589 0.033242
v -1.143996 0.069824 0.014033
v -1.171252 0.042164 0.019274
v -1.143999 0.071841 0.017029
v -1.144010 0.074639 0.018720
v -1.162976 0.076139 0.038553
v -1.143985 0.066921 0.000154
v -1.171295 0.037334 0.000154
v -1.171252 0.042164 0.019274
v -1.143996 0.069824 0.014033
v -1.143996 0.069824 -0.013724
v -1.171252 0.042164 -0.018964
v -1.143985 0.066921 0.000154
v -1.171295 0.037334 0.000154
v -1.105904 0.049962 -0.029713
v -1.086616 0.062234 -0.012875
v -1.086613 0.063588 -0.015114
v -1.110751 0.038545 -0.017717
v -1.086608 0.065339 -0.016291
v -1.103954 0.065753 -0.034132
v -1.105904 0.049962 0.030021
v -1.086616 0.062234 0.013184
v -1.110751 0.038545 0.018026
v -1.086613 0.063588 0.015422
v -1.086608 0.065339 0.016600
v -1.103954 0.065753 0.034441
v -1.086623 0.059938 0.000154
v -1.110808 0.034567 0.000154
v -1.110751 0.038545 0.018026
v -1.110751 0.038545 -0.017717
v -1.086623 0.059938 0.000154
v -1.110808 0.034567 0.000154
v -1.162976 0.076139 -0.038244
v -1.144010 0.074639 -0.018411
v -1.144110 0.101350 -0.034934
v -1.162976 0.076139 0.038553
v -1.144110 0.101350 0.035242
v -1.144010 0.074639 0.018720
v -1.105904 0.049962 0.030021
v -1.086706 0.037170 0.041976
v -1.110751 0.038545 0.018026
v -1.086786 0.015767 0.020817
v -1.105904 0.049962 -0.029713
v -1.086706 0.037170 -0.041667
v -1.110751 0.038545 -0.017717
v -1.086786 0.015767 -0.020508
v -1.024524 0.074438 0.000154
v -1.055240 0.041400 0.000154
v -1.055228 0.046520 0.025790
v -1.024550 0.077393 0.017064
v -1.024550 0.077393 -0.016756
v -1.055228 0.046520 -0.025482
v -1.024524 0.074438 0.000154
v -1.055240 0.041400 0.000154
v -1.165230 0.056589 0.033242
v -1.143896 0.042256 0.044112
v -1.171252 0.042164 0.019274
v -1.143804 0.017173 0.021138
v -1.165230 0.056589 -0.032933
v -1.143896 0.042256 -0.043804
v -1.171252 0.042164 -0.018964
v -1.143804 0.017173 -0.020828
v -1.049173 0.061291 -0.033890
v -1.024550 0.077393 -0.016756
v -1.055228 0.046520 -0.025482
v -1.049173 0.061291 0.034198
v -1.024550 0.077393 0.017064
v -1.055228 0.046520 0.025790
v -1.103954 0.065753 -0.034132
v -1.086608 0.065339 -0.016291
v -1.086521 0.088416 -0.032933
v -1.103954 0.065753 0.034441
v -1.086521 0.088416 0.033242
v -1.086608 0.065339 0.016600
v -1.086601 0.066119 0.049364
v -1.086521 0.088416 0.033242
v -1.103954 0.065753 0.034441
v -1.086601 0.066119 -0.049056
v -1.103954 0.065753 -0.034132
v -1.086521 0.088416 -0.032933
v -0.957183 0.058445 0.000154
v -0.981831 0.032339 0.000154
v -0.981820 0.036643 0.017755
v -0.957209 0.061452 0.014273
v -0.957209 0.061452 -0.013965
v -0.981820 0.036643 -0.017447
v -0.957183 0.058445 0.000154
v -0.981831 0.032339 0.000154
v -0.829740 -0.018154 -0.050099
v -0.832371 -0.021446 -0.000370
v -0.837909 0.040676 -0.046916
v -0.841461 0.044068 -0.000370
v -0.832371 -0.021446 -0.000370
v -0.837909 0.040676 0.040159
v -0.841461 0.044068 -0.000370
v -0.829740 -0.018154 0.043342
v -0.976299 0.049954 -0.031257
v -0.957209 0.061452 -0.013965
v -0.957229 0.063844 -0.017931
v -0.981820 0.036643 -0.017447
v -0.976299 0.049954 0.031565
v -0.957209 0.061452 0.014273
v -0.981820 0.036643 0.017755
v -0.957229 0.063844 0.018239
v -0.957229 0.063844 -0.017931
v -0.974346 0.067715 -0.035027
v -0.976299 0.049954 -0.031257
v -0.957260 0.067365 -0.019418
v -0.957229 0.063844 0.018239
v -0.974346 0.067715 0.035336
v -0.957260 0.067365 0.019726
v -0.976299 0.049954 0.031565
v -0.913785 0.057973 -0.031079
v -0.891133 0.072914 -0.012736
v -0.891146 0.074397 -0.015025
v -0.919248 0.044584 -0.018146
v -0.891169 0.076274 -0.016206
v -0.911747 0.076469 -0.035821
v -0.913785 0.057973 0.031387
v -0.891133 0.072914 0.013044
v -0.919248 0.044584 0.018455
v -0.891146 0.074397 0.015334
v -0.891169 0.076274 0.016515
v -0.911747 0.076469 0.036130
v -0.891109 0.070276 0.000154
v -0.919256 0.039917 0.000154
v -0.919248 0.044584 0.018455
v -0.891133 0.072914 0.013044
v -0.891133 0.072914 -0.012736
v -0.919248 0.044584 -0.018146
v -0.891109 0.070276 0.000154
v -0.919256 0.039917 0.000154
v -0.956996 0.037068 0.042958
v -0.981820 0.036643 0.017755
v -0.956786 0.013062 0.019707
v -0.976299 0.049954 0.031565
v -0.956996 0.037068 -0.042649
v -0.981820 0.036643 -0.017447
v -0.976299 0.049954 -0.031257
v -0.956786 0.013062 -0.019399
v -0.974346 0.067715 -0.035027
v -0.957260 0.067365 -0.019418
v -0.957480 0.092531 -0.030186
v -0.974346 0.067715 0.035336
v -0.957480 0.092531 0.030494
v -0.957260 0.067365 0.019726
v -0.829786 0.041727 -0.092366
v -0.829740 -0.018154 -0.050099
v -0.837909 0.040676 -0.046916
v -0.816626 -0.001920 -0.114446
v -0.829740 -0.018154 0.043342
v -0.829786 0.041726 0.085609
v -0.837909 0.040676 0.040159
v -0.816626 -0.001920 0.107689
v -0.890852 0.043160 0.044484
v -0.919248 0.044584 0.018455
v -0.890612 0.018115 0.021575
v -0.913785 0.057973 0.031387
v -0.890852 0.043160 -0.044176
v -0.919248 0.044584 -0.018146
v -0.913785 0.057973 -0.031079
v -0.890612 0.018115 -0.021267
v -0.911747 0.076469 -0.035821
v -0.891169 0.076274 -0.016206
v -0.891420 0.103359 -0.031847
v -0.911747 0.076469 0.036130
v -0.891420 0.103359 0.032156
v -0.891169 0.076274 0.016515
v -0.575096 0.244427 -0.002241
v -0.515158 0.314119 0.052194
v -0.515139 0.320857 -0.002241
v -0.569004 0.245051 0.048709
v -0.515158 0.314119 -0.050090
v -0.575096 0.244427 -0.002241
v -0.515139 0.320857 -0.002241
v -0.569004 0.245051 -0.046605
v -0.561989 0.239890 -0.092449
v -0.515158 0.314119 -0.050090
v -0.515129 0.280758 -0.116618
v -0.569004 0.245051 -0.046605
v -0.515158 0.314119 0.052194
v -0.561989 0.239890 0.088283
v -0.515129 0.280758 0.112452
v -0.569004 0.245051 0.048709
v -0.417838 0.280806 -0.002050
v -0.366973 0.339945 0.044142
v -0.366953 0.345663 -0.002050
v -0.412668 0.281337 0.041185
v -0.366973 0.339945 -0.042652
v -0.417838 0.280806 -0.002050
v -0.366953 0.345663 -0.002050
v -0.412668 0.281337 -0.039695
v -0.723734 -0.004219 0.095025
v -0.679940 0.027926 0.059924
v -0.719627 0.044567 0.099135
v -0.680097 0.042673 0.057775
v -0.735963 -0.010904 0.000088
v -0.679993 0.040434 -0.044851
v -0.680080 0.050358 0.000088
v -0.723734 -0.004219 -0.095183
v -0.679940 0.027926 -0.060082
v -0.719627 0.044567 -0.101624
v -0.680097 0.042673 -0.060263
v -0.680861 0.098095 -0.092397
v -0.719627 0.044567 -0.101624
v -0.735963 -0.010904 0.000088
v -0.679993 0.040434 0.038094
v -0.680080 0.050358 0.000088
v -0.583815 -0.018670 0.108581
v -0.616515 -0.011397 0.080027
v -0.583463 -0.041250 0.085531
v -0.612412 0.000056 0.091133
v -0.612425 0.001657 -0.094167
v -0.583829 -0.017069 -0.111616
v -0.616515 -0.011397 -0.078630
v -0.583463 -0.041250 -0.084134
v -0.406714 0.276957 -0.078596
v -0.366973 0.339945 -0.042652
v -0.366944 0.311636 -0.099105
v -0.412668 0.281337 -0.039695
v -0.366973 0.339945 0.044142
v -0.406714 0.276957 0.074766
v -0.366944 0.311635 0.095275
v -0.412668 0.281337 0.041185
v -0.680097 0.042673 0.057775
v -0.719627 0.044567 0.099135
v -0.680861 0.098095 0.094831
v -0.273427 0.246185 -0.002126
v -0.218931 0.309542 0.047360
v -0.218915 0.315668 -0.002126
v -0.267882 0.246753 0.044193
v -0.218931 0.309542 -0.045625
v -0.273427 0.246185 -0.002126
v -0.218915 0.315668 -0.002126
v -0.267882 0.246753 -0.042457
v -0.261508 0.242061 -0.084133
v -0.218931 0.309542 -0.045625
v -0.218901 0.279214 -0.106105
v -0.267882 0.246753 -0.042457
v -0.616515 -0.011397 -0.078630
v -0.620129 -0.017803 -0.001138
v -0.584336 0.021722 -0.065598
v -0.584333 0.021437 -0.001138
v -0.620129 -0.017803 -0.001138
v -0.584336 0.021722 0.066996
v -0.584333 0.021437 -0.001138
v -0.616515 -0.011397 0.080027
v -0.218931 0.309542 0.047360
v -0.261508 0.242061 0.080168
v -0.218901 0.279213 0.102140
v -0.267882 0.246753 0.044193
v -0.575096 0.244427 -0.002241
v -0.514408 0.166293 -0.002241
v -0.514518 0.179846 0.040458
v -0.569004 0.245051 0.048709
v -0.569004 0.245051 -0.046605
v -0.514518 0.179846 -0.038354
v -0.575096 0.244427 -0.002241
v -0.514408 0.166293 -0.002241
v -0.584375 0.022247 -0.070089
v -0.616515 -0.011397 -0.078630
v -0.584336 0.021722 -0.065598
v -0.612425 0.001657 -0.094167
v -0.612412 0.000056 0.091133
v -0.584362 0.020646 0.067055
v -0.616515 -0.011397 0.080027
v -0.569004 0.245051 0.048709
v -0.514728 0.196926 0.054930
v -0.561989 0.239890 0.088283
v -0.514518 0.179846 0.040458
v -0.514728 0.196926 0.054930
v -0.556883 0.206875 0.094402
v -0.514728 0.196926 -0.059096
v -0.569004 0.245051 -0.046605
v -0.561989 0.239890 -0.092449
v -0.514518 0.179846 -0.038354
v -0.556883 0.206874 -0.096354
v -0.514879 0.210297 -0.057055
v -0.342096 -0.046159 -0.093446
v -0.302871 -0.071845 -0.115793
v -0.347694 -0.064065 -0.073742
v -0.302364 -0.105013 -0.078887
v -0.302871 -0.071845 0.109036
v -0.347694 -0.064065 0.066985
v -0.302364 -0.105013 0.072130
v -0.342096 -0.046159 0.086689
v -0.612425 0.001657 -0.094167
v -0.584479 0.031692 -0.075549
v -0.584375 0.022247 -0.070089
v -0.584479 0.031692 0.073015
v -0.612412 0.000056 0.091133
v -0.584362 0.020646 0.067055
v -0.407359 -0.020782 -0.000464
v -0.449306 -0.063589 0.038526
v -0.407356 -0.020409 0.031275
v -0.454026 -0.071941 -0.000464
v -0.449306 -0.063589 0.038526
v -0.407411 -0.019724 0.056932
v -0.443981 -0.046570 0.088323
v -0.407411 -0.019724 0.056932
v -0.440555 -0.005829 0.092616
v -0.407539 -0.007410 0.056592
v -0.407411 -0.019725 -0.063648
v -0.449306 -0.063589 -0.045243
v -0.407356 -0.020409 -0.037992
v -0.443981 -0.046570 -0.095040
v -0.407411 -0.019725 -0.063648
v -0.440555 -0.005829 -0.096227
v -0.407539 -0.007410 -0.060203
v -0.514879 0.210297 0.055102
v -0.514648 0.149808 0.079002
v -0.556883 0.206875 0.094402
v -0.449306 -0.063589 -0.045243
v -0.454026 -0.071941 -0.000464
v -0.407356 -0.020409 -0.037992
v -0.407359 -0.020782 -0.000464
v -0.130835 0.248303 -0.002241
v -0.070897 0.317997 0.052194
v -0.070878 0.324734 -0.002241
v -0.124743 0.248929 0.048709
v -0.070897 0.317997 -0.050090
v -0.130835 0.248303 -0.002241
v -0.070878 0.324734 -0.002241
v -0.124743 0.248929 -0.046605
v -0.514879 0.210297 -0.057055
v -0.556883 0.206874 -0.096354
v -0.514648 0.149808 -0.085631
v -0.117728 0.243767 -0.092449
v -0.070897 0.317997 -0.050090
v -0.070868 0.284635 -0.116618
v -0.124743 0.248929 -0.046605
v -0.070897 0.317997 0.052194
v -0.117728 0.243767 0.088283
v -0.070868 0.284635 0.112452
v -0.124743 0.248929 0.048709
v -0.417838 0.280806 -0.002050
v -0.366331 0.214505 -0.002050
v -0.366431 0.226005 0.034184
v -0.412668 0.281337 0.041185
v -0.412668 0.281337 -0.039695
v -0.366431 0.226005 -0.032694
v -0.417838 0.280806 -0.002050
v -0.366331 0.214505 -0.002050
v -0.407539 -0.007410 -0.060203
v -0.408182 0.038871 -0.093608
v -0.440555 -0.005829 -0.096227
v -0.407539 -0.007410 0.056592
v -0.440555 -0.005829 0.092616
v -0.408182 0.038871 0.091345
v -0.412668 0.281337 0.041185
v -0.366610 0.240498 0.046464
v -0.406714 0.276957 0.074766
v -0.366431 0.226005 0.034184
v -0.366610 0.240498 0.046464
v -0.402375 0.248941 0.079958
v -0.366610 0.240498 -0.050295
v -0.412668 0.281337 -0.039695
v -0.406714 0.276957 -0.078596
v -0.366431 0.226005 -0.032694
v -0.402375 0.248941 -0.081911
v -0.366735 0.251845 -0.048562
v -0.347694 -0.064065 -0.073742
v -0.352655 -0.072852 -0.000333
v -0.303560 -0.018636 -0.061560
v -0.303556 -0.019028 -0.000333
v -0.352655 -0.072852 -0.000333
v -0.303560 -0.018636 0.054803
v -0.303556 -0.019028 -0.000333
v -0.347694 -0.064065 0.066985
v -0.303615 -0.017916 -0.062606
v -0.347694 -0.064065 -0.073742
v -0.303560 -0.018636 -0.061560
v -0.342096 -0.046159 -0.093446
v -0.303615 -0.017916 -0.062606
v -0.338485 -0.003298 -0.097057
v -0.303756 -0.004961 -0.060719
v -0.347694 -0.064065 0.066985
v -0.303615 -0.017916 0.055849
v -0.303560 -0.018636 0.054803
v -0.342096 -0.046159 0.086689
v -0.338485 -0.003298 0.093405
v -0.303756 -0.004961 0.057067
v -0.338485 -0.003298 0.093405
v -0.304427 0.043730 0.092090
v -0.783474 0.038713 0.055139
v -0.800312 0.071397 0.089177
v -0.775482 0.048450 0.053274
v 0.026425 0.246835 -0.002050
v 0.077287 0.305973 0.044142
v 0.077304 0.311691 -0.002050
v 0.031596 0.247365 0.041185
v 0.077287 0.305973 -0.042652
v 0.026425 0.246835 -0.002050
v 0.077304 0.311691 -0.002050
v 0.031596 0.247365 -0.039695
v -0.800312 0.071397 -0.095934
v -0.783474 0.038713 -0.061896
v -0.775482 0.048450 -0.060031
v -0.303756 -0.004961 -0.060719
v -0.304427 0.043730 -0.094394
v -0.338485 -0.003298 -0.097057
v -0.366735 0.251845 0.046610
v -0.366539 0.200516 0.083099
v -0.402375 0.248941 0.079958
v -0.273427 0.246185 -0.002126
v -0.218245 0.175155 -0.002126
v -0.218354 0.187475 0.036692
v -0.267882 0.246753 0.044193
v -0.267882 0.246753 -0.042457
v -0.218354 0.187475 -0.034956
v -0.273427 0.246185 -0.002126
v -0.218245 0.175155 -0.002126
v 0.037550 0.242985 -0.078596
v 0.077287 0.305973 -0.042652
v 0.077315 0.277664 -0.099106
v 0.031596 0.247365 -0.039695
v -0.366735 0.251845 -0.048562
v -0.402375 0.248941 -0.081911
v -0.366539 0.200516 -0.089019
v 0.077287 0.305973 0.044142
v 0.037550 0.242985 0.074766
v 0.077315 0.277663 0.095275
v 0.031596 0.247365 0.041185
v -0.267882 0.246753 0.044193
v -0.218541 0.203002 0.049848
v -0.261508 0.242061 0.080168
v -0.218354 0.187475 0.036692
v -0.218541 0.203002 0.049848
v -0.256864 0.212046 0.085731
v -0.218541 0.203002 -0.053812
v -0.267882 0.246753 -0.042457
v -0.261508 0.242061 -0.084133
v -0.218354 0.187475 -0.034956
v -0.256864 0.212046 -0.087684
v -0.218673 0.215158 -0.051957
v 0.533008 -0.226915 -0.073470
v 0.537784 -0.177596 -0.052463
v 0.548764 -0.179046 -0.043245
v 0.533008 -0.226915 0.073610
v 0.537784 -0.177596 0.052603
v 0.548764 -0.179046 0.043385
v -0.218673 0.215158 0.050004
v -0.218472 0.160167 0.080974
v -0.256864 0.212046 0.085731
v 0.399702 -0.104694 0.070474
v 0.400769 -0.061278 0.107855
v 0.358021 -0.068245 0.067151
v 0.400768 -0.061278 -0.107589
v 0.358021 -0.068245 -0.066885
v 0.399702 -0.104694 -0.070208
v -0.218673 0.215158 -0.051957
v -0.256864 0.212046 -0.087684
v -0.218472 0.160167 -0.087178
v 0.170837 0.250062 -0.002126
v 0.225326 0.313419 0.047360
v 0.225345 0.319544 -0.002126
v 0.176378 0.250630 0.044193
v 0.225326 0.313419 -0.045625
v 0.170837 0.250062 -0.002126
v 0.225345 0.319544 -0.002126
v 0.176378 0.250630 -0.042457
v 0.225326 0.313419 0.047360
v 0.182756 0.245938 0.080168
v 0.225357 0.283090 0.102140
v 0.176378 0.250630 0.044193
v 0.399830 -0.110325 0.000133
v 0.358021 -0.068245 0.067151
v 0.355438 -0.067405 0.000133
v 0.399702 -0.104694 0.070474
v 0.399702 -0.104694 -0.070208
v 0.399830 -0.110325 0.000133
v 0.358021 -0.068245 -0.066885
v 0.355438 -0.067405 0.000133
v 0.436455 -0.038140 -0.083974
v 0.401441 -0.017588 -0.054721
v 0.401746 -0.012331 -0.048754
v 0.432918 -0.005124 -0.081816
v 0.402202 -0.008362 -0.035686
v 0.401441 -0.017588 0.054987
v 0.436456 -0.038140 0.084240
v 0.401746 -0.012331 0.049020
v 0.432918 -0.005124 0.082082
v 0.402202 -0.008362 0.035952
v -0.130835 0.248303 -0.002241
v -0.070148 0.170170 -0.002241
v -0.070257 0.183723 0.040458
v -0.124743 0.248929 0.048709
v -0.124743 0.248929 -0.046605
v -0.070257 0.183723 -0.038354
v -0.130835 0.248303 -0.002241
v -0.070148 0.170170 -0.002241
v 0.567659 -0.211931 -0.066253
v 0.548764 -0.179046 -0.043245
v 0.553052 -0.177254 -0.029950
v 0.553052 -0.177254 0.030091
v 0.567659 -0.211931 0.066393
v 0.548764 -0.179046 0.043385
v 0.182756 0.245938 -0.084133
v 0.225326 0.313419 -0.045625
v 0.225358 0.283090 -0.106105
v 0.176378 0.250630 -0.042457
v -0.124743 0.248929 0.048709
v -0.070467 0.200802 0.054930
v -0.117728 0.243767 0.088283
v -0.070257 0.183723 0.040458
v -0.070467 0.200802 0.054930
v -0.112623 0.210752 0.094402
v -0.070467 0.200802 -0.059096
v -0.124743 0.248929 -0.046605
v -0.117728 0.243767 -0.092449
v -0.070257 0.183723 -0.038354
v -0.112623 0.210752 -0.096354
v -0.070618 0.214175 -0.057055
v -0.070618 0.214175 0.055102
v -0.070387 0.153684 0.078238
v -0.112623 0.210752 0.094402
v -0.070618 0.214175 -0.057055
v -0.112623 0.210752 -0.096354
v -0.070387 0.153684 -0.084866
v 0.373362 0.321874 0.052194
v 0.326535 0.247644 0.088283
v 0.373396 0.288512 0.112452
v 0.319518 0.252806 0.048709
v 0.326535 0.247644 -0.092449
v 0.373363 0.321874 -0.050090
v 0.373396 0.288512 -0.116618
v 0.319518 0.252806 -0.046605
v 0.313424 0.252180 -0.002241
v 0.373362 0.321874 0.052194
v 0.373383 0.328611 -0.002241
v 0.319518 0.252806 0.048709
v 0.373363 0.321874 -0.050090
v 0.313424 0.252180 -0.002241
v 0.373383 0.328611 -0.002241
v 0.319518 0.252806 -0.046605
v 0.031596 0.247365 -0.039695
v 0.077827 0.192033 -0.032694
v 0.026425 0.246835 -0.002050
v 0.077926 0.180533 -0.002050
v 0.026425 0.246835 -0.002050
v 0.077926 0.180533 -0.002050
v 0.077827 0.192033 0.034184
v 0.031596 0.247365 0.041185
v 0.031596 0.247365 0.041185
v 0.077652 0.206526 0.046464
v 0.037550 0.242985 0.074766
v 0.077827 0.192033 0.034184
v 0.077652 0.206526 0.046464
v 0.041883 0.214969 0.079958
v 0.077652 0.206526 -0.050295
v 0.031596 0.247365 -0.039695
v 0.037550 0.242985 -0.078596
v 0.077827 0.192033 -0.032694
v 0.041883 0.214969 -0.081911
v 0.077526 0.217873 -0.048562
v 0.077526 0.217873 0.046610
v 0.077719 0.166545 0.080841
v 0.041883 0.214969 0.079958
v 0.077526 0.217873 -0.048562
v 0.041883 0.214969 -0.081911
v 0.077719 0.166544 -0.086760
v 0.401746 -0.012331 -0.048754
v 0.370075 -0.004576 -0.079000
v 0.402202 -0.008362 -0.035686
v 0.370074 -0.004577 0.079266
v 0.402202 -0.008362 0.035952
v 0.401746 -0.012331 0.049020
v 0.470686 0.250712 -0.002050
v 0.521548 0.309851 0.044142
v 0.521565 0.315567 -0.002050
v 0.475856 0.251242 0.041185
v 0.521548 0.309851 -0.042652
v 0.470686 0.250712 -0.002050
v 0.521565 0.315567 -0.002050
v 0.475856 0.251242 -0.039695
v 0.672684 -0.282540 0.091723
v 0.676724 -0.317945 0.125972
v 0.630617 -0.322426 0.071304
v 0.672684 -0.282540 -0.091583
v 0.676724 -0.317945 -0.125832
v 0.630617 -0.322426 -0.071164
v 0.176378 0.250630 -0.042457
v 0.225907 0.191352 -0.034956
v 0.170837 0.250062 -0.002126
v 0.226012 0.179032 -0.002126
v 0.170837 0.250062 -0.002126
v 0.226012 0.179032 -0.002126
v 0.225906 0.191352 0.036692
v 0.176378 0.250630 0.044193
v 0.481811 0.246862 -0.078596
v 0.521548 0.309851 -0.042652
v 0.521576 0.281541 -0.099106
v 0.475856 0.251242 -0.039695
v 0.521548 0.309851 0.044142
v 0.481811 0.246862 0.074766
v 0.521576 0.281540 0.095275
v 0.475856 0.251242 0.041185
v 0.225584 0.219034 0.050004
v 0.225789 0.164044 0.081634
v 0.187398 0.215923 0.085731
v 0.176378 0.250630 0.044193
v 0.225719 0.206879 0.049848
v 0.182756 0.245938 0.080168
v 0.225906 0.191352 0.036692
v 0.225719 0.206879 0.049848
v 0.187398 0.215923 0.085731
v 0.225584 0.219034 -0.051957
v 0.187398 0.215923 -0.087684
v 0.225789 0.164045 -0.087836
v 0.225719 0.206879 -0.053812
v 0.176378 0.250630 -0.042457
v 0.182756 0.245938 -0.084133
v 0.225907 0.191352 -0.034956
v 0.187398 0.215923 -0.087684
v 0.225584 0.219034 -0.051957
v 0.669588 0.317296 0.047360
v 0.627017 0.249815 0.080168
v 0.669618 0.286967 0.102140
v 0.620639 0.254508 0.044193
v 0.615099 0.253939 -0.002126
v 0.669588 0.317296 0.047360
v 0.669607 0.323421 -0.002126
v 0.620639 0.254508 0.044193
v 0.669588 0.317296 -0.045625
v 0.615099 0.253939 -0.002126
v 0.669607 0.323421 -0.002126
v 0.620639 0.254508 -0.042457
v 0.373645 0.218051 0.055102
v 0.373872 0.157562 0.080833
v 0.331640 0.214628 0.094402
v 0.373645 0.218051 -0.057055
v 0.331641 0.214629 -0.096354
v 0.373872 0.157562 -0.087461
v 0.319518 0.252806 -0.046605
v 0.373999 0.187601 -0.038354
v 0.313424 0.252180 -0.002241
v 0.374116 0.174048 -0.002241
v 0.313424 0.252180 -0.002241
v 0.374116 0.174048 -0.002241
v 0.373999 0.187601 0.040458
v 0.319518 0.252806 0.048709
v 0.627017 0.249815 -0.084133
v 0.669588 0.317296 -0.045625
v 0.669618 0.286967 -0.106105
v 0.620639 0.254508 -0.042457
v 0.319518 0.252806 0.048709
v 0.373793 0.204679 0.054930
v 0.326535 0.247644 0.088283
v 0.373999 0.187601 0.040458
v 0.373793 0.204679 0.054930
v 0.331640 0.214628 0.094402
v 0.373793 0.204679 -0.059096
v 0.319518 0.252806 -0.046605
v 0.326535 0.247644 -0.092449
v 0.373999 0.187601 -0.038354
v 0.331641 0.214629 -0.096354
v 0.373645 0.218051 -0.057055
v 0.521787 0.221750 -0.048562
v 0.486143 0.218846 -0.081911
v 0.521979 0.170421 -0.087356
v 0.521787 0.221750 0.046610
v 0.521979 0.170421 0.081436
v 0.486143 0.218846 0.079958
v 0.525460 -0.266298 -0.072546
v 0.519415 -0.320522 -0.087220
v 0.499111 -0.330813 -0.056778
v 0.511867 -0.266964 -0.052289
v 0.596397 -0.285875 0.044356
v 0.581116 -0.253603 0.069877
v 0.600355 -0.283508 0.030582
v 0.475856 0.251242 -0.039695
v 0.522088 0.195911 -0.032694
v 0.470686 0.250712 -0.002050
v 0.522186 0.184410 -0.002050
v 0.470686 0.250712 -0.002050
v 0.522186 0.184410 -0.002050
v 0.522088 0.195911 0.034184
v 0.475856 0.251242 0.041185
v 0.634901 -0.152590 -0.073349
v 0.600494 -0.192054 -0.070598
v 0.645072 -0.182085 -0.039774
v 0.546748 -0.141885 -0.068613
v 0.548764 -0.179046 -0.043245
v 0.553052 -0.177254 -0.029950
v 0.634901 -0.152590 0.073489
v 0.645072 -0.182085 0.039913
v 0.600494 -0.192054 0.070738
v 0.525460 -0.266298 0.069029
v 0.519415 -0.320522 0.083088
v 0.499111 -0.330814 0.048444
v 0.511867 -0.266964 0.045039
v 0.546748 -0.141885 0.068753
v 0.548764 -0.179046 0.043385
v 0.553052 -0.177254 0.030091
v 0.475856 0.251242 0.041185
v 0.521913 0.210404 0.046464
v 0.481811 0.246862 0.074766
v 0.522088 0.195911 0.034184
v 0.521913 0.210404 0.046464
v 0.486143 0.218846 0.079958
v 0.521913 0.210404 -0.050295
v 0.475856 0.251242 -0.039695
v 0.481811 0.246862 -0.078596
v 0.522088 0.195911 -0.032694
v 0.486143 0.218846 -0.081911
v 0.521787 0.221750 -0.048562
v 0.596397 -0.285875 -0.044216
v 0.581116 -0.253603 -0.069738
v 0.600355 -0.283508 -0.030442
v 0.471495 -0.143056 -0.066576
v 0.441007 -0.207675 -0.071595
v 0.469858 -0.148307 0.000070
v 0.439461 -0.213019 0.000070
v 0.469858 -0.148307 0.000070
v 0.439461 -0.213019 0.000070
v 0.441007 -0.207675 0.071736
v 0.471495 -0.143056 0.066716
v 1.375786 -0.003551 -0.101439
v 1.426243 0.051793 -0.120282
v 1.398719 0.000501 -0.149207
v 1.421525 0.056942 -0.094780
v 0.669845 0.222912 -0.051957
v 0.631660 0.219800 -0.087684
v 0.670051 0.167922 -0.088435
v 0.669845 0.222912 0.050004
v 0.670051 0.167922 0.082233
v 0.631660 0.219800 0.085731
v 1.375786 -0.003551 0.094022
v 1.426243 0.051793 0.112865
v 1.421525 0.056942 0.087363
v 1.398719 0.000501 0.141790
v 0.506496 -0.270804 0.008039
v 0.493841 -0.334729 0.008039
v 0.499111 -0.330814 0.048444
v 0.511867 -0.266964 0.045039
v 0.511867 -0.266964 -0.052289
v 0.499111 -0.330813 -0.056778
v 0.506496 -0.270804 0.008039
v 0.493841 -0.334729 0.008039
v 0.620639 0.254508 -0.042457
v 0.670167 0.195229 -0.034956
v 0.615099 0.253939 -0.002126
v 0.670272 0.182909 -0.002126
v 0.615099 0.253939 -0.002126
v 0.670272 0.182909 -0.002126
v 0.670167 0.195229 0.036692
v 0.620639 0.254508 0.044193
v 1.063213 0.175688 0.000154
v 1.092416 0.182291 0.026243
v 1.068618 0.203260 0.000154
v 1.092416 0.182291 -0.025934
v 1.068618 0.203260 0.000154
v 1.063213 0.175688 0.000154
v 0.620639 0.254508 0.044193
v 0.669980 0.210756 0.049848
v 0.627017 0.249815 0.080168
v 0.670167 0.195229 0.036692
v 0.669980 0.210756 0.049848
v 0.631660 0.219800 0.085731
v 0.669980 0.210756 -0.053812
v 0.620639 0.254508 -0.042457
v 0.627017 0.249815 -0.084133
v 0.670167 0.195229 -0.034956
v 0.631660 0.219800 -0.087684
v 0.669845 0.222912 -0.051957
v 0.708767 -0.273757 -0.093997
v 0.691139 -0.315604 -0.055461
v 0.736164 -0.259583 -0.067026
v 0.691139 -0.315604 0.055601
v 0.708767 -0.273757 0.094136
v 0.736164 -0.259584 0.067165
v 0.649082 -0.181632 0.051458
v 0.666591 -0.141602 0.078558
v 0.688066 -0.126714 0.064665
v 0.652381 -0.180938 -0.055765
v 0.688066 -0.126714 -0.064525
v 0.666591 -0.141602 -0.078418
v 0.695945 -0.124958 0.000070
v 0.652381 -0.180938 0.055905
v 0.688066 -0.126714 0.064665
v 0.657130 -0.179941 0.000070
v 0.652381 -0.180938 -0.055765
v 0.695945 -0.124958 0.000070
v 0.688066 -0.126714 -0.064525
v 0.657130 -0.179941 0.000070
v 1.090447 -0.034676 -0.081163
v 1.012732 -0.036829 -0.061337
v 1.099431 -0.022352 -0.051361
v 1.012732 -0.036829 0.053905
v 1.090447 -0.034676 0.073731
v 1.099431 -0.022352 0.043929
v 1.063491 0.010349 0.118780
v 1.100948 -0.020080 0.071263
v 1.090447 -0.034676 0.073731
v 1.024207 -0.034594 0.114058
v 1.024207 -0.034594 -0.121490
v 1.090447 -0.034676 -0.081163
v 1.063491 0.010349 -0.126212
v 1.100948 -0.020080 -0.078695
v 1.100948 -0.020080 0.071263
v 1.063491 0.010349 0.118780
v 1.140244 0.034900 0.116265
v 1.100948 -0.020080 -0.078695
v 1.140244 0.034901 -0.118628
v 1.063491 0.010349 -0.126212
v 1.007364 -0.032321 0.000266
v 1.099431 -0.022352 0.043929
v 1.106516 -0.012544 0.000266
v 1.012732 -0.036829 0.053905
v 1.012732 -0.036829 -0.061337
v 1.007364 -0.032321 0.000266
v 1.099431 -0.022352 -0.051361
v 1.106516 -0.012544 0.000266
v 0.742431 -0.258497 0.000070
v 0.691139 -0.315604 0.055601
v 0.736164 -0.259584 0.067165
v 0.693876 -0.315025 0.000070
v 0.691139 -0.315604 -0.055461
v 0.742431 -0.258497 0.000070
v 0.736164 -0.259583 -0.067026
v 0.693876 -0.315025 0.000070
v 1.428015 0.180552 0.000154
v 1.463494 0.203600 0.019975
v 1.440661 0.203400 0.000154
v 1.463494 0.203600 -0.019666
v 1.428015 0.180552 0.000154
v 1.440661 0.203400 0.000154
v 1.359179 -0.005232 0.000233
v 1.421525 0.056942 0.087363
v 1.410122 0.062126 0.000233
v 1.375786 -0.003551 0.094022
v 1.375786 -0.003551 -0.101439
v 1.359179 -0.005232 0.000233
v 1.421525 0.056942 -0.094780
v 1.410122 0.062126 0.000233
v 1.470799 -0.111206 -0.072032
v 1.425146 -0.136015 -0.122182
v 1.456793 -0.100215 -0.072251
v 1.470799 -0.111207 0.072839
v 1.425146 -0.136015 0.120175
v 1.456793 -0.100215 0.070245
v 1.467984 -0.176731 -0.114407
v 1.552587 -0.174795 -0.068556
v 1.469723 -0.188174 -0.064129
v 1.529243 -0.156773 -0.145114
v 1.552587 -0.174795 0.061396
v 1.467984 -0.176731 0.115213
v 1.469723 -0.188174 0.056969
v 1.529242 -0.156773 0.145920
v 1.343727 -0.222941 -0.111006
v 1.403687 -0.263319 -0.059981
v 1.339295 -0.231780 -0.056139
v 1.396293 -0.239235 -0.137660
v 1.403687 -0.263319 0.052821
v 1.343727 -0.222941 0.103845
v 1.339295 -0.231780 0.048978
v 1.396293 -0.239235 0.130500
v 1.552587 -0.174795 -0.068556
v 1.557320 -0.178411 0.000604
v 1.469723 -0.188174 -0.064129
v 1.465042 -0.193299 0.000604
v 1.557320 -0.178411 0.000604
v 1.469723 -0.188174 0.056969
v 1.465042 -0.193299 0.000604
v 1.552587 -0.174795 0.061396
v 1.403687 -0.263319 -0.059981
v 1.405205 -0.268175 0.000052
v 1.339295 -0.231780 -0.056139
v 1.333503 -0.233045 0.000052
v 1.405205 -0.268175 0.000052
v 1.339295 -0.231780 0.048978
v 1.333503 -0.233045 0.000052
v 1.403687 -0.263319 0.052821
v 1.378007 -0.178629 0.067062
v 1.411525 -0.149126 0.109525
v 1.373659 -0.164055 0.064811
v 1.411525 -0.149126 -0.116685
v 1.378007 -0.178629 -0.074223
v 1.373659 -0.164055 -0.071971
v -1.143783 0.012374 0.000154
v -1.171252 0.042164 0.019274
v -1.171295 0.037334 0.000154
v -1.143804 0.017173 0.021138
v -1.171252 0.042164 -0.018964
v -1.143783 0.012374 0.000154
v -1.171295 0.037334 0.000154
v -1.143804 0.017173 -0.020828
v -1.086806 0.011579 0.000154
v -1.110751 0.038545 0.018026
v -1.110808 0.034567 0.000154
v -1.086786 0.015767 0.020817
v -1.110751 0.038545 -0.017717
v -1.086806 0.011579 0.000154
v -1.110808 0.034567 0.000154
v -1.086786 0.015767 -0.020508
v 1.529242 -0.156773 0.145920
v 1.552587 -0.174795 0.061396
v 1.533555 -0.092535 0.116587
v 1.545905 -0.091377 0.057484
v 1.529243 -0.156773 -0.145114
v 1.533555 -0.092535 -0.115780
v 1.552587 -0.174795 -0.068556
v 1.545905 -0.091377 -0.064644
v -1.023980 0.012201 0.000154
v -1.055228 0.046520 0.025790
v -1.055240 0.041400 0.000154
v -1.024028 0.017590 0.030822
v -1.055228 0.046520 -0.025482
v -1.023980 0.012201 0.000154
v -1.055240 0.041400 0.000154
v -1.024028 0.017590 -0.030513
v -0.956747 0.008578 0.000154
v -0.981820 0.036643 0.017755
v -0.981831 0.032339 0.000154
v -0.956786 0.013062 0.019707
v -0.981820 0.036643 -0.017447
v -0.956747 0.008578 0.000154
v -0.981831 0.032339 0.000154
v -0.956786 0.013062 -0.019399
v 1.545905 -0.091377 -0.064644
v 1.557320 -0.178411 0.000604
v 1.552587 -0.174795 -0.068556
v 1.550048 -0.085653 0.000604
v 1.557320 -0.178411 0.000604
v 1.545905 -0.091377 0.057484
v 1.552587 -0.174795 0.061396
v 1.550048 -0.085653 0.000604
v -0.890570 0.013192 0.000154
v -0.919248 0.044584 0.018455
v -0.919256 0.039917 0.000154
v -0.890612 0.018115 0.021575
v -0.919248 0.044584 -0.018146
v -0.890570 0.013192 0.000154
v -0.919256 0.039917 0.000154
v -0.890612 0.018115 -0.021267
v 1.489792 -0.033490 0.123048
v 1.481930 0.008838 0.074526
v 1.542076 0.014942 0.119857
v -0.678630 -0.057882 0.050445
v -0.723734 -0.004219 0.095025
v -0.730227 -0.011273 0.046778
v -0.679088 -0.033456 0.120462
v -0.678630 -0.057882 -0.057202
v -0.723734 -0.004219 -0.095183
v -0.679088 -0.033456 -0.120620
v -0.730227 -0.011273 -0.053535
v -0.678630 -0.057882 -0.057202
v -0.678516 -0.062814 0.000088
v -0.730227 -0.011273 -0.053535
v -0.735963 -0.010904 0.000088
v -0.678516 -0.062814 0.000088
v -0.730227 -0.011273 0.046778
v -0.735963 -0.010904 0.000088
v -0.678630 -0.057882 0.050445
v 0.787971 -0.304705 0.071279
v 0.717630 -0.352103 0.092900
v 0.739675 -0.309916 0.120548
v 0.717630 -0.352103 0.092900
v 0.676724 -0.317945 0.125972
v 0.681332 -0.352295 0.088574
v 0.676724 -0.317945 0.125972
v 0.630617 -0.322426 0.071304
v 0.787971 -0.304705 -0.071139
v 0.717630 -0.352103 -0.092760
v 0.739675 -0.309916 -0.120408
v 0.676724 -0.317945 -0.125832
v 0.717630 -0.352103 -0.092760
v 0.681332 -0.352295 -0.088434
v 0.630617 -0.322426 -0.071164
v 0.676724 -0.317945 -0.125832
v 0.717630 -0.352103 -0.092760
v 0.685265 -0.316039 -0.054607
v 0.681332 -0.352295 -0.088434
v 0.681332 -0.352295 0.088574
v 0.685265 -0.316039 0.054746
v 0.717630 -0.352103 0.092900
v -0.583463 -0.041250 -0.084134
v -0.583329 -0.051052 -0.001138
v -0.616515 -0.011397 -0.078630
v -0.620129 -0.017803 -0.001138
v -0.583329 -0.051052 -0.001138
v -0.616515 -0.011397 0.080027
v -0.620129 -0.017803 -0.001138
v -0.583463 -0.041250 0.085531
v -0.406225 -0.102511 -0.048306
v -0.443981 -0.046570 -0.095040
v -0.406704 -0.070985 -0.117789
v -0.449306 -0.063589 -0.045243
v -0.406225 -0.102511 0.041589
v -0.443981 -0.046570 0.088323
v -0.449306 -0.063589 0.038526
v -0.406697 -0.070984 0.111072
v 1.489792 -0.033490 -0.126447
v 1.542076 0.014942 -0.121510
v 1.481930 0.008838 -0.077924
v 1.465335 0.007260 -0.080367
v 1.489792 -0.033490 -0.126447
v 1.436029 -0.044129 -0.121576
v -0.406225 -0.102511 -0.048306
v -0.406050 -0.115290 -0.000464
v -0.449306 -0.063589 -0.045243
v -0.454026 -0.071941 -0.000464
v -0.406050 -0.115290 -0.000464
v -0.449306 -0.063589 0.038526
v -0.454026 -0.071941 -0.000464
v -0.406225 -0.102511 0.041589
v -0.569004 0.245051 0.048709
v -0.514728 0.196926 0.054930
v -0.561989 0.239890 0.088283
v 0.519415 -0.320522 -0.087220
v 0.557273 -0.357324 -0.070006
v 0.499111 -0.330813 -0.056778
v 0.519415 -0.320522 0.083088
v 0.557273 -0.357324 0.058480
v 0.569660 -0.346251 0.076082
v 0.499111 -0.330814 0.048444
v -0.514728 0.196926 -0.059096
v -0.569004 0.245051 -0.046605
v -0.561989 0.239890 -0.092449
v -0.302364 -0.105013 -0.078887
v -0.302183 -0.118458 -0.000333
v -0.347694 -0.064065 -0.073742
v -0.352655 -0.072852 -0.000333
v -0.302183 -0.118458 -0.000333
v -0.347694 -0.064065 0.066985
v -0.352655 -0.072852 -0.000333
v -0.302364 -0.105013 0.072130
v 0.712497 0.249937 0.081151
v 0.669980 0.210756 0.049848
v 0.719303 0.255295 0.044561
v 0.669980 0.210756 -0.053812
v 0.712497 0.249937 -0.085116
v 0.719303 0.255295 -0.042826
v 1.489792 -0.033490 0.123048
v 1.465335 0.007260 0.072950
v 1.481930 0.008838 0.074526
v 1.436029 -0.044129 0.114159
v -0.412668 0.281337 0.041185
v -0.366610 0.240498 0.046464
v -0.406714 0.276957 0.074766
v -0.366610 0.240498 -0.050295
v -0.412668 0.281337 -0.039695
v -0.406714 0.276957 -0.078596
v 0.596397 -0.285875 0.044356
v 0.619615 -0.315503 0.069849
v 0.600355 -0.283508 0.030582
v 0.446018 -0.069773 0.000133
v 0.399702 -0.104694 0.070474
v 0.399830 -0.110325 0.000133
v 0.445794 -0.064091 0.066411
v 0.446018 -0.069773 0.000133
v 0.399702 -0.104694 -0.070208
v 0.445794 -0.064091 -0.066144
v 0.399830 -0.110325 0.000133
v 1.430984 -0.196560 -0.112197
v 1.396293 -0.239235 -0.137660
v 1.403687 -0.263319 -0.059981
v 1.440169 -0.201841 -0.056586
v 1.430984 -0.196560 0.105037
v 1.396293 -0.239235 0.130500
v 1.403687 -0.263319 0.052821
v 1.440169 -0.201841 0.049426
v 0.499111 -0.330813 -0.056778
v 0.560102 -0.361013 0.008039
v 0.493841 -0.334729 0.008039
v 0.557273 -0.357324 -0.070006
v 0.560102 -0.361013 0.008039
v 0.499111 -0.330814 0.048444
v 0.493841 -0.334729 0.008039
v 0.557273 -0.357324 0.058480
v 0.401062 -0.004536 0.112705
v 0.436456 -0.038140 0.084240
v 0.432918 -0.005124 0.082082
v 0.400769 -0.061278 0.107855
v 0.445794 -0.064091 0.066411
v 0.399702 -0.104694 0.070474
v 0.436456 -0.038140 0.084240
v 0.401062 -0.004536 -0.112439
v 0.436455 -0.038140 -0.083974
v 0.400768 -0.061278 -0.107589
v 0.432918 -0.005124 -0.081816
v 0.445794 -0.064091 -0.066144
v 0.436455 -0.038140 -0.083974
v 0.399702 -0.104694 -0.070208
v -0.674645 0.283812 0.029232
v -0.720485 0.283713 0.000154
v -0.698177 0.269031 0.000154
v -0.698177 0.269031 0.000154
v -0.674645 0.283812 -0.028923
v -0.720485 0.283713 0.000154
v 0.561600 0.246975 0.075683
v 0.521913 0.210404 0.046464
v 0.567952 0.251977 0.041530
v 0.521913 0.210404 -0.050295
v 0.561600 0.246975 -0.079514
v 0.567952 0.251977 -0.040039
v 0.596397 -0.285875 -0.044216
v 0.619615 -0.315503 -0.069709
v 0.600355 -0.283508 -0.030442
v -0.267882 0.246753 0.044193
v -0.218541 0.203002 0.049848
v -0.261508 0.242061 0.080168
v -0.218541 0.203002 -0.053812
v -0.267882 0.246753 -0.042457
v -0.261508 0.242061 -0.084133
v 0.680797 -0.316118 -0.039991
v 0.630617 -0.322426 -0.071164
v 0.681332 -0.352295 -0.088434
v 0.680797 -0.316118 0.040131
v 0.681332 -0.352295 0.088574
v 0.630617 -0.322426 0.071304
v 0.420562 0.247778 0.089364
v 0.373793 0.204679 0.054930
v 0.428047 0.253671 0.049115
v 0.373793 0.204679 -0.059096
v 0.420562 0.247778 -0.093529
v 0.428048 0.253671 -0.047011
v 1.468514 0.214731 0.045148
v 1.486329 0.203800 0.000154
v 1.517292 0.207358 0.000154
v 1.463494 0.203600 0.019975
v 1.486329 0.203800 0.000154
v 1.463494 0.203600 -0.019666
v 1.468514 0.214731 -0.044840
v 1.517292 0.207358 0.000154
v 0.441007 -0.207675 -0.071595
v 0.503165 -0.243344 -0.065915
v 0.439461 -0.213019 0.000070
v 0.501762 -0.248758 0.000070
v 0.439461 -0.213019 0.000070
v 0.501762 -0.248758 0.000070
v 0.503165 -0.243344 0.066055
v 0.441007 -0.207675 0.071736
v 0.648651 -0.214567 0.071440
v 0.641565 -0.184077 0.095778
v 0.600494 -0.192054 0.070738
v 0.648651 -0.214567 -0.071300
v 0.600494 -0.192054 -0.070598
v 0.641565 -0.184077 -0.095639
v 0.401746 -0.012331 -0.048754
v 0.436455 -0.038140 -0.083974
v 0.432918 -0.005124 -0.081816
v 0.402202 -0.008362 -0.035686
v 0.402519 0.036858 -0.063559
v 1.088482 0.222695 0.034770
v 1.107916 0.211153 0.000154
v 1.129594 0.219464 0.000154
v 1.088267 0.207206 0.017550
v 0.401746 -0.012331 0.049020
v 0.436456 -0.038140 0.084240
v 0.432918 -0.005124 0.082082
v 0.402202 -0.008362 0.035952
v 0.402519 0.036857 0.063825
v 1.088482 0.222695 -0.034462
v 1.107916 0.211153 0.000154
v 1.088267 0.207206 -0.017242
v 1.129594 0.219464 0.000154
v 0.717630 -0.352103 0.092900
v 0.691139 -0.315604 0.055601
v 0.753698 -0.356284 0.067915
v 0.685265 -0.316039 0.054746
v 0.685265 -0.316039 -0.054607
v 0.717630 -0.352103 -0.092760
v 0.691139 -0.315604 -0.055461
v 0.753698 -0.356284 -0.067775
v -0.124743 0.248929 0.048709
v -0.070467 0.200802 0.054930
v -0.117728 0.243767 0.088283
v -0.070467 0.200802 -0.059096
v -0.124743 0.248929 -0.046605
v -0.117728 0.243767 -0.092449
v -0.770622 -0.014728 -0.047287
v -0.832371 -0.021446 -0.000370
v -0.829740 -0.018154 -0.050099
v -0.766638 -0.017749 -0.000370
v -0.832371 -0.021446 -0.000370
v -0.770622 -0.014728 0.040529
v -0.829740 -0.018154 0.043342
v -0.766638 -0.017749 -0.000370
v 0.681271 -0.211285 0.077707
v 0.649082 -0.181632 0.051458
v 0.712113 -0.212158 0.067371
v 0.268237 0.246061 0.081151
v 0.225719 0.206879 0.049848
v 0.275041 0.251417 0.044561
v 0.225719 0.206879 -0.053812
v 0.268237 0.246061 -0.085116
v 0.275041 0.251417 -0.042826
v 0.941006 0.242937 0.029232
v 0.960440 0.231395 0.000154
v 0.982117 0.239706 0.000154
v 0.940791 0.227448 0.014767
v 0.960440 0.231395 0.000154
v 0.940791 0.227448 -0.014458
v 0.941006 0.242937 -0.028923
v 0.982117 0.239706 0.000154
v 0.712113 -0.212157 -0.067231
v 0.652381 -0.180938 -0.055765
v 0.681271 -0.211285 -0.077568
v 1.440169 -0.201841 -0.056586
v 1.405205 -0.268175 0.000052
v 1.403687 -0.263319 -0.059981
v 1.445881 -0.199893 0.000052
v 1.405205 -0.268175 0.000052
v 1.440169 -0.201841 0.049426
v 1.403687 -0.263319 0.052821
v 1.445881 -0.199893 0.000052
v 0.753142 -0.359271 0.000070
v 0.691139 -0.315604 0.055601
v 0.693876 -0.315025 0.000070
v 0.753698 -0.356284 0.067915
v 0.753698 -0.356284 -0.067775
v 0.753142 -0.359271 0.000070
v 0.691139 -0.315604 -0.055461
v 0.693876 -0.315025 0.000070
v 0.645072 -0.182085 -0.039774
v 0.600494 -0.192054 -0.070598
v 0.648651 -0.214567 -0.071300
v 0.645072 -0.182085 0.039913
v 0.648651 -0.214567 0.071440
v 0.600494 -0.192054 0.070738
v 0.031596 0.247365 0.041185
v 0.077652 0.206526 0.046464
v 0.037550 0.242985 0.074766
v 0.077652 0.206526 -0.050295
v 0.031596 0.247365 -0.039695
v 0.037550 0.242985 -0.078596
v -0.816626 -0.001920 -0.114446
v -0.771246 -0.005974 -0.093353
v -0.829740 -0.018154 -0.050099
v -0.770622 -0.014728 -0.047287
v 0.714208 -0.214647 0.000070
v 0.652381 -0.180938 0.055905
v 0.657130 -0.179941 0.000070
v 0.712113 -0.212158 0.067371
v 0.712113 -0.212157 -0.067231
v 0.714208 -0.214647 0.000070
v 0.652381 -0.180938 -0.055765
v 0.657130 -0.179941 0.000070
v -0.816626 -0.001920 0.107689
v -0.829740 -0.018154 0.043342
v -0.771246 -0.005974 0.086596
v -0.770622 -0.014728 0.040529
v -0.258050 -0.063230 -0.074341
v -0.302183 -0.118458 -0.000333
v -0.302364 -0.105013 -0.078887
v -0.252836 -0.072087 -0.000333
v -0.302183 -0.118458 -0.000333
v -0.258050 -0.063230 0.067584
v -0.302364 -0.105013 0.072130
v -0.252836 -0.072087 -0.000333
v 0.117339 0.243098 0.075683
v 0.077652 0.206526 0.046464
v 0.123691 0.248099 0.041530
v 0.077652 0.206526 -0.050295
v 0.117339 0.243098 -0.079514
v 0.123691 0.248099 -0.040039
v 1.436029 -0.044129 -0.121576
v 1.398719 0.000501 -0.149207
v 1.375786 -0.003551 -0.101439
v 1.432257 -0.053835 -0.095555
v 0.176378 0.250630 0.044193
v 0.225719 0.206879 0.049848
v 0.182756 0.245938 0.080168
v 0.225719 0.206879 -0.053812
v 0.176378 0.250630 -0.042457
v 0.182756 0.245938 -0.084133
v -0.406050 -0.115290 -0.000464
v -0.364104 -0.062797 0.038883
v -0.406225 -0.102511 0.041589
v -0.359146 -0.071214 -0.000464
v -0.364104 -0.062797 -0.045599
v -0.406050 -0.115290 -0.000464
v -0.406225 -0.102511 -0.048306
v -0.359146 -0.071214 -0.000464
v -0.370171 -0.045506 -0.096058
v -0.406704 -0.070985 -0.117789
v -0.406225 -0.102511 -0.048306
v -0.364104 -0.062797 -0.045599
v -0.370171 -0.045506 0.089340
v -0.406697 -0.070984 0.111072
v -0.406225 -0.102511 0.041589
v -0.364104 -0.062797 0.038883
v -0.023696 0.243901 0.089364
v -0.070467 0.200802 0.054930
v -0.016212 0.249795 0.049115
v -0.070467 0.200802 -0.059096
v -0.023696 0.243901 -0.093529
v -0.016212 0.249795 -0.047011
v 0.319518 0.252806 0.048709
v 0.373793 0.204679 0.054930
v 0.326535 0.247644 0.088283
v 0.373793 0.204679 -0.059096
v 0.319518 0.252806 -0.046605
v 0.326535 0.247644 -0.092449
v -0.551155 -0.010789 -0.079270
v -0.583329 -0.051052 -0.001138
v -0.583463 -0.041250 -0.084134
v -0.547359 -0.017245 -0.001138
v -0.583329 -0.051052 -0.001138
v -0.551155 -0.010789 0.080668
v -0.583463 -0.041250 0.085531
v -0.547359 -0.017245 -0.001138
v -0.176021 0.242182 0.081151
v -0.218541 0.203002 0.049848
v -0.169221 0.247540 0.044561
v -0.218541 0.203002 -0.053812
v -0.176021 0.242182 -0.085116
v -0.169221 0.247540 -0.042826
v -0.635343 -0.002945 -0.096321
v -0.679088 -0.033456 -0.120620
v -0.678630 -0.057882 -0.057202
v -0.628192 -0.010324 -0.053962
v -0.635343 -0.002945 0.096163
v -0.679088 -0.033456 0.120462
v -0.678630 -0.057882 0.050445
v -0.628192 -0.010324 0.047205
v -0.628192 -0.010324 -0.053962
v -0.678516 -0.062814 0.000088
v -0.678630 -0.057882 -0.057202
v -0.622348 -0.010035 0.000088
v -0.678516 -0.062814 0.000088
v -0.628192 -0.010324 0.047205
v -0.678630 -0.057882 0.050445
v -0.622348 -0.010035 0.000088
v -0.674645 0.283812 0.029232
v -0.658098 0.268413 0.000154
v -0.635156 0.271939 0.000154
v -0.678137 0.268722 0.014767
v -0.658098 0.268413 0.000154
v -0.678137 0.268722 -0.014458
v -0.674645 0.283812 -0.028923
v -0.635156 0.271939 0.000154
v 1.220510 0.234171 0.039096
v 1.233273 0.225012 0.000154
v 1.265068 0.221490 0.000154
v 1.211360 0.225534 0.019181
v 1.233273 0.225012 0.000154
v 1.211360 0.225534 -0.018873
v 1.220510 0.234171 -0.038788
v 1.265068 0.221490 0.000154
v 1.029720 -0.119886 -0.065551
v 1.026271 -0.124816 0.000266
v 1.012732 -0.036829 -0.061337
v 1.007364 -0.032321 0.000266
v 1.026271 -0.124816 0.000266
v 1.012732 -0.036829 0.053905
v 1.007364 -0.032321 0.000266
v 1.029720 -0.119886 0.058119
v 0.475856 0.251242 0.041185
v 0.521913 0.210404 0.046464
v 0.481811 0.246862 0.074766
v 0.521913 0.210404 -0.050295
v 0.475856 0.251242 -0.039695
v 0.481811 0.246862 -0.078596
v 1.024207 -0.034594 -0.121490
v 1.029720 -0.119886 -0.065551
v 1.012732 -0.036829 -0.061337
v 1.046923 -0.095571 -0.150712
v -0.366610 0.240498 -0.050295
v -0.326925 0.277071 -0.079514
v -0.320565 0.282071 -0.040039
v -0.326925 0.277071 0.075683
v -0.366610 0.240498 0.046464
v -0.320565 0.282071 0.041530
v 1.029720 -0.119886 0.058119
v 1.024207 -0.034594 0.114058
v 1.012732 -0.036829 0.053905
v 1.046923 -0.095571 0.143280
v 1.421868 -0.061243 0.000233
v 1.375786 -0.003551 0.094022
v 1.359179 -0.005232 0.000233
v 1.432257 -0.053835 0.088138
v 1.432257 -0.053835 0.088138
v 1.436029 -0.044129 0.114159
v 1.398719 0.000501 0.141790
v 0.941006 0.242937 0.029232
v 0.896227 0.233121 0.000154
v 0.921142 0.223502 0.000154
v 0.921142 0.223502 0.000154
v 0.941006 0.242937 -0.028923
v 0.896227 0.233121 0.000154
v 0.620639 0.254508 0.044193
v 0.669980 0.210756 0.049848
v 0.627017 0.249815 0.080168
v 0.669980 0.210756 -0.053812
v 0.620639 0.254508 -0.042457
v 0.627017 0.249815 -0.084133
v -0.467957 0.240025 0.089364
v -0.514728 0.196926 0.054930
v -0.460472 0.245918 0.049115
v -0.514728 0.196926 -0.059096
v -0.467957 0.240025 -0.093529
v -0.460472 0.245918 -0.047011
v 1.043703 0.212879 0.000154
v 1.088267 0.207206 0.017550
v 1.088482 0.222695 0.034770
v 1.068618 0.203260 0.000154
v 1.043703 0.212879 0.000154
v 1.088267 0.207206 -0.017242
v 1.068618 0.203260 0.000154
v 1.088482 0.222695 -0.034462
v 1.421868 -0.061243 0.000233
v 1.375786 -0.003551 -0.101439
v 1.432257 -0.053835 -0.095555
v 1.359179 -0.005232 0.000233
v 1.416482 0.215869 0.000154
v 1.463494 0.203600 0.019975
v 1.468514 0.214731 0.045148
v 1.440661 0.203400 0.000154
v 1.416482 0.215869 0.000154
v 1.463494 0.203600 -0.019666
v 1.440661 0.203400 0.000154
v 1.468514 0.214731 -0.044840
v 1.211360 0.225534 0.019181
v 1.171793 0.236520 0.000154
v 1.189446 0.226058 0.000154
v 1.220510 0.234171 0.039096
v 1.171793 0.236520 0.000154
v 1.211360 0.225534 -0.018873
v 1.189446 0.226058 0.000154
v 1.220510 0.234171 -0.038788
v -0.890570 0.013192 0.000154
v -0.862389 0.040457 0.000154
v -0.862486 0.045121 0.018455
v -0.890612 0.018115 0.021575
v -0.890612 0.018115 -0.021267
v -0.862486 0.045121 -0.018146
v -0.890570 0.013192 0.000154
v -0.862389 0.040457 0.000154
v -0.956747 0.008578 0.000154
v -0.932088 0.032773 0.000154
v -0.932169 0.037077 0.017755
v -0.956786 0.013062 0.019707
v -0.956786 0.013062 -0.019399
v -0.932169 0.037077 -0.017447
v -0.956747 0.008578 0.000154
v -0.932088 0.032773 0.000154
v -1.023980 0.012201 0.000154
v -0.993236 0.041941 0.000154
v -0.993337 0.047060 0.025790
v -1.024028 0.017590 0.030822
v -1.024028 0.017590 -0.030513
v -0.993337 0.047060 -0.025482
v -1.023980 0.012201 0.000154
v -0.993236 0.041941 0.000154
v -1.086806 0.011579 0.000154
v -1.062627 0.034387 0.000154
v -1.062662 0.038366 0.018026
v -1.086786 0.015767 0.020817
v -1.086786 0.015767 -0.020508
v -1.062662 0.038366 -0.017717
v -1.086806 0.011579 0.000154
v -1.062627 0.034387 0.000154
v -1.143783 0.012374 0.000154
v -1.116536 0.037870 0.000154
v -1.116612 0.042609 0.019028
v -1.143804 0.017173 0.021138
v -1.143804 0.017173 -0.020828
v -1.116612 0.042609 -0.018719
v -1.143783 0.012374 0.000154
v -1.116536 0.037870 0.000154
v 1.430984 -0.196560 0.105037
v 1.378007 -0.178629 0.067062
v 1.411525 -0.149126 0.109525
v -1.086601 0.066119 -0.049056
v -1.105904 0.049962 -0.029713
v -1.103954 0.065753 -0.034132
v -1.086706 0.037170 -0.041667
v 1.533555 -0.092535 -0.115780
v 1.454765 -0.098635 -0.159198
v 1.482895 -0.060351 -0.123763
v 1.529243 -0.156773 -0.145114
v -1.144012 0.075665 -0.051887
v -1.165230 0.056589 -0.032933
v -1.162976 0.076139 -0.038244
v -1.143896 0.042256 -0.043804
v -1.049173 0.061291 0.034198
v -1.024565 0.079136 0.016173
v -1.024550 0.077393 0.017064
v 1.486329 0.203800 0.000154
v 1.463695 0.180863 -0.030817
v 1.463494 0.203600 -0.019666
v 1.465335 0.007260 -0.080367
v 1.421525 0.056942 -0.094780
v 1.482486 0.007273 -0.079012
v -1.046927 0.081643 0.034146
v -1.024565 0.079136 0.016173
v -1.049173 0.061291 0.034198
v -1.024585 0.081389 0.015666
v -1.024268 0.045137 -0.048650
v -1.055228 0.046520 -0.025482
v -1.049173 0.061291 -0.033890
v -1.024028 0.017590 -0.030513
v -1.144012 0.075665 -0.051887
v -1.162976 0.076139 -0.038244
v -1.144110 0.101350 -0.034934
v -0.957270 0.068496 -0.048595
v -0.976299 0.049954 -0.031257
v -0.974346 0.067715 -0.035027
v -0.956996 0.037068 -0.042649
v -1.024593 0.082393 -0.049296
v -1.049173 0.061291 -0.033890
v -1.046927 0.081643 -0.033838
v -1.024268 0.045137 -0.048650
v 1.526271 0.253924 0.000154
v 1.479401 0.237894 -0.037683
v 1.496548 0.265798 -0.027627
v 1.524709 0.283420 -0.015093
v 1.538460 0.272492 0.000154
v 1.524709 0.283420 -0.015093
v 1.568289 0.289841 0.000154
v 1.102458 -0.017967 -0.161439
v 1.111930 -0.097219 -0.122796
v 1.046923 -0.095571 -0.150712
v 1.142276 -0.044742 -0.127718
v 1.484241 0.009073 -0.159825
v 1.542076 0.014942 -0.121510
v 1.489792 -0.033490 -0.126447
v -1.046927 0.081643 0.034146
v -1.024843 0.111089 0.032209
v -1.024585 0.081389 0.015666
v -0.829786 0.041727 -0.092366
v -0.816626 -0.001920 -0.114446
v -0.774330 0.049860 -0.122550
v -0.800312 0.071397 -0.095934
v -1.024593 0.082393 -0.049296
v -1.046927 0.081643 -0.033838
v -1.024843 0.111089 -0.031901
v -0.891176 0.077150 -0.052168
v -0.913785 0.057973 -0.031079
v -0.911747 0.076469 -0.035821
v -0.890852 0.043160 -0.044176
v -0.957270 0.068496 -0.048595
v -0.974346 0.067715 -0.035027
v -0.957480 0.092531 -0.030186
v -0.891176 0.077150 -0.052168
v -0.911747 0.076469 -0.035821
v -0.891420 0.103359 -0.031847
v -0.561989 0.239890 -0.092449
v -0.515129 0.280758 -0.116618
v -0.514863 0.207388 -0.125490
v -0.556883 0.206874 -0.096354
v -0.723734 -0.004219 -0.095183
v -0.679088 -0.033456 -0.120620
v -0.680122 0.044803 -0.132287
v -0.719627 0.044567 -0.101624
v 1.271472 0.250087 0.000154
v 1.265068 0.221490 0.000154
v 1.237665 0.260878 -0.030649
v 1.220510 0.234171 -0.038788
v 0.619615 -0.315503 -0.069709
v 0.604921 -0.282887 -0.095824
v 0.647771 -0.261670 -0.070999
v 1.480229 0.051977 -0.124956
v 1.542076 0.014942 -0.121510
v 1.484241 0.009073 -0.159825
v 1.280698 0.280115 0.000154
v 1.271472 0.250087 0.000154
v 1.255532 0.286870 -0.022463
v 1.237665 0.260878 -0.030649
v 0.669858 0.220268 -0.114171
v 0.712497 0.249937 -0.085116
v 0.707903 0.218954 -0.088816
v 0.669618 0.286967 -0.106105
v 1.122891 0.293475 0.000154
v 1.110071 0.297821 -0.011595
v 1.140011 0.313822 0.000154
v 1.118883 0.276835 0.000154
v 1.110071 0.297821 -0.011595
v 1.094234 0.277711 -0.021254
v 1.088537 0.244460 -0.029003
v 1.122119 0.243639 0.000154
v 0.738511 -0.162846 -0.067641
v 0.712113 -0.212157 -0.067231
v 0.697479 -0.171466 -0.096589
v 0.681271 -0.211285 -0.077568
v -0.657662 0.371202 -0.017829
v -0.670282 0.339915 -0.024339
v -0.681567 0.377285 0.000154
v -0.702924 0.347837 0.000154
v 0.787971 -0.304705 -0.071139
v 0.717630 -0.352103 -0.092760
v 0.739675 -0.309916 -0.120408
v 0.753698 -0.356284 -0.067775
v 0.676724 -0.317945 -0.125832
v 0.717630 -0.352103 -0.092760
v 0.960440 0.231395 0.000154
v 0.944939 0.202532 -0.021760
v 0.940791 0.227448 -0.014458
v 0.974144 0.209137 0.000154
v -0.679059 0.208649 -0.021760
v -0.698177 0.269031 0.000154
v -0.678137 0.268722 -0.014458
v -0.708999 0.208388 0.000154
v -0.670282 0.339915 -0.024339
v -0.674645 0.283812 -0.028923
v -0.702924 0.347837 0.000154
v -0.720485 0.283713 0.000154
v 0.567659 -0.211931 -0.066253
v 0.557695 -0.177291 -0.094279
v 0.603479 -0.162294 -0.067307
v -0.719627 0.044567 -0.101624
v -0.680861 0.098095 -0.092397
v -0.680122 0.044803 -0.132287
v 0.974642 0.263881 0.000154
v 0.941006 0.242937 -0.028923
v 0.941061 0.264702 -0.024339
v 0.982117 0.239706 0.000154
v 0.974642 0.263881 0.000154
v 0.946758 0.297953 -0.017829
v 0.971405 0.297077 0.000154
v 1.102458 -0.017967 -0.161439
v 1.140244 0.034901 -0.118628
v 1.142276 -0.044742 -0.127718
v -0.584498 0.033057 -0.115563
v -0.612425 0.001657 -0.094167
v -0.609800 0.032905 -0.095078
v -0.583829 -0.017069 -0.111616
v -0.406714 0.276957 -0.078596
v -0.366944 0.311636 -0.099105
v -0.366723 0.249376 -0.106634
v -0.402375 0.248941 -0.081911
v -0.366723 0.249376 -0.106634
v -0.366539 0.200516 -0.089019
v 0.521800 0.219282 -0.106634
v 0.561600 0.246975 -0.079514
v 0.557311 0.218055 -0.082967
v 0.521576 0.281541 -0.099106
v -0.609800 0.032905 -0.095078
v -0.584971 0.067191 -0.093955
v -0.584498 0.033057 -0.115563
v -0.443981 -0.046570 -0.095040
v -0.406704 -0.070985 -0.117789
v -0.407569 -0.005632 -0.122934
v -0.440555 -0.005829 -0.096227
v -0.261508 0.242061 -0.084133
v -0.218901 0.279214 -0.106105
v -0.218668 0.212514 -0.114171
v -0.256864 0.212046 -0.087684
v 1.288776 0.296292 0.000154
v 1.276611 0.303811 -0.012258
v 1.311232 0.313172 0.000154
v 1.280698 0.280115 0.000154
v 1.276611 0.303811 -0.012258
v 1.255532 0.286870 -0.022463
v -0.440555 -0.005829 -0.096227
v -0.408182 0.038871 -0.093608
v -0.407569 -0.005632 -0.122934
v 0.545375 -0.310181 -0.097513
v 0.587701 -0.335129 -0.075119
v 0.569660 -0.346251 -0.082023
v 0.519415 -0.320522 -0.087220
v 0.604921 -0.282887 -0.095824
v 0.619615 -0.315503 -0.069709
v 0.545375 -0.310181 -0.097513
v 0.557273 -0.357324 -0.070006
v 0.569660 -0.346251 -0.082023
v 0.494385 -0.195947 -0.095373
v 0.557695 -0.177291 -0.094279
v 0.533008 -0.226915 -0.073470
v 0.567659 -0.211931 -0.066253
v 0.648651 -0.214567 0.071440
v 0.649082 -0.181632 0.051458
v 0.681271 -0.211285 0.077707
v 0.373659 0.215142 -0.125490
v 0.420562 0.247778 -0.093529
v 0.415507 0.213697 -0.097600
v 0.373396 0.288512 -0.116618
v -0.303779 -0.003089 -0.123997
v -0.342096 -0.046159 -0.093446
v -0.338485 -0.003298 -0.097057
v -0.302871 -0.071845 -0.115793
v -0.584479 0.031692 0.073015
v -0.612412 0.000056 0.091133
v -0.609800 0.032905 0.092545
v -0.556883 0.206874 -0.096354
v -0.514863 0.207388 -0.125490
v -0.514648 0.149808 -0.085631
v 0.669858 0.220268 -0.114171
v 0.707903 0.218954 -0.088816
v 0.670051 0.167922 -0.088435
v -0.338485 -0.003298 -0.097057
v -0.304427 0.043730 -0.094394
v -0.303779 -0.003089 -0.123997
v 0.975414 0.313717 0.000154
v 0.962595 0.318063 -0.009715
v 0.992534 0.334064 0.000154
v 0.971405 0.297077 0.000154
v 0.962595 0.318063 -0.009715
v 0.946758 0.297953 -0.017829
v -0.117728 0.243767 -0.092449
v -0.070868 0.284635 -0.116618
v -0.070602 0.211264 -0.125490
v -0.112623 0.210752 -0.096354
v 0.641565 -0.184077 -0.095639
v 0.697479 -0.171466 -0.096589
v 0.681271 -0.211285 -0.077568
v 0.648651 -0.214567 -0.071300
v -0.584479 0.031692 0.073015
v -0.609800 0.032905 0.092545
v -0.584971 0.067191 0.091421
v 0.521800 0.219282 -0.106634
v 0.557311 0.218055 -0.082967
v 0.521979 0.170421 -0.087356
v 0.596397 -0.285875 0.044356
v 0.587701 -0.335129 0.075259
v 0.590327 -0.286741 0.045512
v 0.569660 -0.346251 0.076082
v 0.619615 -0.315503 0.069849
v 0.225597 0.216391 -0.114171
v 0.268237 0.246061 -0.085116
v 0.263642 0.215077 -0.088816
v 0.225358 0.283090 -0.106105
v 1.430984 -0.196560 -0.112197
v 1.373024 -0.161952 -0.147444
v 1.411525 -0.149126 -0.116685
v 1.396293 -0.239235 -0.137660
v 0.401062 -0.004536 -0.112439
v 0.436455 -0.038140 -0.083974
v 0.400768 -0.061278 -0.107589
v -0.698177 0.269031 0.000154
v -0.674645 0.283812 -0.028923
v -0.678137 0.268722 -0.014458
v 0.503165 -0.243344 -0.065915
v 0.441007 -0.207675 -0.071595
v 0.494385 -0.195947 -0.095373
v 0.533008 -0.226915 -0.073470
v -0.256864 0.212046 -0.087684
v -0.218668 0.212514 -0.114171
v -0.218472 0.160167 -0.087178
v -0.829786 0.041726 0.085609
v -0.783474 0.038713 0.055139
v -0.800312 0.071397 0.089177
v 0.688066 -0.126714 -0.064525
v 0.697479 -0.171466 -0.096589
v 0.666591 -0.141602 -0.078418
v 0.738511 -0.162846 -0.067641
v 0.037550 0.242985 -0.078596
v 0.077315 0.277664 -0.099106
v 0.077538 0.215405 -0.106634
v 0.041883 0.214969 -0.081911
v 0.077538 0.215405 -0.106634
v 0.077719 0.166544 -0.086760
v 0.373659 0.215142 -0.125490
v 0.415507 0.213697 -0.097600
v 0.373872 0.157562 -0.087461
v 0.077538 0.215405 -0.106634
v 0.117339 0.243098 -0.079514
v 0.113051 0.214178 -0.082967
v 0.077315 0.277664 -0.099106
v 0.533008 -0.226915 0.073610
v 0.537784 -0.177596 0.052603
v 0.503165 -0.243344 0.066055
v -0.112623 0.210752 -0.096354
v -0.070602 0.211264 -0.125490
v -0.070387 0.153684 -0.084866
v 0.365971 -0.036772 -0.082868
v 0.400768 -0.061278 -0.107589
v 0.358021 -0.068245 -0.066885
v 0.225597 0.216391 -0.114171
v 0.263642 0.215077 -0.088816
v 0.225789 0.164045 -0.087836
v 0.567659 -0.211931 0.066393
v 0.548764 -0.179046 0.043385
v 0.533008 -0.226915 0.073610
v 0.182756 0.245938 -0.084133
v 0.225358 0.283090 -0.106105
v 0.225597 0.216391 -0.114171
v 0.187398 0.215923 -0.087684
v 0.225597 0.216391 -0.114171
v 0.225789 0.164045 -0.087836
v -0.070602 0.211264 -0.125490
v -0.023696 0.243901 -0.093529
v -0.028756 0.209820 -0.097600
v -0.070868 0.284635 -0.116618
v 0.401062 -0.004536 -0.112439
v 0.365971 -0.036772 -0.082868
v 0.400768 -0.061278 -0.107589
v 0.077538 0.215405 -0.106634
v 0.113051 0.214178 -0.082967
v 0.077719 0.166544 -0.086760
v 0.557695 -0.177291 -0.094279
v 0.508712 -0.148595 -0.074450
v 0.546748 -0.141885 -0.068613
v 0.494385 -0.195947 -0.095373
v 0.603479 -0.162294 -0.067307
v 0.326535 0.247644 -0.092449
v 0.373396 0.288512 -0.116618
v 0.373659 0.215142 -0.125490
v 0.331641 0.214629 -0.096354
v -0.303779 -0.003089 -0.123997
v -0.304427 0.043730 -0.094394
v -0.269232 -0.001623 -0.098209
v -0.218668 0.212514 -0.114171
v -0.176021 0.242182 -0.085116
v -0.180621 0.211200 -0.088816
v -0.218901 0.279214 -0.106105
v -0.070602 0.211264 -0.125490
v -0.028756 0.209820 -0.097600
v -0.070387 0.153684 -0.084866
v -0.303779 -0.003089 -0.123997
v -0.264433 -0.045039 -0.094445
v -0.302871 -0.071845 -0.115793
v -0.269232 -0.001623 -0.098209
v -0.771246 -0.005974 -0.093353
v -0.774330 0.049860 -0.122550
v -0.747689 0.029363 -0.097071
v -0.816626 -0.001920 -0.114446
v 0.331641 0.214629 -0.096354
v 0.373659 0.215142 -0.125490
v 0.373872 0.157562 -0.087461
v 0.494385 -0.195947 -0.095373
v 0.471495 -0.143056 -0.066576
v 0.508712 -0.148595 -0.074450
v 0.441007 -0.207675 -0.071595
v -0.407569 -0.005632 -0.122934
v -0.408182 0.038871 -0.093608
v -0.374734 -0.004238 -0.097369
v -0.218668 0.212514 -0.114171
v -0.180621 0.211200 -0.088816
v -0.218472 0.160167 -0.087178
v 1.484241 0.009073 -0.159825
v 1.436029 -0.044129 -0.121576
v 1.398719 0.000501 -0.149207
v 1.489792 -0.033490 -0.126447
v 0.708767 -0.273757 -0.093997
v 0.676724 -0.317945 -0.125832
v 0.739675 -0.309916 -0.120408
v 0.544705 -0.265583 -0.076120
v 0.604921 -0.282887 -0.095824
v 0.545375 -0.310181 -0.097513
v 0.581116 -0.253603 -0.069738
v 0.481811 0.246862 -0.078596
v 0.521576 0.281541 -0.099106
v 0.521800 0.219282 -0.106634
v 0.486143 0.218846 -0.081911
v 0.521800 0.219282 -0.106634
v 0.521979 0.170421 -0.087356
v 0.508712 -0.148595 0.074590
v 0.537784 -0.177596 0.052603
v 0.548764 -0.179046 0.043385
v -0.366723 0.249376 -0.106634
v -0.326925 0.277071 -0.079514
v -0.331212 0.248151 -0.082967
v -0.366944 0.311636 -0.099105
v -0.407569 -0.005632 -0.122934
v -0.370171 -0.045506 -0.096058
v -0.406704 -0.070985 -0.117789
v -0.374734 -0.004238 -0.097369
v 0.666591 -0.141602 -0.078418
v 0.641565 -0.184077 -0.095639
v 0.634901 -0.152590 -0.073349
v 0.600494 -0.192054 -0.070598
v 0.697479 -0.171466 -0.096589
v -0.584498 0.033057 -0.115563
v -0.584971 0.067191 -0.093955
v -0.559308 0.034126 -0.095954
v -0.366723 0.249376 -0.106634
v -0.331212 0.248151 -0.082967
v -0.366539 0.200516 -0.089019
v -0.680122 0.044803 -0.132287
v -0.680861 0.098095 -0.092397
v -0.640805 0.046472 -0.102934
v -0.584498 0.033057 -0.115563
v -0.555811 0.002473 -0.094948
v -0.583829 -0.017069 -0.111616
v -0.559308 0.034126 -0.095954
v 0.946758 0.297953 -0.017829
v 0.941061 0.264702 -0.024339
v 0.922109 0.298829 0.000154
v 0.907478 0.265522 0.000154
v 1.237665 0.260878 -0.030649
v 1.220510 0.234171 -0.038788
v 1.196473 0.271847 0.000154
v 1.171793 0.236520 0.000154
v 0.627017 0.249815 -0.084133
v 0.669618 0.286967 -0.106105
v 0.669858 0.220268 -0.114171
v 0.631660 0.219800 -0.087684
v 0.669858 0.220268 -0.114171
v 0.670051 0.167922 -0.088435
v -0.514863 0.207388 -0.125490
v -0.467957 0.240025 -0.093529
v -0.473017 0.205944 -0.097600
v -0.515129 0.280758 -0.116618
v 0.907478 0.265522 0.000154
v 0.941061 0.264702 -0.024339
v 0.941006 0.242937 -0.028923
v 0.896227 0.233121 0.000154
v -0.514863 0.207388 -0.125490
v -0.473017 0.205944 -0.097600
v -0.514648 0.149808 -0.085631
v -0.680122 0.044803 -0.132287
v -0.635343 -0.002945 -0.096321
v -0.679088 -0.033456 -0.120620
v -0.640805 0.046472 -0.102934
v 0.944939 0.202532 -0.021760
v 0.921142 0.223502 0.000154
v 0.940791 0.227448 -0.014458
v 0.915735 0.195930 0.000154
v 0.545375 -0.310181 -0.097513
v 0.525460 -0.266298 -0.072546
v 0.544705 -0.265583 -0.076120
v 0.519415 -0.320522 -0.087220
v 0.544705 -0.265582 0.076261
v 0.590327 -0.286741 0.045512
v 0.596397 -0.285875 0.044356
v 0.581116 -0.253603 0.069877
v 0.544705 -0.265582 0.076261
v 1.094234 0.277711 -0.021254
v 1.088537 0.244460 -0.029003
v 1.069585 0.278587 0.000154
v 1.054954 0.245281 0.000154
v 0.634901 -0.152590 0.073489
v 0.649082 -0.181632 0.051458
v 0.666591 -0.141602 0.078558
v 0.546748 -0.141885 0.068753
v 0.548764 -0.179046 0.043385
v 0.508712 -0.148595 0.074590
v -0.559308 0.034126 0.093420
v -0.584479 0.031692 0.073015
v -0.584971 0.067191 0.091421
v 1.054954 0.245281 0.000154
v 1.088537 0.244460 -0.029003
v 1.088482 0.222695 -0.034462
v 1.043703 0.212879 0.000154
v 1.426243 0.051793 -0.120282
v 1.398719 0.000501 -0.149207
v 1.484241 0.009073 -0.159825
v 1.480229 0.051977 -0.124956
v 1.046923 -0.095571 -0.150712
v 1.102458 -0.017967 -0.161439
v 1.024207 -0.034594 -0.121490
v 1.063491 0.010349 -0.126212
v -0.658098 0.268413 0.000154
v -0.679059 0.208649 -0.021760
v -0.678137 0.268722 -0.014458
v -0.649120 0.208910 0.000154
v 1.496548 0.265798 -0.027627
v 1.479401 0.237894 -0.037683
v 1.466827 0.277671 0.000154
v 1.441155 0.258812 0.000154
v -0.637640 0.331993 0.000154
v -0.674645 0.283812 -0.028923
v -0.670282 0.339915 -0.024339
v -0.635156 0.271939 0.000154
v -0.637640 0.331993 0.000154
v -0.657662 0.371202 -0.017829
v -0.633765 0.365119 0.000154
v -0.555797 0.000872 0.091914
v -0.584479 0.031692 0.073015
v -0.559308 0.034126 0.093420
v 1.210841 0.203768 -0.026494
v 1.189446 0.226058 0.000154
v 1.211360 0.225534 -0.018873
v 1.180149 0.204501 0.000154
v 1.063491 0.010349 -0.126212
v 1.140244 0.034901 -0.118628
v 1.102458 -0.017967 -0.161439
v 0.921142 0.223502 0.000154
v 0.941006 0.242937 -0.028923
v 0.940791 0.227448 -0.014458
v -0.626320 0.380532 0.000154
v -0.637924 0.387497 -0.009715
v -0.605266 0.396786 0.000154
v -0.633765 0.365119 0.000154
v -0.637924 0.387497 -0.009715
v -0.657662 0.371202 -0.017829
v 1.092416 0.182291 -0.025934
v 1.068618 0.203260 0.000154
v 1.088267 0.207206 -0.017242
v -0.870591 0.076859 -0.035821
v -0.891176 0.077150 -0.052168
v -0.891420 0.103359 -0.031847
v 1.333931 -0.173415 0.108152
v 1.373659 -0.164055 0.064811
v 1.378007 -0.178629 0.067062
v -0.775482 0.048450 0.053274
v -0.747689 0.029363 0.090314
v -0.783474 0.038713 0.055139
v -0.771246 -0.005974 0.086596
v -0.940182 0.068013 -0.035027
v -0.957270 0.068496 -0.048595
v -0.957480 0.092531 -0.030186
v -0.890852 0.043160 -0.044176
v -0.868210 0.058405 -0.031079
v -0.891176 0.077150 -0.052168
v -0.870591 0.076859 -0.035821
v 1.441155 0.258812 0.000154
v 1.479401 0.237894 -0.037683
v 1.468514 0.214731 -0.044840
v 1.416482 0.215869 0.000154
v -1.024593 0.082393 -0.049296
v -0.999649 0.061724 -0.033890
v -1.024268 0.045137 -0.048650
v -1.002250 0.082034 -0.033838
v -1.024593 0.082393 -0.049296
v -1.024843 0.111089 -0.031901
v -0.957270 0.068496 -0.048595
v -0.937919 0.050289 -0.031257
v -0.956996 0.037068 -0.042649
v -0.940182 0.068013 -0.035027
v -1.024268 0.045137 -0.048650
v -0.993337 0.047060 -0.025482
v -1.024028 0.017590 -0.030513
v -0.999649 0.061724 -0.033890
v -1.124977 0.075883 -0.037635
v -1.144012 0.075665 -0.051887
v -1.144110 0.101350 -0.034934
v 1.463494 0.203600 -0.019666
v 1.463695 0.180863 -0.030817
v 1.428015 0.180552 0.000154
v -1.024585 0.081389 0.015666
v -1.024843 0.111089 0.032209
v -1.002250 0.082034 0.034146
v -1.144012 0.075665 -0.051887
v -1.122625 0.056719 -0.032424
v -1.143896 0.042256 -0.043804
v -1.124977 0.075883 -0.037635
v -1.086601 0.066119 -0.049056
v -1.067421 0.049819 -0.029713
v -1.086706 0.037170 -0.041667
v -1.069245 0.065623 -0.034132
v -1.002250 0.082034 0.034146
v -1.024565 0.079136 0.016173
v -1.024585 0.081389 0.015666
v -0.999649 0.061724 0.034198
v -1.024550 0.077393 0.017064
v -0.999649 0.061724 0.034198
v -1.024565 0.079136 0.016173
v 1.467984 -0.176731 0.115213
v 1.470799 -0.111207 0.072839
v 1.425146 -0.136015 0.120175
v 1.467984 -0.176731 -0.114407
v 1.529243 -0.156773 -0.145114
v 1.454765 -0.098635 -0.159198
v 1.425146 -0.136015 -0.122182
v 1.396293 -0.239235 -0.137660
v 1.343727 -0.222941 -0.111006
v 1.373024 -0.161952 -0.147444
v 1.333931 -0.173415 -0.115313
v 0.679710 0.245271 -0.069877
v 0.679710 0.245271 0.067007
v 0.680318 0.175621 -0.069877
v 0.680318 0.175621 0.067007
vn 0.4418 0.8906 -0.1083
vn 0.4866 0.8736 0.0084
vn 0.4279 0.8973 -0.1086
vn 0.4867 0.8735 0.0083
vn 0.4865 0.8736 0.0097
vn 0.4428 0.8888 0.1181
vn 0.4275 0.8964 0.1175
vn 0.4866 0.8736 0.0098
vn 0.6123 0.6916 -0.3831
vn 0.6034 0.7178 -0.3473
vn 0.4427 0.8888 0.1188
vn 0.6123 0.6916 0.3832
vn 0.6034 0.7178 0.3473
vn 0.4417 0.8905 -0.1090
vn 0.5886 0.4381 0.6794
vn 0.4824 0.6234 0.6154
vn 0.5950 0.4241 0.6828
vn -0.1590 0.9791 -0.1267
vn -0.1079 0.9941 0.0085
vn -0.1762 0.9762 -0.1267
vn -0.1078 0.9941 0.0084
vn -0.1079 0.9941 0.0092
vn -0.1518 0.9802 0.1271
vn -0.1692 0.9774 0.1271
vn -0.1078 0.9941 0.0097
vn 0.5022 0.3131 -0.8061
vn 0.3871 0.5721 -0.7231
vn 0.5073 0.2984 -0.8085
vn 0.0965 0.9226 -0.3734
vn -0.1692 0.9773 0.1271
vn 0.0748 0.9370 -0.3411
vn -0.1519 0.9801 0.1278
vn -0.1765 0.9761 -0.1265
vn 0.0663 0.9351 0.3482
vn 0.0396 0.9542 0.2966
vn -0.1590 0.9790 -0.1273
vn 0.5750 0.4612 -0.6758
vn 0.5893 0.4327 -0.6823
vn 0.4513 0.6545 -0.6067
vn 0.2413 0.6890 0.6835
vn 0.1131 0.7562 0.6445
vn 0.2483 0.6868 0.6831
vn 0.2422 0.6884 0.6837
vn 0.0381 0.9544 0.2962
vn 0.0668 0.9349 0.3485
vn 0.2495 0.6863 0.6832
vn 0.2108 0.5468 0.8103
vn 0.2237 0.5379 0.8128
vn -0.0529 0.6980 0.7141
vn 0.2399 0.6850 -0.6879
vn 0.2534 0.6772 -0.6908
vn 0.0626 0.7733 -0.6310
vn 0.2122 0.5504 -0.8075
vn -0.1035 0.7143 -0.6922
vn 0.2191 0.5483 -0.8070
vn 0.2408 0.6844 -0.6882
vn 0.0743 0.9373 -0.3406
vn 0.2545 0.6766 -0.6910
vn 0.0963 0.9226 -0.3735
vn 0.6649 -0.1036 0.7397
vn 0.6747 -0.0747 0.7343
vn 0.6649 -0.1037 0.7397
vn 0.6649 -0.1036 -0.7397
vn 0.6747 -0.0747 -0.7343
vn 0.6649 -0.1037 -0.7397
vn 0.6115 0.3531 0.7081
vn 0.6115 0.3533 -0.7080
vn 0.6115 0.3531 -0.7081
vn 0.6117 0.3526 -0.7082
vn 0.8172 -0.5764 -0.0000
vn 0.7142 -0.5871 0.3811
vn 0.7412 -0.5898 0.3206
vn 0.7412 -0.5898 -0.3206
vn 0.7142 -0.5871 -0.3811
vn 0.7049 0.6699 -0.2331
vn 0.7314 0.5202 -0.4410
vn 0.7314 0.5202 -0.4409
vn 0.7314 0.5202 0.4409
vn 0.7063 0.6713 0.2246
vn 0.7314 0.5202 0.4410
vn 0.6067 -0.2491 0.7549
vn 0.1167 -0.9826 -0.1447
vn 0.1232 -0.9923 0.0091
vn 0.1231 -0.9924 -0.0000
vn 0.1165 -0.9813 0.1535
vn 0.1165 -0.9813 0.1534
vn 0.6068 -0.2491 -0.7548
vn 0.2840 -0.7390 -0.6109
vn 0.2767 -0.7580 -0.5906
vn 0.2767 -0.7580 0.5906
vn 0.2840 -0.7390 0.6109
vn 0.8687 -0.4953 -0.0000
vn 0.7029 -0.4799 0.5250
vn 0.7704 -0.4961 0.4004
vn 0.7705 -0.4960 -0.4005
vn 0.7029 -0.4799 -0.5250
vn 0.6395 0.2427 0.7295
vn 0.6395 0.2427 -0.7295
vn 0.6395 0.2426 -0.7295
vn 0.6506 0.1321 0.7479
vn 0.6389 -0.2005 0.7427
vn 0.6432 -0.1986 0.7395
vn 0.6490 0.1393 0.7479
vn 0.6506 0.1321 -0.7478
vn 0.6389 -0.2005 -0.7427
vn 0.6491 0.1393 -0.7479
vn 0.6388 -0.2010 -0.7427
vn 0.5794 0.3560 0.7332
vn 0.5795 0.3560 0.7331
vn 0.5783 0.3561 0.7340
vn 0.5795 0.3560 -0.7331
vn 0.5794 0.3559 -0.7332
vn 0.5794 0.3560 -0.7332
vn 0.5783 0.3561 -0.7340
vn 0.8907 -0.4394 0.1168
vn 0.9009 -0.4246 0.0900
vn 0.9229 -0.3850 0.0090
vn 0.9229 -0.3849 0.0091
vn 0.9229 -0.3850 0.0091
vn 0.9229 -0.3849 0.0090
vn 0.9070 -0.4163 -0.0633
vn 0.9038 -0.4184 -0.0903
vn 0.9036 -0.4185 -0.0918
vn 0.5716 -0.5478 -0.6109
vn 0.7116 -0.5236 -0.4685
vn 0.8398 -0.4765 0.2603
vn 0.8904 -0.4396 0.1181
vn 0.8392 -0.4768 0.2614
vn 0.9007 -0.4249 0.0907
vn 0.7792 0.6267 -0.0090
vn 0.7604 0.6240 0.1800
vn 0.7592 0.6229 0.1887
vn 0.7604 0.6240 -0.1800
vn 0.7616 0.6250 -0.1713
vn 0.7792 0.6267 -0.0091
vn 0.6491 0.1392 0.7479
vn 0.6532 -0.0460 0.7558
vn 0.6524 -0.0023 0.7579
vn 0.6686 -0.2190 0.7106
vn 0.9302 -0.0351 0.3655
vn 0.9235 -0.0461 0.3809
vn 0.6652 -0.2250 0.7120
vn 0.6692 -0.2179 0.7104
vn 0.7481 -0.0538 0.6614
vn 0.6657 -0.2240 0.7118
vn 0.7616 0.6250 -0.1714
vn 0.6839 0.3721 -0.6275
vn 0.7053 0.4290 -0.5644
vn 0.7604 0.6240 -0.1801
vn 0.9302 -0.0351 -0.3655
vn 0.6806 -0.1984 -0.7053
vn 0.9235 -0.0461 -0.3809
vn 0.6698 -0.2092 -0.7124
vn 0.6813 -0.1974 -0.7049
vn 0.6703 -0.2081 -0.7123
vn 0.7634 -0.0160 -0.6457
vn 0.6532 -0.0461 -0.7557
vn 0.6491 0.1392 -0.7479
vn 0.6525 -0.0023 -0.7578
vn 0.6980 0.4291 0.5733
vn 0.6816 0.3826 0.6237
vn 0.7603 0.6240 0.1807
vn 0.7592 0.6229 0.1888
vn 0.8773 -0.4800 -0.0000
vn 0.8797 -0.4734 0.0454
vn 0.8796 -0.4735 0.0454
vn 0.8797 -0.4734 -0.0453
vn 0.8796 -0.4735 -0.0454
vn 0.4218 -0.5225 0.7410
vn 0.3129 -0.5692 0.7603
vn 0.6975 -0.3449 0.6281
vn 0.4218 -0.5224 -0.7410
vn 0.6975 -0.3450 -0.6280
vn 0.3117 -0.5741 -0.7571
vn 0.7616 0.6250 -0.1712
vn -0.0373 -0.7658 0.6420
vn 0.1106 -0.7355 0.6685
vn 0.1332 -0.7381 0.6614
vn 0.1106 -0.7355 -0.6684
vn -0.0372 -0.7658 -0.6420
vn 0.1333 -0.7371 -0.6625
vn 0.6839 0.3723 -0.6275
vn 0.3107 -0.5569 0.7703
vn 0.1869 -0.5874 0.7874
vn 0.6139 -0.4334 0.6598
vn 0.3107 -0.5567 -0.7704
vn 0.6137 -0.4335 -0.6598
vn 0.1869 -0.5874 -0.7874
vn 0.7792 0.6267 -0.0089
vn 0.7592 0.6229 0.1886
vn 0.1366 -0.6017 0.7869
vn 0.3005 -0.5324 0.7914
vn 0.0134 -0.6387 0.7693
vn 0.1366 -0.6019 -0.7868
vn 0.0134 -0.6388 -0.7692
vn 0.3005 -0.5320 -0.7916
vn 0.6839 0.3722 -0.6275
vn 0.6816 0.3826 0.6238
vn 0.7832 -0.6217 -0.0084
vn 0.7441 -0.6456 0.1719
vn 0.7833 -0.6216 -0.0082
vn 0.7195 -0.6681 0.1897
vn 0.7832 -0.6217 -0.0097
vn 0.7441 -0.6455 -0.1720
vn 0.7282 -0.6611 -0.1809
vn 0.7832 -0.6216 -0.0097
vn 0.7399 -0.6727 -0.0084
vn 0.7643 -0.6192 -0.1802
vn 0.6573 -0.3801 -0.6507
vn 0.7695 -0.6308 0.0997
vn 0.7281 -0.6610 -0.1816
vn 0.7440 -0.6455 -0.1726
vn 0.6541 -0.3267 0.6822
vn 0.6542 -0.3267 0.6821
vn 0.7883 -0.5650 0.2435
vn 0.6571 -0.3806 -0.6506
vn 0.6170 -0.3938 -0.6813
vn 0.6608 -0.3827 -0.6456
vn 0.6816 0.3827 0.6237
vn 0.6538 -0.3278 0.6820
vn 0.6539 -0.3278 0.6819
vn 0.5990 -0.4411 0.6684
vn 0.6322 0.2473 0.7343
vn 0.6262 0.3181 0.7118
vn 0.5440 0.6334 0.5503
vn 0.6322 0.2473 -0.7343
vn 0.5441 0.6334 -0.5502
vn 0.6262 0.3181 -0.7118
vn 0.7832 -0.6217 -0.0083
vn 0.7833 -0.6216 -0.0083
vn 0.7197 -0.6680 0.1892
vn 0.7282 -0.6611 -0.1808
vn 0.7832 -0.6216 -0.0098
vn 0.6468 -0.4050 -0.6462
vn 0.6465 -0.4057 -0.6461
vn 0.5970 -0.4470 -0.6661
vn 0.6509 -0.4036 -0.6430
vn 0.6487 -0.3506 0.6754
vn 0.6428 -0.3587 0.6769
vn 0.5790 -0.4875 0.6535
vn 0.7833 -0.6216 -0.0098
vn 0.6724 -0.3357 -0.6597
vn 0.7439 -0.6455 -0.1727
vn 0.6618 -0.2900 0.6913
vn 0.6673 -0.2817 0.6895
vn 0.7883 -0.5650 0.2436
vn 0.6722 -0.3361 -0.6597
vn 0.6480 -0.2984 -0.7008
vn 0.6721 -0.3362 -0.6597
vn 0.6673 -0.2823 0.6892
vn 0.6617 -0.2905 0.6912
vn 0.6341 -0.3434 0.6929
vn 0.7574 0.5981 0.2620
vn 0.7582 0.1935 0.6226
vn 0.7577 0.5516 0.3487
vn 0.7578 0.5516 -0.3486
vn 0.7552 0.1947 -0.6259
vn 0.7574 0.5981 -0.2619
vn 0.7388 0.6739 -0.0000
vn 0.7581 0.5519 -0.3474
vn 0.7575 0.5985 -0.2607
vn 0.7579 0.5521 0.3475
vn 0.7575 0.5985 0.2607
vn 0.6981 0.4292 0.5732
vn 0.7603 0.6239 0.1808
vn 0.7053 0.4291 -0.5643
vn 0.7196 -0.6680 0.1894
vn 0.6592 -0.3738 -0.6525
vn 0.7281 -0.6610 -0.1817
vn 0.6589 -0.3743 -0.6525
vn 0.6188 -0.3876 -0.6832
vn 0.6056 -0.4330 0.6676
vn 0.6838 0.3723 -0.6275
vn 0.7053 0.4290 -0.5643
vn 0.6715 -0.6441 -0.3663
vn 0.6222 -0.3415 -0.7044
vn 0.6111 -0.2957 -0.7342
vn 0.6730 -0.6612 -0.3314
vn 0.6182 -0.3582 0.6997
vn 0.6693 -0.6421 0.3739
vn 0.6146 -0.3194 0.7213
vn 0.6743 -0.6549 0.3412
vn 0.7441 -0.6456 -0.1720
vn 0.7398 -0.6728 -0.0085
vn 0.7643 -0.6192 -0.1800
vn 0.6511 -0.4031 -0.6431
vn 0.6504 -0.3440 0.6772
vn 0.6427 -0.3588 0.6769
vn 0.5839 -0.4854 0.6507
vn 0.5990 -0.4411 -0.6684
vn 0.6528 -0.3974 -0.6449
vn 0.6779 -0.3278 -0.6580
vn 0.6579 -0.2668 -0.7043
vn 0.6754 -0.3229 -0.6630
vn 0.7833 -0.6216 -0.0097
vn 0.7441 -0.6456 0.1720
vn 0.6686 -0.2755 0.6907
vn 0.6436 -0.3185 0.6959
vn 0.6781 -0.3273 -0.6581
vn 0.6686 -0.2749 0.6909
vn 0.7884 -0.5649 0.2435
vn 0.7165 0.6739 0.1802
vn 0.7128 0.7014 -0.0000
vn 0.7187 0.6760 0.1627
vn 0.7166 0.6738 -0.1802
vn 0.7187 0.6760 -0.1627
vn 0.6263 -0.3033 0.7182
vn 0.6790 -0.6362 0.3663
vn 0.6179 -0.2588 0.7424
vn 0.6881 -0.6455 0.3313
vn 0.6842 -0.6488 -0.3331
vn 0.6379 -0.3273 -0.6971
vn 0.6322 -0.2732 -0.7250
vn 0.6887 -0.6536 -0.3137
vn 0.6819 0.2967 -0.6685
vn 0.6864 0.2732 -0.6740
vn 0.6345 0.4567 -0.6236
vn 0.6981 0.4291 0.5732
vn 0.7165 0.6735 0.1816
vn 0.7188 0.6756 0.1640
vn 0.7429 0.3463 0.5729
vn 0.7404 0.4094 0.5331
vn 0.6840 0.2414 0.6884
vn 0.7431 0.3451 0.5733
vn 0.7404 0.4084 0.5338
vn 0.6852 0.2345 0.6895
vn 0.6838 0.2426 0.6882
vn 0.6380 0.4460 0.6277
vn 0.6850 0.2356 0.6894
vn 0.7380 0.3923 -0.5491
vn 0.7366 0.4339 -0.5188
vn 0.7188 0.6756 -0.1640
vn 0.7164 0.6736 -0.1817
vn 0.6822 0.2956 -0.6688
vn 0.6866 0.2720 -0.6742
vn 0.6251 -0.3794 -0.6821
vn 0.6538 -0.3278 0.6819
vn 0.6554 -0.3212 0.6836
vn 0.6074 -0.4270 0.6699
vn 0.6950 0.7153 0.0726
vn 0.6951 0.7152 -0.0725
vn 0.6950 0.7153 -0.0726
vn 0.7399 -0.6727 -0.0085
vn 0.7695 -0.6308 0.0998
vn 0.7440 -0.6455 -0.1727
vn 0.6557 -0.3202 0.6838
vn 0.6950 0.7153 -0.0725
vn 0.7675 0.4700 -0.4359
vn 0.7677 0.4698 -0.4357
vn 0.6983 0.2739 -0.6613
vn 0.7703 0.4510 -0.4508
vn 0.7024 0.2502 -0.6664
vn 0.6981 0.2749 -0.6611
vn 0.7021 0.2514 -0.6662
vn 0.6435 0.4653 -0.6077
vn 0.6950 0.7153 0.0725
vn 0.7801 0.4141 0.4691
vn 0.7004 0.2126 0.6814
vn 0.7803 0.4139 0.4688
vn 0.7782 0.4279 0.4597
vn 0.7005 0.2125 0.6813
vn 0.7003 0.2136 0.6811
vn 0.6493 0.4487 0.6141
vn -0.0274 0.6546 0.7554
vn -0.1506 0.6391 0.7542
vn -0.2622 0.6230 0.7369
vn -0.1506 0.6391 -0.7542
vn -0.0276 0.6552 -0.7550
vn -0.2623 0.6229 -0.7370
vn 0.7194 0.6845 0.1181
vn 0.7245 0.6741 0.1442
vn 0.7209 0.6857 -0.1001
vn 0.7245 0.6741 -0.1441
vn 0.7833 -0.6216 -0.0084
vn 0.6470 -0.3570 0.6737
vn 0.6411 -0.3652 0.6750
vn 0.5709 -0.5091 0.6441
vn 0.7398 -0.6727 -0.0085
vn 0.7643 -0.6192 -0.1801
vn 0.6448 -0.4113 -0.6442
vn 0.6446 -0.4118 -0.6441
vn 0.5916 -0.4633 -0.6598
vn 0.6543 -0.4061 -0.6379
vn 0.6671 0.7342 0.1264
vn 0.7089 0.7053 0.0097
vn 0.7088 0.7053 0.0097
vn 0.7088 0.7054 0.0084
vn 0.6672 0.7341 -0.1264
vn 0.7088 0.7053 0.0084
vn 0.5428 -0.2398 0.8049
vn 0.5305 -0.2553 0.8083
vn 0.6925 0.0060 0.7214
vn 0.7317 0.4461 -0.5154
vn 0.7331 0.4627 -0.4985
vn 0.7245 0.6737 -0.1454
vn 0.6288 0.2550 -0.7345
vn 0.7194 0.6844 0.1181
vn 0.7245 0.6737 0.1454
vn 0.7331 0.4626 0.4985
vn 0.7330 0.4628 0.4985
vn 0.6288 0.2551 0.7345
vn 0.5495 -0.2252 -0.8046
vn 0.7074 0.0504 -0.7050
vn 0.5445 -0.2261 -0.8077
vn 0.6379 -0.3267 0.6974
vn 0.6739 -0.3295 -0.6613
vn 0.6524 -0.2750 -0.7062
vn 0.6738 -0.3296 -0.6613
vn 0.6916 0.2428 0.6802
vn 0.6602 0.3861 0.6442
vn 0.6929 0.2359 0.6813
vn 0.7791 0.5271 -0.3393
vn 0.6851 0.2345 -0.6896
vn 0.7786 0.5030 -0.3751
vn 0.6865 0.2274 -0.6907
vn 0.6850 0.2356 -0.6894
vn 0.6862 0.2287 -0.6905
vn 0.6467 0.4318 -0.6288
vn 0.7441 -0.6455 0.1719
vn 0.6918 0.2417 0.6804
vn 0.7670 0.5690 0.2965
vn 0.7705 0.5338 0.3482
vn 0.6932 0.2346 0.6815
vn 0.6740 -0.3291 -0.6614
vn 0.6673 -0.2816 0.6895
vn -0.0966 0.7707 0.6299
vn -0.2238 0.7639 0.6052
vn -0.1113 0.7760 0.6209
vn -0.2238 0.7640 -0.6052
vn -0.0965 0.7705 -0.6301
vn -0.1116 0.7770 -0.6195
vn 0.6782 -0.2683 0.6841
vn 0.7712 -0.0981 0.6290
vn 0.6769 -0.2751 0.6827
vn 0.6900 -0.2448 -0.6812
vn 0.6836 -0.2600 -0.6820
vn 0.7838 -0.0528 -0.6188
vn 0.6990 -0.5832 -0.4139
vn 0.6122 -0.3460 -0.7110
vn 0.5861 -0.4433 -0.6782
vn 0.6548 -0.6307 -0.4164
vn 0.6201 -0.3474 0.7035
vn 0.7046 -0.5840 0.4031
vn 0.6605 -0.6253 0.4157
vn 0.5868 -0.4379 0.6811
vn 0.7046 -0.5840 -0.4031
vn 0.6201 -0.3473 -0.7035
vn 0.5868 -0.4380 -0.6810
vn 0.6604 -0.6253 -0.4157
vn 0.7038 0.6726 0.2288
vn 0.7023 0.6558 0.2770
vn 0.7194 0.6946 0.0089
vn 0.7125 0.7016 -0.0104
vn 0.9826 0.1502 -0.1088
vn 0.9151 -0.1236 0.3837
vn 0.9319 -0.1009 0.3483
vn 0.9848 0.1348 -0.1097
vn 0.9151 -0.1238 -0.3837
vn 0.9816 0.1501 0.1178
vn 0.9319 -0.1009 -0.3483
vn 0.9837 0.1347 0.1187
vn 0.9961 0.0872 0.0091
vn 0.9838 0.1347 0.1180
vn 0.9962 0.0871 0.0098
vn 0.9849 0.1348 -0.1091
vn 0.9962 0.0872 0.0084
vn 0.9827 0.1502 -0.1088
vn 0.9962 0.0871 0.0083
vn 0.6410 0.0713 0.7642
vn 0.5835 0.4736 0.6597
vn 0.6375 0.1223 0.7607
vn 0.7040 0.6723 -0.2287
vn 0.7125 0.7016 0.0104
vn 0.7194 0.6946 -0.0089
vn 0.7023 0.6558 -0.2770
vn 0.6409 0.0713 -0.7643
vn 0.6375 0.1222 -0.7607
vn 0.5835 0.4736 -0.6597
vn 0.6644 0.4214 0.6173
vn 0.7048 0.5183 0.4844
vn 0.7191 0.5060 0.4763
vn 0.6708 0.4539 0.5865
vn 0.6730 0.4627 0.5770
vn 0.6750 0.4508 0.5841
vn 0.6669 0.4087 0.6231
vn 0.7191 0.5061 -0.4762
vn 0.7047 0.5184 -0.4844
vn 0.6644 0.4213 -0.6173
vn 0.6669 0.4087 -0.6231
vn 0.6749 0.4509 -0.5841
vn 0.6730 0.4627 -0.5770
vn 0.6708 0.4539 -0.5865
vn 0.6324 -0.3660 0.6828
vn 0.6986 -0.5951 0.3971
vn 0.6585 -0.6466 0.3851
vn 0.5995 -0.4690 0.6486
vn 0.6987 -0.5951 -0.3971
vn 0.6324 -0.3660 -0.6827
vn 0.5995 -0.4690 -0.6486
vn 0.6585 -0.6466 -0.3851
vn 0.5904 -0.3655 0.7196
vn 0.6867 -0.5910 0.4233
vn 0.6424 -0.6347 0.4296
vn 0.5580 -0.4544 0.6944
vn 0.6867 -0.5910 -0.4233
vn 0.5904 -0.3655 -0.7196
vn 0.5580 -0.4544 -0.6944
vn 0.6424 -0.6346 -0.4296
vn 0.6896 0.6810 0.2463
vn 0.6997 0.6730 0.2398
vn 0.6980 0.4925 0.5198
vn 0.6917 0.4886 0.5318
vn 0.6997 0.6729 -0.2400
vn 0.6895 0.6811 -0.2464
vn 0.6919 0.4886 -0.5316
vn 0.6980 0.4925 -0.5198
vn 0.6922 0.5028 0.5177
vn 0.6448 0.2757 0.7129
vn 0.6638 0.2137 0.7167
vn 0.7086 0.4333 0.5569
vn 0.7086 0.4333 -0.5569
vn 0.6637 0.2137 -0.7168
vn 0.6448 0.2757 -0.7129
vn 0.6922 0.5028 -0.5177
vn 0.6463 0.2710 0.7133
vn 0.6388 0.3079 0.7051
vn 0.6964 0.6794 -0.2311
vn 0.7097 0.7044 0.0068
vn 0.7143 0.6998 -0.0046
vn 0.6980 0.6636 -0.2691
vn 0.6463 0.2710 -0.7134
vn 0.6388 0.3080 -0.7051
vn 0.6964 0.6794 0.2312
vn 0.6978 0.6638 0.2691
vn 0.7143 0.6998 0.0046
vn 0.7097 0.7044 -0.0068
vn 0.7166 0.6369 0.2843
vn 0.7141 0.5880 0.3799
vn 0.7180 0.6960 0.0039
vn 0.7142 0.7000 -0.0046
vn 0.7166 0.6369 -0.2843
vn 0.7142 0.7000 0.0046
vn 0.7180 0.6961 -0.0039
vn 0.7141 0.5880 -0.3798
vn 0.7142 0.6668 -0.2127
vn 0.7199 0.6940 0.0100
vn 0.7268 0.6868 -0.0070
vn 0.7140 0.6516 -0.2562
vn 0.7129 0.5930 0.3743
vn 0.7169 0.6353 0.2871
vn 0.6837 0.3574 0.6363
vn 0.7168 0.6354 -0.2871
vn 0.7129 0.5930 -0.3743
vn 0.6839 0.3573 -0.6361
vn 0.6757 0.3421 0.6530
vn 0.6681 0.3569 0.6529
vn 0.6381 0.4459 0.6277
vn 0.6757 0.3421 -0.6530
vn 0.6381 0.4459 -0.6277
vn 0.6681 0.3569 -0.6529
vn 0.6674 0.3264 0.6693
vn 0.6600 0.3410 0.6694
vn 0.6378 0.4083 0.6531
vn 0.6675 0.3262 -0.6693
vn 0.6378 0.4083 -0.6531
vn 0.6641 0.3394 -0.6661
vn 0.7142 0.6668 0.2128
vn 0.7140 0.6516 0.2561
vn 0.7268 0.6868 0.0069
vn 0.7199 0.6940 -0.0100
vn 0.7156 0.4592 0.5264
vn 0.7384 0.5464 0.3952
vn 0.7526 0.5323 0.3876
vn 0.7186 0.4905 0.4930
vn 0.6758 0.5787 0.4565
vn 0.6864 0.4771 0.5489
vn 0.7526 0.5323 -0.3876
vn 0.7383 0.5466 -0.3952
vn 0.7156 0.4592 -0.5263
vn 0.6864 0.4771 -0.5489
vn 0.6758 0.5786 -0.4566
vn 0.7186 0.4905 -0.4930
vn 0.7115 0.6640 0.2299
vn 0.7097 0.6492 0.2736
vn 0.7265 0.6872 0.0067
vn 0.7207 0.6932 -0.0086
vn 0.7115 0.6640 -0.2300
vn 0.7207 0.6932 0.0087
vn 0.7265 0.6872 -0.0066
vn 0.7097 0.6493 -0.2735
vn 0.7297 0.5490 0.4076
vn 0.7467 0.5283 0.4042
vn 0.7053 0.4854 0.5167
vn 0.6752 0.5582 0.4822
vn 0.6815 0.4738 0.5578
vn 0.7009 0.4708 0.5358
vn 0.7467 0.5282 -0.4043
vn 0.7296 0.5492 -0.4075
vn 0.7010 0.4708 -0.5357
vn 0.6815 0.4738 -0.5578
vn 0.6797 0.5563 -0.4781
vn 0.7053 0.4854 -0.5167
vn -0.6336 0.1244 0.7636
vn -0.6240 0.0269 0.7810
vn -0.6302 -0.3523 0.6919
vn -0.6483 -0.3384 0.6820
vn -0.7209 0.6930 -0.0007
vn -0.7116 0.6683 -0.2168
vn -0.7073 0.6643 -0.2418
vn -0.7072 0.6644 0.2417
vn -0.7116 0.6683 0.2168
vn -0.7209 0.6930 0.0006
vn 0.9705 0.2104 -0.1174
vn 0.9300 -0.0359 0.3658
vn 0.9727 0.1996 -0.1184
vn 0.9695 0.2102 0.1264
vn 0.9300 -0.0361 -0.3658
vn 0.9724 0.1948 0.1281
vn 0.9728 0.1996 -0.1177
vn 0.9885 0.1512 0.0084
vn 0.9885 0.1511 0.0085
vn 0.9885 0.1512 0.0098
vn 0.9726 0.1947 0.1274
vn 0.9695 0.2101 0.1263
vn 0.9885 0.1511 0.0098
vn -0.6756 0.7263 0.1269
vn -0.7892 0.5054 -0.3488
vn -0.6836 0.7186 0.1278
vn -0.7873 0.4894 -0.3751
vn -0.6718 0.7299 -0.1262
vn -0.7249 0.6888 0.0091
vn -0.6837 0.7186 -0.1270
vn -0.7784 0.5478 0.3067
vn -0.6715 0.7302 -0.1260
vn -0.6835 0.7187 -0.1277
vn -0.7828 0.5147 0.3496
vn -0.6837 0.7186 0.1270
vn -0.4062 0.5231 0.7492
vn -0.2285 0.7020 0.6745
vn -0.4413 0.4706 0.7640
vn -0.1628 0.7339 0.6595
vn -0.1620 0.7345 -0.6590
vn -0.2280 0.7024 -0.6743
vn -0.0444 0.7949 -0.6051
vn -0.2285 0.7020 -0.6745
vn -0.1628 0.7339 -0.6595
vn -0.4062 0.5231 -0.7493
vn -0.4413 0.4706 -0.7641
vn -0.2317 0.7551 0.6133
vn -0.1766 0.7832 0.5962
vn -0.0340 0.8400 0.5416
vn 0.1574 0.7131 0.6832
vn 0.3767 0.6861 0.6224
vn 0.1718 0.7114 0.6815
vn -0.7723 0.4472 -0.4512
vn -0.7151 0.6952 -0.0732
vn -0.7718 0.4393 -0.4597
vn -0.2280 0.7024 0.6743
vn -0.1620 0.7345 0.6590
vn -0.0444 0.7949 0.6051
vn -0.7151 0.6952 0.0731
vn -0.7829 0.3906 0.4842
vn -0.7823 0.4135 0.4658
vn -0.1411 0.7778 0.6125
vn -0.0817 0.7973 0.5981
vn 0.0688 0.8369 0.5431
vn -0.3717 0.6381 0.6743
vn -0.3140 0.6835 0.6590
vn -0.2120 0.7675 0.6050
vn 0.5816 0.8135 -0.0000
vn 0.4950 0.7761 0.3906
vn 0.4517 0.7444 0.4918
vn 0.4950 0.7761 -0.3906
vn 0.4517 0.7444 -0.4918
vn -0.3720 0.4737 0.7983
vn -0.3592 0.4906 0.7939
vn -0.1533 0.6840 0.7132
vn 0.6559 0.7549 -0.0000
vn 0.5817 0.7477 0.3203
vn 0.5588 0.7402 0.3739
vn 0.5817 0.7478 -0.3200
vn 0.5589 0.7402 -0.3739
vn -0.3926 0.6865 0.6121
vn -0.3478 0.7228 0.5972
vn -0.2222 0.8113 0.5408
vn -0.3519 0.4974 -0.7929
vn -0.1171 0.7153 -0.6889
vn -0.3442 0.5042 -0.7920
vn -0.8512 0.5135 -0.1086
vn -0.8965 0.2645 0.3554
vn -0.8915 0.2399 0.3843
vn -0.8588 0.5005 -0.1098
vn -0.8503 0.5130 0.1175
vn -0.8955 0.2645 -0.3580
vn -0.8579 0.4999 0.1188
vn -0.8915 0.2399 -0.3843
vn 0.2239 0.7167 -0.6605
vn 0.2014 0.7160 -0.6684
vn 0.0825 0.7185 -0.6906
vn 0.0826 0.7185 -0.6906
vn 0.2027 0.7158 -0.6683
vn 0.2252 0.7166 -0.6602
vn 0.3911 0.6862 -0.6133
vn -0.0480 0.9919 0.1179
vn -0.2801 0.8908 -0.3577
vn -0.0638 0.9909 0.1185
vn -0.3020 0.8727 -0.3837
vn -0.0481 0.9929 -0.1089
vn -0.2801 0.8908 0.3578
vn -0.3020 0.8727 0.3836
vn -0.0637 0.9919 -0.1096
vn -0.3949 0.6005 0.6953
vn -0.2456 0.7305 0.6372
vn -0.3911 0.6059 0.6928
vn -0.1766 0.7832 -0.5962
vn -0.2317 0.7551 -0.6133
vn -0.0339 0.8400 -0.5416
vn -0.2322 0.7548 -0.6134
vn -0.1773 0.7826 -0.5967
vn -0.3742 0.6414 -0.6698
vn -0.3901 0.6184 -0.6822
vn -0.3830 0.6124 -0.6916
vn -0.3750 0.6187 -0.6903
vn -0.2018 0.7562 -0.6225
vn -0.1112 0.9938 0.0097
vn -0.0638 0.9910 0.1179
vn -0.1114 0.9937 0.0098
vn -0.0481 0.9919 0.1179
vn -0.3140 0.6835 -0.6590
vn -0.3716 0.6381 -0.6743
vn -0.2120 0.7675 -0.6050
vn -0.3722 0.6376 -0.6745
vn -0.3147 0.6827 -0.6595
vn -0.5078 0.4251 -0.7493
vn -0.5310 0.3663 -0.7641
vn -0.8845 0.4664 0.0097
vn -0.8580 0.4999 0.1181
vn -0.8846 0.4663 0.0098
vn -0.8504 0.5129 0.1175
vn -0.8845 0.4664 0.0085
vn -0.8589 0.5005 -0.1091
vn -0.8846 0.4663 0.0084
vn -0.6472 -0.1761 0.7417
vn -0.6556 0.2662 0.7066
vn -0.6508 0.3333 0.6822
vn -0.3742 0.6414 0.6698
vn -0.2326 0.7546 0.6136
vn -0.3901 0.6184 0.6822
vn -0.1773 0.7826 0.5967
vn -0.6508 0.3333 -0.6822
vn -0.6556 0.2662 -0.7067
vn -0.6472 -0.1692 -0.7433
vn -0.5996 -0.0427 -0.7992
vn -0.6576 0.2483 -0.7113
vn -0.6096 -0.0180 -0.7925
vn -0.3478 0.7228 -0.5972
vn -0.3926 0.6865 -0.6121
vn -0.2223 0.8113 -0.5407
vn -0.3934 0.6857 -0.6124
vn -0.3485 0.7221 -0.5976
vn -0.5649 0.4502 -0.6915
vn -0.5825 0.4053 -0.7046
vn -0.5079 0.4251 0.7492
vn -0.3722 0.6376 0.6745
vn -0.5310 0.3663 0.7641
vn -0.3147 0.6826 0.6595
vn 0.2440 0.8151 0.5254
vn 0.4425 0.8968 -0.0000
vn 0.3516 0.8851 0.3051
vn 0.2439 0.8152 -0.5254
vn 0.3516 0.8851 -0.3051
vn -0.1418 0.7775 -0.6127
vn -0.0826 0.7967 -0.5987
vn -0.3381 0.6487 -0.6818
vn -0.3666 0.6168 -0.6965
vn -0.0816 0.7973 -0.5981
vn -0.1410 0.7779 -0.6124
vn 0.0687 0.8368 -0.5431
vn -0.6505 0.3343 0.6820
vn -0.6551 0.2667 0.7069
vn -0.5619 0.6391 0.5251
vn -0.6505 0.3344 -0.6820
vn -0.5620 0.6391 -0.5251
vn -0.6552 0.2667 -0.7068
vn -0.5978 -0.0654 0.7990
vn -0.6041 -0.0406 0.7959
vn -0.6563 0.1961 0.7286
vn -0.1659 0.6331 0.7561
vn -0.0641 0.6747 0.7353
vn 0.2484 0.7358 0.6300
vn -0.1659 0.6330 -0.7561
vn 0.2482 0.7360 -0.6298
vn -0.0641 0.6747 -0.7353
vn -0.5650 0.4502 0.6915
vn -0.3933 0.6858 0.6124
vn -0.5825 0.4053 0.7046
vn -0.3485 0.7221 0.5976
vn 0.0086 0.7085 0.7057
vn 0.0080 0.7086 0.7056
vn 0.1708 0.7114 0.6817
vn 0.1563 0.7132 0.6833
vn -0.7219 0.0444 -0.6906
vn -0.7259 0.0681 -0.6844
vn -0.7368 0.3012 -0.6053
vn -0.4609 0.5114 0.7253
vn -0.3903 0.6178 0.6826
vn -0.4797 0.4880 0.7292
vn -0.3747 0.6410 0.6699
vn -0.3903 0.6178 -0.6826
vn -0.3747 0.6410 -0.6699
vn -0.4608 0.5114 -0.7253
vn -0.4797 0.4880 -0.7292
vn -0.7191 0.1357 0.6816
vn -0.7198 -0.1203 0.6837
vn -0.7445 -0.0103 0.6676
vn -0.7156 -0.1195 -0.6882
vn -0.7191 0.1357 -0.6816
vn -0.7445 -0.0103 -0.6676
vn -0.3383 0.6486 0.6818
vn -0.1417 0.7776 0.6126
vn -0.3666 0.6168 0.6965
vn -0.0826 0.7968 0.5986
vn -0.7373 0.6756 -0.0000
vn -0.7602 0.5133 -0.3983
vn -0.7707 0.5773 -0.2698
vn -0.7706 0.5774 0.2698
vn -0.7373 0.6756 -0.0001
vn -0.7603 0.5131 0.3982
vn -0.7373 0.6755 -0.0000
vn -0.7541 0.1361 0.6425
vn -0.7350 0.3622 0.5733
vn -0.7445 -0.0098 0.6675
vn -0.7541 0.1361 -0.6425
vn -0.7445 -0.0098 -0.6675
vn -0.7350 0.3622 -0.5733
vn -0.7205 0.0285 0.6928
vn -0.7400 0.2555 0.6221
vn -0.7218 0.0444 0.6906
vn -0.3278 0.5923 0.7360
vn 0.1622 0.6683 0.7260
vn -0.3950 0.5790 0.7132
vn 0.5582 0.7400 0.3752
vn 0.2092 0.6752 0.7073
vn 0.5813 0.7475 0.3215
vn 0.1631 0.6684 0.7257
vn 0.1621 0.6683 -0.7260
vn -0.3278 0.5923 -0.7360
vn -0.3951 0.5790 -0.7132
vn 0.5582 0.7400 -0.3753
vn 0.2163 0.6742 -0.7061
vn 0.1631 0.6684 -0.7257
vn 0.5813 0.7475 -0.3215
vn -0.0339 0.6087 0.7927
vn 0.0679 0.6955 0.7153
vn -0.0623 0.5771 0.8143
vn -0.0339 0.6086 -0.7927
vn -0.0624 0.5771 -0.8143
vn 0.0679 0.6955 -0.7153
vn -0.7194 0.1366 -0.6810
vn -0.7154 -0.1206 -0.6882
vn -0.7706 0.5767 -0.2711
vn -0.7705 0.5769 0.2712
vn -0.7601 0.5126 0.3994
vn -0.7192 0.1367 0.6812
vn 0.3512 0.8848 0.3063
vn 0.2437 0.8149 0.5258
vn -0.0777 0.6241 0.7775
vn -0.0776 0.6239 -0.7776
vn 0.2437 0.8149 -0.5258
vn 0.3512 0.8848 -0.3063
vn 0.2343 0.9651 0.1172
vn 0.2359 0.9716 -0.0181
vn 0.2359 0.9714 -0.0271
vn 0.2343 0.9651 0.1173
vn 0.2359 0.9714 -0.0272
vn 0.2358 0.9716 -0.0188
vn 0.2359 0.9634 -0.1272
vn 0.2359 0.9634 -0.1270
vn -0.3038 0.5803 0.7556
vn -0.1531 0.6923 0.7052
vn 0.1063 0.8174 0.5662
vn -0.3038 0.5803 -0.7557
vn 0.1063 0.8174 -0.5661
vn -0.1531 0.6923 -0.7052
vn 0.7703 0.4518 -0.4501
vn 0.6950 0.7153 -0.0727
vn 0.7676 0.4703 -0.4354
vn 0.6948 0.7154 0.0732
vn 0.7781 0.4289 0.4589
vn -0.1040 0.7816 -0.6151
vn 0.1392 0.9236 -0.3573
vn 0.1864 0.9446 -0.2701
vn 0.1397 0.9237 -0.3567
vn 0.1870 0.9449 -0.2688
vn 0.2359 0.9634 -0.1271
vn 0.1548 0.9336 0.3230
vn 0.0768 0.8844 0.4604
vn -0.1615 0.7036 0.6920
vn 0.0771 0.8847 0.4598
vn 0.1544 0.9344 0.3211
vn 0.2344 0.9650 0.1172
vn 0.7087 0.7054 0.0091
vn 0.6671 0.7342 0.1263
vn 0.6544 0.7454 0.1269
vn 0.6671 0.7342 -0.1263
vn 0.6544 0.7454 -0.1269
vn -0.4848 -0.3608 -0.7967
vn -0.7257 -0.0995 -0.6808
vn -0.4936 -0.3547 -0.7941
vn 0.7787 0.5030 -0.3751
vn 0.7792 0.5266 -0.3398
vn 0.6670 0.7341 0.1271
vn 0.6543 0.7455 -0.1268
vn 0.7704 0.5343 0.3479
vn 0.7678 0.5677 0.2969
vn 0.6670 0.7341 -0.1271
vn -0.4792 -0.3636 0.7988
vn -0.4903 -0.3523 0.7972
vn -0.6961 -0.1437 0.7034
vn -0.6987 0.6628 0.2694
vn -0.3538 0.7517 0.5565
vn -0.1109 0.7763 0.6205
vn -0.3532 0.7517 0.5569
vn -0.0966 0.7706 0.6300
vn -0.1115 0.7764 0.6203
vn -0.0973 0.7706 0.6298
vn -0.4240 0.7253 0.5424
vn -0.2249 0.7636 0.6052
vn -0.1110 0.7763 -0.6205
vn -0.3538 0.7517 -0.5565
vn -0.6984 0.6632 -0.2690
vn -0.3533 0.7517 -0.5569
vn -0.1116 0.7763 -0.6204
vn -0.0967 0.7706 -0.6300
vn -0.0973 0.7706 -0.6298
vn -0.2249 0.7636 -0.6052
vn -0.4240 0.7253 -0.5424
vn -0.8952 0.2650 -0.3582
vn -0.8916 0.2397 -0.3842
vn -0.7258 0.0669 -0.6847
vn -0.8916 0.2398 0.3842
vn -0.8963 0.2650 0.3556
vn -0.7216 0.0434 0.6910
vn -0.1167 0.9862 -0.1172
vn -0.3278 0.8674 0.3744
vn -0.3331 0.8616 0.3831
vn -0.3279 0.8674 -0.3743
vn -0.1167 0.9851 0.1263
vn -0.3330 0.8616 -0.3831
vn -0.9911 -0.1326 0.0097
vn -0.9882 -0.0850 0.1272
vn -0.9911 -0.1327 0.0098
vn -0.9896 -0.0676 0.1268
vn -0.9896 -0.0675 -0.1268
vn -0.9911 -0.1326 0.0084
vn -0.9883 -0.0850 -0.1270
vn -0.9911 -0.1327 0.0083
vn -0.5955 -0.3984 -0.6976
vn -0.7316 -0.2406 -0.6379
vn -0.9160 -0.2599 0.3056
vn -0.8910 -0.2896 0.3496
vn -0.9882 -0.0848 -0.1278
vn -0.6041 -0.3975 0.6907
vn -0.7019 -0.2850 0.6528
vn -0.6041 -0.3976 0.6907
vn -0.9896 -0.0675 0.1268
vn -0.8893 -0.2965 -0.3481
vn -0.9882 -0.0849 0.1278
vn -0.8750 -0.3068 -0.3744
vn 0.5890 0.4369 0.6798
vn 0.6030 0.7180 0.3476
vn 0.5128 0.2957 0.8060
vn 0.5138 0.2726 0.8134
vn 0.4183 0.5269 0.7399
vn -0.5685 0.1148 0.8147
vn -0.5523 0.0448 0.8324
vn -0.5741 -0.3444 0.7428
vn -0.5890 -0.3535 0.7267
vn 0.7571 0.2606 0.5991
vn 0.2117 0.5461 0.8105
vn 0.7644 0.2588 0.5905
vn 0.2246 0.5374 0.8129
vn -0.6233 0.3029 0.7209
vn -0.5478 0.4361 0.7139
vn -0.6225 0.1689 0.7642
vn -0.6970 0.3243 0.6396
vn -0.6561 0.1639 0.7366
vn -0.6898 0.3450 0.6365
vn -0.7239 0.5802 0.3733
vn 0.6116 0.3527 0.7082
vn 0.7063 0.6714 0.2246
vn 0.7305 0.5202 0.4423
vn 0.6685 0.7357 0.1086
vn 0.6065 -0.2495 0.7549
vn 0.6245 -0.2143 0.7510
vn 0.5022 -0.4279 0.7514
vn 0.4505 -0.4853 0.7494
vn -0.5646 -0.2153 0.7968
vn -0.5408 -0.3541 0.7630
vn -0.6391 -0.6230 0.4510
vn -0.6966 -0.5316 0.4818
vn -0.6042 0.1520 0.7822
vn -0.5897 0.0804 0.8036
vn -0.6109 -0.3319 0.7188
vn -0.6307 -0.3295 0.7026
vn -0.5700 0.1181 0.8131
vn -0.5050 0.4743 0.7211
vn -0.5680 0.0813 0.8190
vn -0.5413 0.2020 0.8162
vn -0.5133 0.1224 0.8494
vn -0.5570 -0.1808 0.8106
vn -0.5827 -0.1970 0.7885
vn -0.6069 0.1379 0.7827
vn -0.5930 0.0500 0.8037
vn -0.6034 -0.3418 0.7204
vn -0.6153 -0.3370 0.7126
vn 0.5298 -0.1910 0.8263
vn 0.2841 -0.7390 0.6109
vn 0.5219 -0.2025 0.8286
vn 0.2768 -0.7577 0.5910
vn -0.6199 0.1843 0.7627
vn -0.6138 0.1994 0.7639
vn -0.5839 0.3917 0.7111
vn -0.8146 0.0908 0.5729
vn -0.3601 0.4896 0.7941
vn -0.3727 0.4729 0.7984
vn 0.1934 -0.5692 0.7991
vn 0.1719 -0.5765 0.7988
vn 0.4990 -0.4904 0.7145
vn -0.5428 0.2052 0.8144
vn -0.5232 0.4344 0.7332
vn -0.5413 0.1830 0.8207
vn 0.6256 -0.3248 0.7093
vn 0.6094 -0.3312 0.7204
vn 0.5922 0.0605 0.8035
vn 0.6044 0.1484 0.7827
vn -0.6058 0.1555 0.7803
vn -0.5533 0.4996 0.6665
vn -0.6088 0.1250 0.7834
vn -0.6077 0.1396 0.7818
vn -0.5461 0.5072 0.6667
vn -0.6106 0.0963 0.7861
vn -0.5447 -0.1767 0.8198
vn -0.7066 0.4247 0.5660
vn -0.6936 0.3763 0.6143
vn -0.5462 -0.1627 0.8217
vn -0.6757 -0.4514 0.5829
vn -0.5794 0.1605 0.7991
vn -0.6780 -0.4453 0.5848
vn -0.5807 0.1464 0.8008
vn 0.6303 -0.1719 0.7571
vn 0.6302 -0.1551 0.7607
vn 0.6303 -0.1718 0.7571
vn 0.6302 -0.1551 0.7608
vn 0.6166 -0.2295 0.7531
vn 0.6532 -0.0471 0.7557
vn 0.5866 -0.3086 0.7488
vn 0.6524 -0.0029 0.7578
vn 0.6533 -0.0460 0.7557
vn 0.6506 0.1321 0.7478
vn 0.4133 -0.3984 0.8188
vn 0.5878 -0.3239 0.7413
vn 0.4292 -0.3925 0.8135
vn 0.6174 -0.2190 0.7556
vn 0.6303 -0.1720 0.7571
vn 0.6080 -0.2436 0.7556
vn 0.5329 -0.1313 0.8359
vn 0.6812 0.3818 0.6246
vn 0.6980 0.4285 0.5737
vn 0.5359 -0.1017 0.8381
vn 0.3126 -0.4556 0.8335
vn 0.2110 -0.4900 0.8458
vn 0.7025 -0.4800 0.5255
vn 0.7699 -0.4959 0.4016
vn 0.0460 0.6171 0.7855
vn 0.0748 0.6161 0.7841
vn 0.3803 0.6039 0.7004
vn -0.5284 0.2411 0.8140
vn -0.4418 0.4695 0.7645
vn -0.5344 0.2334 0.8124
vn -0.4069 0.5222 0.7495
vn 0.7409 -0.5899 0.3212
vn 0.2926 -0.6293 0.7200
vn 0.7140 -0.5870 0.3817
vn 0.2917 -0.6295 0.7202
vn 0.3512 -0.6160 0.7051
vn -0.1777 -0.6867 0.7049
vn 0.5215 0.3183 0.7917
vn 0.5214 0.3181 0.7918
vn 0.5215 0.3181 0.7918
vn 0.5214 0.3182 0.7918
vn -0.5423 -0.3171 0.7781
vn -0.5844 0.1030 0.8049
vn -0.5422 -0.3171 0.7781
vn -0.5469 -0.1557 0.8226
vn -0.5346 0.2323 0.8125
vn -0.5474 -0.1487 0.8236
vn -0.5288 0.2401 0.8141
vn 0.5305 -0.1902 0.8261
vn 0.5224 -0.2015 0.8285
vn 0.6665 0.0570 0.7433
vn -0.5806 0.1476 0.8007
vn -0.5794 0.1616 0.7989
vn -0.5486 0.4516 0.7037
vn 0.3729 -0.4587 0.8066
vn 0.5590 -0.4172 0.7166
vn 0.3790 -0.4574 0.8045
vn 0.5886 0.1182 0.7998
vn 0.5879 -0.0081 0.8089
vn 0.5871 0.1253 0.7998
vn 0.5872 -0.0373 0.8086
vn 0.5740 -0.2106 0.7913
vn 0.5885 0.1183 0.7998
vn 0.5870 0.1253 0.7998
vn 0.5827 -0.1795 0.7926
vn 0.5488 -0.3647 0.7522
vn 0.5024 -0.4325 0.7487
vn 0.6173 -0.2191 0.7556
vn -0.6313 -0.3221 0.7055
vn -0.5959 0.1682 0.7852
vn -0.6285 -0.2764 0.7271
vn -0.5974 0.1540 0.7870
vn -0.5520 -0.1047 0.8272
vn -0.5543 -0.0618 0.8300
vn -0.5542 -0.0630 0.8300
vn -0.5349 -0.3463 0.7707
vn -0.5520 -0.1059 0.8271
vn 0.5392 -0.1094 0.8351
vn 0.5371 -0.0735 0.8403
vn -0.5973 0.1552 0.7869
vn -0.5959 0.1694 0.7850
vn -0.5656 0.4386 0.6983
vn -0.6719 -0.4259 0.6059
vn -0.6026 0.1463 0.7845
vn -0.6707 -0.4174 0.6131
vn -0.6043 0.1249 0.7869
vn -0.5531 -0.1410 0.8211
vn -0.7066 0.4246 0.5660
vn -0.5516 -0.1118 0.8266
vn -0.6042 0.1260 0.7868
vn -0.6025 0.1476 0.7844
vn -0.5723 0.4308 0.6977
vn 0.3779 -0.4576 0.8049
vn 0.0980 -0.5067 0.8565
vn 0.3722 -0.4588 0.8068
vn -0.0020 -0.5252 0.8510
vn 0.5016 -0.4285 0.7515
vn 0.4497 -0.4863 0.7492
vn 0.3414 -0.5890 0.7325
vn 0.0965 -0.4980 0.8618
vn -0.1627 -0.6306 0.7589
vn 0.1829 -0.4693 0.8639
vn -0.2381 -0.6825 0.6910
vn 0.4281 -0.3928 0.8139
vn 0.0974 -0.4976 0.8619
vn 0.1831 -0.4696 0.8637
vn 0.4128 -0.3986 0.8190
vn 0.5512 -0.2088 0.8078
vn 0.5872 -0.0384 0.8085
vn 0.5273 -0.2781 0.8029
vn 0.5880 -0.0085 0.8088
vn 0.0423 -0.6250 0.7795
vn 0.3006 -0.5322 0.7915
vn 0.1364 -0.6015 0.7871
vn 0.5302 -0.1662 0.8314
vn 0.6980 0.4286 0.5737
vn 0.5308 -0.1593 0.8324
vn -0.6199 -0.3685 0.6928
vn -0.5917 0.1239 0.7966
vn -0.6155 -0.3362 0.7128
vn -0.5935 0.0953 0.7992
vn -0.7400 0.4459 0.5035
vn -0.6244 0.2429 0.7424
vn -0.6188 0.2510 0.7444
vn 0.7442 -0.6455 0.1720
vn 0.7401 -0.6724 -0.0098
vn -0.5934 0.0965 0.7991
vn -0.5916 0.1250 0.7965
vn -0.5571 0.4234 0.7144
vn -0.5462 -0.1634 0.8216
vn -0.4754 -0.5359 0.6977
vn -0.5447 -0.1778 0.8196
vn 0.5328 -0.1325 0.8358
vn 0.4919 -0.4328 0.7555
vn 0.5358 -0.1029 0.8381
vn -0.5439 -0.1836 0.8188
vn -0.5455 -0.1697 0.8208
vn 0.2103 -0.4902 0.8459
vn 0.3115 -0.4558 0.8338
vn -0.1166 -0.5834 0.8038
vn -0.1171 -0.5835 0.8036
vn -0.6241 0.2441 0.7422
vn -0.5532 0.3764 0.7431
vn -0.6186 0.2522 0.7441
vn 0.6164 -0.2301 0.7531
vn 0.5863 -0.3097 0.7486
vn 0.5194 -0.4380 0.7338
vn 0.5323 -0.1383 0.8352
vn 0.6813 0.3818 0.6246
vn 0.5355 -0.1088 0.8375
vn 0.5130 0.2946 0.8062
vn 0.7748 -0.2257 0.5905
vn 0.5143 0.2716 0.8135
vn 0.7793 -0.2345 0.5811
vn 0.5391 -0.1108 0.8349
vn 0.5059 -0.3671 0.7806
vn 0.5370 -0.0745 0.8403
vn 0.6253 -0.2211 0.7484
vn 0.6321 0.2467 0.7346
vn 0.6213 -0.2661 0.7370
vn -0.5468 -0.1563 0.8226
vn -0.5420 -0.3177 0.7780
vn -0.5420 -0.3176 0.7781
vn -0.0031 -0.5255 0.8508
vn -0.3173 -0.7559 0.5727
vn 0.0973 -0.5068 0.8566
vn -0.3853 -0.8189 0.4254
vn 0.7442 -0.6455 0.1719
vn 0.7194 -0.6682 0.1898
vn 0.7401 -0.6724 -0.0097
vn -0.3917 0.6051 0.6931
vn -0.3020 0.8727 0.3837
vn -0.2796 0.8909 0.3579
vn -0.5514 -0.1131 0.8265
vn -0.5070 -0.4423 0.7398
vn -0.5531 -0.1422 0.8209
vn -0.0877 -0.5364 0.8394
vn -0.1174 -0.4928 0.8622
vn -0.1164 -0.4928 0.8623
vn -0.0385 -0.6082 0.7928
vn 0.3124 -0.5691 0.7606
vn 0.4511 0.7440 0.4929
vn 0.1108 0.5618 0.8198
vn 0.4947 0.7758 0.3917
vn 0.0244 0.5383 0.8424
vn 0.5485 -0.3654 0.7521
vn 0.5019 -0.4334 0.7485
vn 0.4080 -0.5448 0.7326
vn -0.5510 -0.1189 0.8260
vn -0.5537 -0.0762 0.8292
vn -0.5536 -0.0774 0.8292
vn -0.5274 -0.3754 0.7622
vn -0.5510 -0.1201 0.8258
vn 0.5510 -0.2094 0.8078
vn 0.5269 -0.2791 0.8028
vn 0.4703 -0.4000 0.7867
vn 0.5391 -0.1095 0.8351
vn 0.5302 -0.1674 0.8312
vn 0.4618 -0.5269 0.7135
vn 0.5307 -0.1604 0.8322
vn 0.0396 -0.4680 0.8828
vn 0.1090 -0.3980 0.9109
vn 0.1091 -0.3979 0.9109
vn 0.7401 -0.6725 -0.0099
vn -0.6766 -0.6014 0.4249
vn -0.6371 -0.2316 0.7351
vn -0.6471 -0.1766 0.7417
vn -0.5454 -0.1703 0.8207
vn -0.4762 -0.5444 0.6905
vn -0.5440 -0.1847 0.8185
vn -0.5531 -0.1411 0.8211
vn -0.5521 -0.1047 0.8272
vn 0.5322 -0.1394 0.8350
vn 0.4849 -0.4403 0.7557
vn 0.5354 -0.1099 0.8374
vn 0.1865 -0.5872 0.7877
vn -0.0592 -0.5600 0.8264
vn 0.0397 -0.4685 0.8826
vn 0.5274 -0.1821 0.8299
vn 0.6979 0.4286 0.5737
vn 0.5296 -0.1731 0.8304
vn -0.6552 0.2661 0.7071
vn -0.6469 -0.1761 0.7420
vn -0.6370 -0.2310 0.7354
vn 0.5391 -0.1107 0.8349
vn 0.5033 -0.3796 0.7763
vn 0.0672 0.5549 0.8292
vn -0.1796 0.4288 0.8854
vn -0.2357 0.4000 0.8857
vn 0.0596 0.5513 0.8322
vn 0.2362 0.6170 0.7507
vn -0.5519 -0.1550 0.8194
vn -0.5086 -0.4364 0.7422
vn 0.5705 0.1431 0.8087
vn 0.5685 0.1208 0.8138
vn 0.5240 0.4447 0.7264
vn 0.5324 -0.1383 0.8351
vn 0.5392 -0.1095 0.8350
vn 0.6143 -0.3184 0.7220
vn 0.5706 0.1419 0.8089
vn 0.6180 -0.3572 0.7003
vn 0.5686 0.1198 0.8139
vn 0.5273 -0.1832 0.8297
vn 0.4476 -0.5495 0.7055
vn 0.5296 -0.1738 0.8303
vn 0.5421 -0.2407 0.8051
vn 0.2467 -0.7706 0.5877
vn 0.5300 -0.2563 0.8083
vn 0.2409 -0.7759 0.5831
vn -0.2367 0.3996 0.8856
vn -0.6834 0.4396 0.5828
vn -0.7788 0.4537 0.4331
vn -0.1800 0.4286 0.8854
vn -0.5518 -0.1562 0.8192
vn -0.4820 -0.5205 0.7048
vn -0.5446 -0.1778 0.8196
vn 0.5820 0.1641 0.7964
vn 0.5834 0.1501 0.7982
vn 0.5340 0.4541 0.7132
vn 0.5322 -0.1394 0.8351
vn 0.4864 -0.4490 0.7496
vn 0.1621 0.6680 0.7263
vn -0.3277 0.5920 0.7363
vn 0.2080 0.6750 0.7079
vn -0.0347 0.6080 0.7932
vn -0.3022 0.4249 0.8533
vn -0.3329 0.4059 0.8511
vn -0.0627 0.5767 0.8146
vn -0.5515 -0.1119 0.8267
vn -0.5540 -0.0691 0.8296
vn -0.5539 -0.0702 0.8296
vn -0.5288 -0.3691 0.7643
vn -0.3664 0.5260 0.7675
vn -0.0781 0.6237 0.7778
vn 0.2443 0.8154 0.5249
vn 0.5399 -0.0952 0.8363
vn 0.5375 -0.0592 0.8412
vn 0.6762 -0.3973 0.6204
vn 0.5820 0.1629 0.7967
vn 0.6793 -0.4141 0.6059
vn 0.5835 0.1489 0.7983
vn 0.0233 0.5378 0.8427
vn -0.3346 0.4499 0.8280
vn 0.1097 0.5615 0.8202
vn -0.5301 0.4121 0.7411
vn 0.5701 0.1864 0.8002
vn 0.5764 0.1718 0.7989
vn 0.5340 0.4542 0.7131
vn 0.7194 -0.6682 0.1897
vn 0.7401 -0.6725 -0.0098
vn 0.5398 -0.0965 0.8362
vn 0.5118 -0.3446 0.7870
vn 0.5375 -0.0603 0.8411
vn -0.6936 0.3762 0.6143
vn -0.5525 -0.0977 0.8278
vn 0.5584 0.1778 0.8103
vn 0.5598 0.1638 0.8123
vn 0.5126 0.4766 0.7142
vn 0.6176 -0.2578 0.7430
vn 0.5701 0.1853 0.8004
vn 0.6261 -0.3022 0.7188
vn 0.5767 0.1706 0.7990
vn -0.5690 0.2135 0.7941
vn -0.5313 0.3652 0.7644
vn -0.5083 0.4240 0.7496
vn 0.5332 -0.1744 0.8278
vn 0.6813 0.3818 0.6245
vn 0.6980 0.4285 0.5738
vn 0.5303 -0.1662 0.8314
vn -0.4800 0.4876 0.7293
vn -0.5106 0.4382 0.7398
vn -0.4609 0.5113 0.7254
vn -0.5524 -0.0987 0.8277
vn -0.5104 -0.4303 0.7445
vn -0.5531 -0.1423 0.8209
vn -0.5253 -0.1551 0.8367
vn -0.5143 -0.1971 0.8347
vn 0.5331 -0.1755 0.8276
vn 0.4552 -0.5425 0.7060
vn 0.5302 -0.1669 0.8313
vn 0.7401 -0.6725 -0.0097
vn -0.6074 0.1227 0.7849
vn -0.4915 -0.3480 0.7983
vn -0.4923 -0.3569 0.7939
vn 0.6786 -0.4290 0.5962
vn 0.5584 0.1765 0.8106
vn 0.6799 -0.4373 0.5886
vn 0.5600 0.1626 0.8124
vn -0.6297 0.2389 0.7392
vn -0.5829 0.4042 0.7049
vn -0.6297 0.2324 0.7412
vn -0.5654 0.4492 0.6918
vn -0.1507 0.6386 0.7546
vn -0.0278 0.6548 0.7553
vn -0.3667 0.6246 0.6895
vn -0.3662 0.5256 0.7679
vn -0.1663 0.6325 0.7565
vn -0.0785 0.6234 0.7779
vn -0.3340 0.4056 0.8509
vn -0.7011 0.2693 0.6602
vn -0.7051 0.2706 0.6555
vn -0.3028 0.4247 0.8532
vn -0.4548 0.4461 0.7708
vn -0.1616 0.7036 0.6920
vn 0.0765 0.8842 0.4608
vn -0.4541 0.4470 0.7707
vn -0.3039 0.5799 0.7559
vn -0.1622 0.7028 0.6926
vn 0.6269 0.2622 0.7337
vn 0.5550 0.3869 0.7364
vn 0.6282 0.2554 0.7350
vn -0.5951 -0.1488 0.7897
vn -0.5763 -0.2197 0.7872
vn -0.6296 0.2389 0.7392
vn -0.8071 0.0298 0.5897
vn -0.3609 0.4528 0.8153
vn -0.8010 0.0354 0.5976
vn -0.3786 0.4294 0.8199
vn 0.5886 0.0913 0.8033
vn 0.4488 -0.4776 0.7553
vn 0.4703 -0.4262 0.7728
vn -0.5103 0.4586 0.7275
vn -0.3669 0.6163 0.6968
vn -0.3391 0.6479 0.6821
vn 0.4940 -0.3215 0.8078
vn 0.4557 -0.3845 0.8028
vn 0.3747 -0.4907 0.7866
vn 0.5916 -0.0165 0.8061
vn 0.5729 -0.1325 0.8089
vn 0.5916 -0.0237 0.8059
vn 0.5660 -0.1609 0.8086
vn 0.5239 -0.3133 0.7921
vn 0.5916 -0.0164 0.8060
vn 0.5251 -0.3067 0.7939
vn -0.5035 0.6375 0.5832
vn 0.0736 0.6161 0.7842
vn -0.5091 0.6350 0.5810
vn 0.0449 0.6171 0.7856
vn -0.3613 -0.7012 0.6146
vn 0.1923 -0.5693 0.7993
vn -0.3548 -0.7032 0.6162
vn 0.1707 -0.5767 0.7989
vn -0.6276 0.2731 0.7291
vn 0.6272 0.2610 0.7338
vn 0.6284 0.2543 0.7351
vn 0.7330 0.4623 0.4990
vn -0.3778 0.4303 0.8198
vn -0.3603 0.4537 0.8151
vn -0.1859 0.6529 0.7343
vn -0.5251 -0.1555 0.8367
vn -0.4912 -0.3485 0.7983
vn -0.4920 -0.3574 0.7939
vn -0.6755 0.1325 0.7254
vn -0.5496 -0.3866 0.7406
vn -0.5547 -0.3736 0.7435
vn 0.4943 -0.3209 0.8079
vn 0.5657 -0.1620 0.8085
vn 0.4563 -0.3835 0.8029
vn 0.5728 -0.1331 0.8088
vn 0.6088 0.1070 0.7861
vn 0.5371 0.5167 0.6667
vn 0.6052 0.1502 0.7818
vn -0.7203 0.0272 0.6931
vn -0.7217 0.0432 0.6909
vn -0.8963 0.2654 0.3553
vn 0.9321 -0.1001 0.3482
vn 0.6776 -0.2692 0.6844
vn 0.6764 -0.2762 0.6828
vn 0.9151 -0.1237 0.3837
vn 0.6065 0.1357 0.7834
vn 0.5445 0.5092 0.6665
vn 0.6030 0.1661 0.7802
vn -0.5686 0.3842 0.7274
vn -0.5111 0.4578 0.7275
vn -0.5687 0.3841 0.7273
vn -0.5107 0.4582 0.7275
vn 0.5860 -0.1867 0.7885
vn 0.5602 -0.1712 0.8105
vn 0.5111 0.1313 0.8494
vn 0.5377 0.2114 0.8162
vn 0.6364 -0.3184 0.7026
vn 0.6165 -0.3213 0.7188
vn 0.5882 0.0905 0.8036
vn 0.6015 0.1626 0.7822
vn 0.5381 0.1924 0.8206
vn 0.5155 0.4435 0.7332
vn 0.5393 0.2145 0.8143
vn 0.5469 -0.3446 0.7630
vn 0.5682 -0.2054 0.7968
vn 0.7058 -0.5194 0.4818
vn 0.6498 -0.6118 0.4510
vn 0.6040 -0.3433 0.7193
vn 0.5867 -0.3420 0.7341
vn 0.5686 0.0391 0.8217
vn 0.5805 0.1178 0.8057
vn 0.5847 0.0774 0.8075
vn 0.5250 0.4676 0.7111
vn 0.5819 0.1208 0.8042
vn -0.6176 0.3425 0.7081
vn -0.6175 0.3426 0.7080
vn 0.6103 0.2099 0.7639
vn 0.6166 0.1952 0.7627
vn 0.5770 0.4013 0.7114
vn 0.6469 -0.3421 0.6815
vn 0.6286 -0.3559 0.6915
vn 0.6233 0.0240 0.7816
vn 0.6368 0.1206 0.7615
vn 0.6180 0.3138 0.7209
vn 0.6911 0.3365 0.6396
vn 0.6195 0.1797 0.7642
vn 0.5400 0.4456 0.7140
vn -0.7382 0.5405 0.4037
vn -0.7126 0.4608 0.5290
vn -0.6922 0.4693 0.5483
vn -0.6852 0.5520 0.4752
vn -0.7203 0.4739 0.5066
vn -0.7516 0.5231 0.4019
vn 0.6838 0.3568 0.6365
vn 0.6531 0.1753 0.7367
vn 0.7124 0.5935 0.3743
vn -0.9163 -0.2597 0.3050
vn -0.6036 -0.3980 0.6908
vn -0.0779 -0.8078 0.5843
vn -0.0720 -0.8112 0.5803
vn -0.4895 -0.3530 0.7974
vn -0.4784 -0.3643 0.7990
vn -0.6038 -0.0418 0.7960
vn -0.5306 -0.6229 0.5749
vn -0.5976 -0.0665 0.7990
vn -0.7382 0.5405 -0.4037
vn -0.7516 0.5231 -0.4019
vn -0.7203 0.4739 -0.5066
vn -0.6851 0.5521 -0.4752
vn -0.6922 0.4693 -0.5483
vn -0.7128 0.4606 -0.5289
vn -0.7348 0.6783 -0.0068
vn -0.7289 0.6846 0.0089
vn -0.7155 0.6596 -0.2300
vn -0.7175 0.6409 -0.2729
vn -0.7174 0.6410 0.2729
vn -0.7155 0.6597 0.2300
vn -0.7289 0.6846 -0.0089
vn -0.7348 0.6783 0.0069
vn -0.7354 0.5509 0.3946
vn -0.7091 0.4700 0.5256
vn -0.6840 0.4808 0.5486
vn -0.6696 0.5881 0.4536
vn -0.7145 0.4949 0.4945
vn -0.7500 0.5361 0.3875
vn -0.7354 0.5509 -0.3945
vn -0.7500 0.5361 -0.3875
vn -0.7145 0.4948 -0.4946
vn -0.6696 0.5881 -0.4536
vn -0.6840 0.4807 -0.5486
vn -0.7093 0.4699 -0.5255
vn -0.6338 -0.3625 0.6832
vn -0.6019 -0.4656 0.6488
vn -0.6627 -0.6425 0.3848
vn -0.7023 -0.5909 0.3971
vn -0.7210 0.6929 -0.0006
vn -0.7117 0.6682 0.2168
vn -0.7210 0.6929 0.0006
vn -0.7210 0.6930 0.0006
vn -0.6721 0.3363 0.6597
vn -0.6795 0.3213 0.6596
vn -0.6449 0.3971 0.6530
vn -0.6722 0.3363 -0.6596
vn -0.6449 0.3971 -0.6530
vn -0.6795 0.3213 -0.6596
vn -0.6627 -0.6425 -0.3848
vn -0.6019 -0.4656 -0.6488
vn -0.6338 -0.3626 -0.6832
vn -0.7023 -0.5909 -0.3970
vn -0.7301 0.6834 -0.0039
vn -0.7263 0.6874 0.0046
vn -0.7276 0.6244 -0.2842
vn -0.7243 0.5754 -0.3800
vn -0.7243 0.5754 0.3799
vn -0.7276 0.6243 0.2842
vn -0.7263 0.6874 -0.0046
vn -0.7300 0.6834 0.0039
vn -0.5753 -0.3756 0.7266
vn -0.5449 -0.4553 0.7041
vn -0.6294 -0.6422 0.4375
vn -0.6759 -0.6031 0.4237
vn -0.6319 -0.6447 -0.4303
vn -0.5451 -0.4555 -0.7039
vn -0.5753 -0.3756 -0.7266
vn -0.6759 -0.6032 -0.4235
vn -0.7264 0.6872 -0.0045
vn -0.7219 0.6919 0.0067
vn -0.7082 0.6671 -0.2311
vn -0.7092 0.6516 -0.2690
vn -0.7279 0.6227 0.2871
vn -0.7231 0.5805 0.3743
vn -0.6901 0.3453 0.6360
vn -0.7279 0.6227 -0.2871
vn -0.6898 0.3456 -0.6362
vn -0.7231 0.5805 -0.3743
vn -0.6649 0.3663 0.6510
vn -0.6742 0.3452 0.6529
vn -0.6327 0.4511 0.6294
vn -0.6648 0.3664 -0.6509
vn -0.6327 0.4511 -0.6295
vn -0.6741 0.3452 -0.6530
vn -0.6341 0.1261 0.7629
vn -0.5778 0.4791 0.6607
vn -0.6416 0.0745 0.7634
vn -0.6343 0.1260 -0.7628
vn -0.6415 0.0745 -0.7635
vn -0.5778 0.4790 -0.6608
vn -0.7094 0.6514 0.2690
vn -0.7082 0.6671 0.2311
vn -0.7220 0.6919 -0.0067
vn -0.7264 0.6873 0.0045
vn -0.7013 0.6690 0.2462
vn -0.7004 0.4763 0.5316
vn -0.7065 0.4802 0.5198
vn -0.7113 0.6606 0.2400
vn -0.9805 -0.1420 -0.1357
vn -0.9909 -0.1346 -0.0000
vn -0.9805 -0.1420 -0.1356
vn -0.9805 -0.1420 0.1358
vn -0.9805 -0.1420 0.1357
vn -0.7014 0.6689 -0.2463
vn -0.7113 0.6607 -0.2399
vn -0.7064 0.4803 -0.5199
vn -0.7001 0.4765 -0.5318
vn -0.6495 0.2644 0.7129
vn -0.7010 0.4906 0.5176
vn -0.7161 0.4209 0.5568
vn -0.6674 0.2022 0.7168
vn -0.6495 0.2644 -0.7129
vn -0.6674 0.2021 -0.7168
vn -0.7161 0.4209 -0.5568
vn -0.7009 0.4906 -0.5177
vn -0.7362 0.5306 0.4201
vn -0.7024 0.4428 0.5573
vn -0.6830 0.4413 0.5820
vn -0.6835 0.5360 0.4956
vn -0.7036 0.4759 0.5276
vn -0.7466 0.5220 0.4123
vn -0.7363 0.5305 -0.4201
vn -0.7466 0.5220 -0.4123
vn -0.7059 0.4706 -0.5294
vn -0.6835 0.5360 -0.4956
vn -0.6830 0.4413 -0.5820
vn -0.7024 0.4428 -0.5573
vn -0.7315 0.6818 -0.0088
vn -0.7246 0.6891 0.0105
vn -0.7154 0.6602 -0.2288
vn -0.7174 0.6398 -0.2757
vn -0.7174 0.6398 0.2757
vn -0.7154 0.6602 0.2288
vn -0.7246 0.6891 -0.0105
vn -0.7314 0.6819 0.0088
vn -0.6494 -0.6367 0.4157
vn -0.6943 -0.5961 0.4032
vn -0.6139 -0.3581 0.7035
vn -0.5791 -0.4481 0.6811
vn -0.6494 -0.6368 -0.4157
vn -0.5791 -0.4481 -0.6811
vn -0.6139 -0.3581 -0.7035
vn -0.6943 -0.5961 -0.4032
vn -0.6437 -0.6420 0.4166
vn -0.6863 -0.5931 0.4210
vn -0.6014 -0.3582 0.7141
vn -0.5781 -0.4534 0.6784
vn -0.6509 0.2597 0.7133
vn -0.6441 0.2967 0.7051
vn -0.6509 0.2597 -0.7133
vn -0.6440 0.2967 -0.7052
vn -0.8146 0.0908 -0.5729
vn -0.9805 -0.1421 -0.1358
vn -0.9805 -0.1420 -0.1358
vn -0.8149 0.0905 -0.5725
vn -0.9805 -0.1421 0.1358
vn -0.8149 0.0904 0.5725
vn -0.6437 -0.6420 -0.4165
vn -0.5782 -0.4534 -0.6783
vn -0.6014 -0.3583 -0.7141
vn -0.6887 -0.5954 -0.4138
vn -0.6396 -0.6261 0.4460
vn -0.6805 -0.7326 -0.0111
vn -0.6758 -0.7370 0.0035
vn -0.6455 -0.6555 0.3920
vn -0.6571 0.3140 0.6853
vn -0.6628 0.3057 0.6836
vn -0.6369 0.3820 0.6697
vn -0.6571 0.3140 -0.6853
vn -0.6369 0.3820 -0.6696
vn -0.6628 0.3057 -0.6836
vn -0.7871 0.6168 -0.0091
vn -0.7724 0.6116 0.1713
vn -0.7870 0.6168 -0.0091
vn -0.7679 0.6144 0.1812
vn -0.7703 0.6163 -0.1635
vn -0.7692 0.6153 -0.1723
vn -0.6997 0.3686 -0.6120
vn -0.7703 0.6163 -0.1636
vn -0.7162 0.4187 -0.5584
vn -0.7692 0.6153 -0.1724
vn -0.7722 0.6116 0.1720
vn -0.6939 0.3771 0.6134
vn -0.7067 0.4251 0.5656
vn -0.7724 0.6116 0.1712
vn -0.7680 0.6144 0.1811
vn -0.7888 0.5063 -0.3486
vn -0.7873 0.4893 -0.3751
vn -0.6822 0.2153 -0.6987
vn -0.6824 0.2153 -0.6986
vn -0.6837 0.7186 -0.1271
vn -0.7249 0.6888 0.0083
vn -0.7828 0.5147 0.3497
vn -0.7783 0.5485 0.3056
vn -0.6891 0.2225 0.6896
vn -0.6903 0.2153 0.6907
vn -0.6901 0.2165 0.6906
vn -0.6648 0.3664 0.6511
vn -0.6891 0.2237 0.6893
vn -0.7249 0.6888 0.0098
vn -0.6837 0.7186 0.1271
vn -0.6315 -0.3233 0.7048
vn -0.6742 -0.6467 0.3566
vn -0.6768 -0.6574 0.3314
vn -0.6286 -0.2774 0.7266
vn -0.6380 -0.2932 -0.7120
vn -0.6402 -0.3388 -0.6895
vn -0.6692 -0.6651 -0.3314
vn -0.6790 -0.6675 -0.3056
vn -0.6997 0.3687 -0.6120
vn -0.7162 0.4187 -0.5583
vn -0.6822 0.2165 -0.6984
vn -0.6462 0.4203 -0.6370
vn -0.7870 0.6168 -0.0092
vn -0.7692 0.6154 -0.1724
vn -0.7161 0.4187 -0.5584
vn -0.7361 0.6613 0.1442
vn -0.7286 0.6849 -0.0000
vn -0.7380 0.6629 0.1263
vn -0.7364 0.6692 -0.0995
vn -0.7389 0.6560 -0.1538
vn -0.7722 0.6116 0.1721
vn -0.7067 0.4251 0.5655
vn -0.7680 0.6143 0.1812
vn -0.7761 -0.6306 -0.0083
vn -0.7761 -0.6305 -0.0084
vn -0.7327 -0.6584 0.1719
vn -0.7156 -0.6724 0.1891
vn -0.7241 -0.6656 -0.1808
vn -0.7316 -0.6574 -0.1807
vn -0.7761 -0.6306 -0.0097
vn -0.7762 -0.6304 -0.0097
vn -0.7368 0.4444 0.5096
vn -0.7361 0.6610 0.1455
vn -0.7380 0.6628 0.1269
vn -0.7400 0.4464 0.5031
vn -0.7368 0.4444 -0.5095
vn -0.7349 0.4281 -0.5259
vn -0.7390 0.6556 -0.1552
vn -0.7318 -0.6814 -0.0098
vn -0.7153 -0.6725 0.1897
vn -0.7327 -0.6584 0.1720
vn -0.7570 -0.6280 -0.1805
vn -0.7316 -0.6816 -0.0084
vn -0.6643 -0.3388 -0.6662
vn -0.7239 -0.6656 -0.1816
vn -0.7653 -0.6359 0.0997
vn -0.7315 -0.6573 -0.1813
vn -0.6571 -0.2794 0.7001
vn -0.6532 -0.2777 0.7044
vn -0.7813 -0.5755 0.2416
vn -0.6179 -0.3087 -0.7231
vn -0.6243 -0.3529 -0.6969
vn -0.6600 -0.6559 -0.3663
vn -0.6613 -0.6730 -0.3314
vn -0.6200 -0.3696 0.6921
vn -0.6601 -0.6558 0.3663
vn -0.6613 -0.6730 0.3314
vn -0.6157 -0.3372 0.7122
vn -0.6247 0.2438 0.7418
vn -0.7400 0.4455 0.5039
vn -0.7369 0.4434 0.5103
vn -0.7367 0.4435 -0.5105
vn -0.6248 0.2437 -0.7418
vn -0.7349 0.4272 -0.5268
vn -0.7153 0.6950 -0.0726
vn -0.7153 0.6950 -0.0727
vn -0.7287 0.6849 -0.0000
vn -0.7724 0.4467 -0.4515
vn -0.7726 0.4465 -0.4513
vn -0.7719 0.4383 -0.4605
vn -0.6912 0.2601 -0.6743
vn -0.6989 0.2379 -0.6745
vn -0.7828 0.3908 0.4843
vn -0.7153 0.6950 0.0726
vn -0.7823 0.4131 0.4662
vn -0.7830 0.3905 0.4842
vn -0.6961 0.2002 0.6894
vn -0.6972 0.1932 0.6904
vn -0.6658 -0.3328 -0.6678
vn -0.6438 -0.2848 -0.7103
vn -0.6641 -0.3393 -0.6662
vn -0.7153 0.6950 0.0727
vn -0.7692 0.6154 -0.1722
vn -0.6531 -0.2783 0.7043
vn -0.6570 -0.2799 0.7000
vn -0.6299 -0.3292 0.7035
vn -0.7161 0.4188 -0.5584
vn -0.7679 0.6143 0.1812
vn -0.7761 -0.6306 -0.0085
vn -0.7762 -0.6305 -0.0082
vn -0.7328 -0.6584 0.1719
vn -0.7762 -0.6304 -0.0098
vn -0.6970 0.1943 0.6902
vn -0.6535 0.4350 0.6195
vn -0.6961 0.2013 0.6892
vn -0.6987 0.2391 -0.6743
vn -0.6910 0.2613 -0.6740
vn -0.6484 0.4515 -0.6130
vn -0.7319 -0.6814 -0.0098
vn -0.7154 -0.6725 0.1896
vn -0.7570 -0.6280 -0.1807
vn -0.6375 -0.4225 -0.6443
vn -0.7240 -0.6655 -0.1815
vn -0.7653 -0.6359 0.0996
vn -0.7314 -0.6573 -0.1815
vn -0.6328 -0.3673 0.6817
vn -0.6362 -0.3544 0.6853
vn -0.7814 -0.5754 0.2416
vn -0.7330 0.6585 0.1706
vn -0.7345 0.6518 0.1889
vn -0.7343 0.6520 -0.1889
vn -0.7367 0.6541 -0.1715
vn -0.7400 0.3251 0.5889
vn -0.7330 0.6582 0.1719
vn -0.7342 0.6518 0.1902
vn -0.7439 0.3945 0.5394
vn -0.7439 0.3935 0.5402
vn -0.7399 0.3240 0.5896
vn -0.6811 0.2224 0.6976
vn -0.6824 0.2154 0.6985
vn -0.7367 0.6538 -0.1728
vn -0.7377 0.3797 -0.5582
vn -0.7342 0.6517 -0.1903
vn -0.7407 0.4190 -0.5252
vn -0.6793 0.2836 -0.6769
vn -0.6834 0.2600 -0.6822
vn -0.6832 0.2611 -0.6820
vn -0.6791 0.2846 -0.6766
vn -0.6392 0.4429 -0.6287
vn -0.2790 0.8912 -0.3578
vn -0.3759 0.6180 -0.6905
vn -0.3840 0.6115 -0.6919
vn -0.7680 0.6144 0.1810
vn -0.7692 0.6154 -0.1723
vn -0.3920 0.6051 0.6930
vn -0.2792 0.8912 0.3575
vn -0.3959 0.5998 0.6954
vn -0.6821 0.2165 0.6984
vn -0.6399 0.4285 0.6379
vn -0.6811 0.2235 0.6973
vn -0.6394 -0.4168 -0.6461
vn -0.5834 -0.4736 -0.6598
vn -0.6373 -0.4231 -0.6441
vn -0.7761 -0.6305 -0.0085
vn -0.7153 -0.6726 0.1896
vn -0.7762 -0.6304 -0.0099
vn -0.7162 0.4186 -0.5584
vn -0.6359 -0.3555 0.6850
vn -0.6325 -0.3684 0.6814
vn -0.5641 -0.5135 0.6466
vn -0.6940 0.3770 0.6134
vn -0.7318 -0.6814 -0.0097
vn -0.7153 -0.6726 0.1897
vn -0.7568 -0.6281 -0.1806
vn -0.7317 -0.6816 -0.0083
vn -0.6508 -0.3767 -0.6592
vn -0.6435 -0.3245 0.6933
vn -0.7813 -0.5755 0.2415
vn 0.1091 -0.3980 0.9109
vn 0.0401 -0.4680 0.8828
vn -0.0591 -0.5602 0.8262
vn 0.0401 -0.4680 -0.8828
vn 0.1091 -0.3975 -0.9111
vn -0.0589 -0.5601 -0.8263
vn -0.6542 -0.3793 -0.6543
vn -0.6102 -0.3897 -0.6898
vn -0.6505 -0.3773 -0.6592
vn -0.6832 -0.6408 0.3502
vn -0.6371 -0.2322 0.7350
vn -0.6763 -0.6012 0.4256
vn -0.6763 -0.6013 -0.4256
vn -0.6371 -0.2323 -0.7350
vn -0.6832 -0.6408 -0.3502
vn -0.6432 -0.3255 0.6931
vn -0.5964 -0.4350 0.6746
vn -0.6786 -0.7345 -0.0000
vn -0.6767 -0.6017 0.4244
vn -0.6834 -0.6412 0.3490
vn -0.6834 -0.6412 -0.3490
vn -0.6767 -0.6017 -0.4244
vn 0.7582 0.1925 0.6230
vn 0.7535 -0.0745 0.6532
vn 0.7575 0.5519 0.3488
vn 0.7769 -0.0102 0.6296
vn 0.7879 0.1242 0.6031
vn 0.7535 -0.0744 -0.6533
vn 0.7579 0.1926 -0.6233
vn 0.7581 0.5515 -0.3481
vn 0.7879 0.1242 -0.6032
vn 0.7767 -0.0103 -0.6298
vn 0.7541 -0.0744 -0.6526
vn -0.7154 -0.6726 0.1895
vn -0.7315 -0.6574 -0.1807
vn -0.7761 -0.6306 -0.0098
vn 0.1865 -0.5878 0.7872
vn 0.3096 -0.5574 0.7704
vn -0.0590 -0.5602 0.8262
vn 0.3097 -0.5574 -0.7703
vn 0.1864 -0.5875 -0.7875
vn -0.0592 -0.5598 -0.8265
vn -0.7162 0.4186 -0.5585
vn -0.7154 -0.6725 0.1897
vn -0.7327 -0.6585 0.1720
vn -0.7570 -0.6280 -0.1806
vn -0.6660 -0.3323 -0.6678
vn -0.7239 -0.6656 -0.1815
vn -0.7315 -0.6573 -0.1814
vn -0.6545 -0.2714 0.7057
vn -0.6450 -0.2778 -0.7119
vn -0.6531 -0.2782 0.7043
vn -0.6545 -0.2715 0.7057
vn -0.6314 -0.3226 0.7051
vn -0.7679 0.6144 0.1811
vn -0.7761 -0.6305 -0.0098
vn -0.7762 -0.6305 -0.0084
vn -0.7569 -0.6281 -0.1805
vn -0.7317 -0.6816 -0.0084
vn -0.6381 -0.4078 -0.6531
vn -0.7239 -0.6655 -0.1816
vn -0.7314 -0.6573 -0.1816
vn -0.6386 -0.3442 0.6882
vn -0.6458 -0.4087 -0.6449
vn -0.5912 -0.4514 -0.6684
vn -0.6378 -0.4084 -0.6530
vn -0.6383 -0.3454 0.6880
vn -0.6360 -0.3555 0.6850
vn -0.5743 -0.4871 0.6580
vn -0.7543 0.1350 0.6426
vn -0.7444 -0.0103 0.6677
vn -0.7204 -0.1202 0.6831
vn -0.7446 -0.0103 -0.6674
vn -0.7542 0.1350 -0.6426
vn -0.7157 -0.1195 -0.6881
vn -0.3284 0.5920 0.7360
vn -0.3962 0.5786 0.7129
vn -0.7004 0.4556 0.5494
vn -0.3284 0.5919 -0.7361
vn -0.7003 0.4555 -0.5497
vn -0.3962 0.5786 -0.7129
vn -0.6940 0.3770 0.6133
vn -0.6523 -0.3857 -0.6525
vn -0.6119 -0.3983 -0.6833
vn -0.6487 -0.3836 -0.6573
vn -0.7570 -0.6279 -0.1806
vn -0.6489 -0.3831 -0.6574
vn -0.6416 -0.3321 0.6914
vn -0.5897 -0.4429 0.6753
vn -0.6419 -0.3311 0.6916
vn -0.6435 -0.3244 0.6933
vn -0.6600 -0.3410 -0.6694
vn -0.6402 -0.3013 -0.7066
vn -0.6625 -0.3459 -0.6644
vn -0.6556 -0.2868 0.6985
vn -0.6238 -0.3529 0.6974
vn -0.7156 -0.6725 0.1890
vn -0.7703 0.6163 -0.1637
vn -0.7319 -0.6814 -0.0099
vn -0.6627 -0.3454 -0.6645
vn -0.7239 -0.6655 -0.1817
vn -0.6557 -0.2862 0.6987
vn -0.6339 -0.3469 0.6912
vn -0.6342 -0.3619 0.6832
vn -0.5705 -0.4974 0.6535
vn -0.5890 -0.4572 -0.6663
vn -0.6378 -0.4083 -0.6531
vn -0.9370 0.2102 -0.2790
vn -0.6211 0.2887 -0.7286
vn -0.6420 0.2881 -0.7105
vn -0.9286 0.2101 -0.3059
vn -0.4278 0.4925 -0.7579
vn -0.3043 0.5800 -0.7556
vn -0.1536 0.6922 -0.7052
vn -0.7762 -0.6305 -0.0083
vn -0.1512 0.6389 0.7543
vn -0.5578 0.5325 0.6366
vn -0.2634 0.6226 0.7369
vn -0.1665 0.6329 0.7561
vn -0.3662 0.5257 0.7678
vn -0.0653 0.6745 0.7354
vn -0.1512 0.6389 -0.7543
vn -0.2634 0.6226 -0.7369
vn -0.5579 0.5325 -0.6366
vn -0.7060 0.2705 0.6546
vn -0.7020 0.2689 0.6595
vn -0.9385 0.2026 0.2795
vn -0.9327 0.2031 0.2981
vn -0.3675 0.5204 -0.7708
vn -0.1665 0.6330 -0.7560
vn -0.0651 0.6745 -0.7354
vn -0.7327 -0.6585 0.1719
vn -0.6346 -0.3609 0.6834
vn -0.6342 -0.3458 0.6915
vn -0.3044 0.5800 0.7556
vn -0.4549 0.4472 0.7701
vn -0.1537 0.6922 0.7052
vn -0.6834 0.4395 -0.5830
vn -0.7792 0.4536 -0.4325
vn -0.9044 0.4267 -0.0000
vn -0.7792 0.4536 0.4325
vn -0.6834 0.4394 0.5830
vn -0.7744 0.5976 -0.2080
vn -0.4879 0.6357 -0.5982
vn -0.4962 0.6366 -0.5903
vn -0.6416 -0.3322 0.6914
vn -0.5911 -0.4515 0.6684
vn -0.6523 -0.3857 -0.6524
vn -0.6100 -0.4045 -0.6813
vn -0.6480 -0.3876 -0.6556
vn -0.7744 0.5976 0.2080
vn -0.5100 0.6350 0.5802
vn -0.5044 0.6374 0.5825
vn -0.9801 0.1966 0.0273
vn -0.9803 0.1966 0.0182
vn -0.9389 0.2026 0.2782
vn -0.9331 0.2031 0.2968
vn -0.9291 0.2100 -0.3044
vn -0.9374 0.2101 -0.2776
vn -0.6756 0.1326 0.7253
vn -0.6755 0.1326 0.7253
vn -0.5548 -0.3736 0.7434
vn -0.5548 -0.3736 -0.7434
vn -0.6756 0.1326 -0.7253
vn -0.6483 -0.3870 -0.6557
vn -0.7240 -0.6654 -0.1817
vn -0.6419 -0.3312 0.6916
vn -0.7814 -0.5754 0.2415
vn -0.3544 0.7516 0.5563
vn -0.6984 0.6630 0.2696
vn -0.7191 0.6600 0.2174
vn -0.6984 0.6632 -0.2692
vn -0.3543 0.7516 -0.5564
vn -0.7191 0.6600 -0.2175
vn -0.0270 0.6551 -0.7551
vn -0.3694 0.6203 -0.6919
vn -0.7628 0.5872 -0.2707
vn -0.7145 0.5797 0.3917
vn -0.7629 0.5871 0.2708
vn -0.3679 0.6245 0.6889
vn -0.8235 0.5673 -0.0000
vn -0.7152 0.5798 -0.3904
vn -0.7634 0.5871 -0.2694
vn -0.7151 0.5798 0.3904
vn -0.8235 0.5674 -0.0000
vn -0.7634 0.5871 0.2694
vn -0.3277 0.8672 0.3750
vn -0.1171 0.9860 -0.1187
vn -0.1281 0.9847 -0.1185
vn -0.1170 0.9849 0.1276
vn -0.3284 0.8670 -0.3748
vn -0.1280 0.9835 0.1275
vn -0.3999 0.5679 -0.7194
vn -0.4054 0.5631 -0.7201
vn -0.3276 0.8677 -0.3738
vn -0.3331 0.8615 -0.3832
vn -0.3330 0.8615 0.3832
vn -0.3276 0.8677 0.3738
vn -0.4159 0.5533 0.7217
vn -0.4160 0.5534 0.7216
vn -0.4045 0.5640 -0.7199
vn -0.3992 0.5688 -0.7191
vn -0.2500 0.7166 -0.6511
vn -0.4152 0.5542 0.7215
vn -0.2849 0.6877 0.6677
vn -0.1731 0.9849 0.0098
vn -0.1280 0.9836 0.1268
vn -0.1732 0.9848 0.0099
vn -0.1170 0.9850 0.1269
vn -0.1171 0.9861 -0.1180
vn -0.1731 0.9849 0.0085
vn -0.1282 0.9847 -0.1179
vn -0.1732 0.9848 0.0083
vn -0.7693 0.6389 -0.0000
vn -0.6988 0.6631 -0.2683
vn -0.7195 0.6600 -0.2161
vn -0.6988 0.6631 0.2683
vn -0.7694 0.6388 -0.0000
vn -0.7195 0.6600 0.2161
vn -0.6175 0.3427 0.7080
vn -0.6176 0.3425 0.7080
vn -0.6176 0.3426 -0.7080
vn -0.6175 0.3428 -0.7079
vn -0.6175 0.3430 -0.7079
vn -0.7938 0.6081 0.0097
vn -0.7744 0.5976 0.2079
vn -0.7744 0.5976 -0.2079
vn -0.7938 0.6081 0.0083
vn -0.7938 0.6081 0.0085
vn -0.6033 -0.3984 0.6909
vn -0.9165 -0.2593 0.3046
vn -0.6034 -0.3984 0.6908
vn -0.5948 -0.3993 -0.6977
vn -0.5947 -0.3993 -0.6978
vn -0.8897 -0.2953 -0.3481
vn -0.0628 -0.8102 -0.5828
vn 0.1584 -0.9754 -0.1533
vn 0.1584 -0.9754 -0.1532
vn -0.0628 -0.8101 -0.5829
vn 0.1616 -0.9761 0.1455
vn -0.0716 -0.8116 0.5798
vn -0.5306 -0.6230 -0.5748
vn -0.4265 -0.8943 -0.1354
vn -0.4278 -0.8935 0.1364
vn -0.5306 -0.6229 0.5748
vn -0.4265 -0.8943 0.1354
vn 0.1571 -0.9876 -0.0000
vn 0.1572 -0.9876 -0.0000
vn 0.1616 -0.9761 0.1454
vn -0.4265 -0.8943 -0.1353
vn -0.4443 -0.8959 -0.0000
vn -0.4265 -0.8943 0.1353
vn 0.5755 0.4601 -0.6761
vn 0.6028 0.7184 -0.3472
vn 0.5899 0.4317 -0.6824
vn 0.6026 0.7184 0.3475
vn 0.5892 0.4370 0.6796
vn 0.5956 0.4230 0.6829
vn -0.6758 -0.7370 -0.0035
vn -0.6805 -0.7326 0.0111
vn -0.6421 -0.6285 -0.4390
vn -0.6455 -0.6554 -0.3921
vn -0.6743 -0.6228 0.3968
vn -0.6962 -0.7178 -0.0090
vn -0.6923 -0.7216 0.0025
vn -0.6731 -0.6433 0.3648
vn -0.6924 -0.7215 -0.0025
vn -0.6961 -0.7179 0.0090
vn -0.6743 -0.6228 -0.3968
vn -0.6731 -0.6433 -0.3648
vn -0.6598 -0.5705 0.4891
vn -0.6893 -0.7244 -0.0108
vn -0.6844 -0.7291 0.0021
vn -0.6653 -0.6139 0.4248
vn 0.7648 0.2585 0.5901
vn 0.9850 0.0772 0.1542
vn 0.7616 0.2508 -0.5976
vn 0.9836 0.0771 -0.1630
vn 0.7688 0.2489 -0.5890
vn 0.9836 0.0772 -0.1630
vn -0.6844 -0.7291 -0.0021
vn -0.6892 -0.7245 0.0108
vn -0.6598 -0.5704 -0.4891
vn -0.6653 -0.6139 -0.4248
vn -0.6584 -0.6223 0.4234
vn -0.6913 -0.7226 -0.0071
vn -0.6883 -0.7254 0.0026
vn -0.6641 -0.6489 0.3714
vn -0.6883 -0.7254 -0.0026
vn -0.6913 -0.7226 0.0071
vn -0.6584 -0.6223 -0.4234
vn -0.6641 -0.6489 -0.3714
vn -0.6568 -0.6201 0.4291
vn -0.6884 -0.7252 -0.0114
vn -0.6840 -0.7295 0.0038
vn -0.6580 -0.6443 0.3898
vn 0.9836 0.0771 -0.1629
vn 0.9965 0.0831 -0.0000
vn 0.9836 0.0772 -0.1629
vn 0.9850 0.0772 0.1541
vn -0.6840 -0.7295 -0.0038
vn -0.6884 -0.7252 0.0114
vn -0.6568 -0.6201 -0.4291
vn -0.6603 -0.6465 -0.3821
vn 0.6966 -0.7174 0.0038
vn 0.7010 -0.7131 -0.0117
vn 0.6675 -0.6086 0.4290
vn 0.6691 -0.6327 0.3898
vn 0.3635 -0.6662 -0.6512
vn 0.3336 -0.6736 -0.6596
vn 0.5166 -0.6045 -0.6064
vn -0.6612 -0.7361 0.1448
vn -0.6780 -0.4454 0.5848
vn -0.6757 -0.4519 0.5825
vn -0.6602 -0.7352 -0.1536
vn -0.6733 -0.4579 -0.5805
vn -0.6725 -0.7401 -0.0000
vn -0.6602 -0.7352 -0.1535
vn -0.6612 -0.7361 0.1447
vn 0.2927 -0.6297 0.7196
vn 0.7405 -0.5900 0.3217
vn 0.3523 -0.6162 0.7044
vn -0.2448 -0.6899 0.6813
vn 0.2917 -0.6300 0.7198
vn -0.1778 -0.6872 0.7044
vn -0.2459 -0.6897 0.6810
vn -0.1784 -0.6868 0.7046
vn -0.5570 -0.6435 0.5251
vn 0.7405 -0.5900 -0.3217
vn 0.2927 -0.6297 -0.7196
vn 0.3523 -0.6162 -0.7044
vn -0.1778 -0.6872 -0.7044
vn 0.2917 -0.6300 -0.7198
vn -0.2448 -0.6898 -0.6814
vn -0.2459 -0.6897 -0.6810
vn -0.5568 -0.6433 -0.5254
vn -0.1784 -0.6868 -0.7046
vn -0.1052 -0.7888 0.6056
vn 0.1331 -0.7373 0.6623
vn 0.1106 -0.7354 0.6685
vn 0.1333 -0.7376 -0.6620
vn -0.1051 -0.7888 -0.6056
vn 0.1106 -0.7354 -0.6685
vn -0.6792 -0.6679 -0.3043
vn -0.6693 -0.6656 -0.3301
vn -0.6743 -0.6474 0.3553
vn -0.6770 -0.6578 0.3300
vn -0.6583 -0.7093 -0.2522
vn -0.6758 -0.3866 -0.6276
vn -0.6769 -0.4102 -0.6112
vn -0.6568 -0.7076 0.2606
vn -0.6707 -0.4184 0.6125
vn -0.6552 -0.7060 0.2689
vn -0.6720 -0.4268 0.6052
vn 0.3100 -0.6709 0.6737
vn 0.5061 -0.6084 0.6114
vn 0.2964 -0.6740 0.6767
vn 0.1461 -0.7010 0.6980
vn 0.3089 -0.6711 0.6739
vn 0.2954 -0.6743 0.6768
vn 0.1466 -0.7008 0.6982
vn -0.6583 -0.7093 -0.2521
vn -0.6725 -0.7400 0.0084
vn -0.6724 -0.7400 0.0173
vn -0.6724 -0.7401 0.0098
vn -0.6552 -0.7060 0.2688
vn -0.6724 -0.7400 0.0189
vn -0.7152 -0.6729 0.1890
vn -0.7315 -0.6818 -0.0089
vn -0.7569 -0.6281 -0.1806
vn -0.4009 -0.8110 -0.4260
vn -0.4063 -0.8699 -0.2795
vn -0.2128 -0.5821 -0.7848
vn -0.3962 -0.8415 0.3674
vn -0.1632 -0.6310 0.7584
vn -0.2386 -0.6831 0.6902
vn -0.3980 -0.8767 0.2701
vn -0.7650 -0.6363 0.0993
vn -0.7240 -0.6659 -0.1803
vn -0.7812 -0.5756 0.2417
vn -0.6615 -0.6734 -0.3300
vn -0.6725 -0.7400 0.0085
vn -0.6602 -0.6564 -0.3652
vn -0.6725 -0.7401 0.0083
vn -0.6725 -0.7400 0.0097
vn -0.6601 -0.6565 0.3651
vn -0.6725 -0.7400 0.0098
vn -0.6615 -0.6734 0.3301
vn 0.7641 -0.6196 -0.1798
vn 0.7397 -0.6729 -0.0090
vn 0.7194 -0.6684 0.1892
vn 0.7690 -0.6315 0.0994
vn 0.7882 -0.5654 0.2432
vn 0.7281 -0.6614 -0.1802
vn 0.3624 -0.6665 -0.6515
vn 0.2214 -0.7033 -0.6756
vn 0.3324 -0.6740 -0.6597
vn 0.2214 -0.7032 -0.6756
vn -0.7318 -0.6815 -0.0090
vn -0.7239 -0.6659 -0.1803
vn 0.4209 -0.5231 -0.7411
vn 0.3112 -0.5745 -0.7571
vn 0.0638 -0.6157 -0.7854
vn 0.6610 -0.7504 -0.0000
vn 0.6647 -0.6617 0.3469
vn 0.6594 -0.6263 0.4159
vn 0.6647 -0.6617 -0.3469
vn 0.6594 -0.6263 -0.4159
vn 0.7749 -0.2258 -0.5904
vn 0.8484 -0.5118 -0.1354
vn 0.7795 -0.2350 -0.5806
vn 0.8484 -0.5118 -0.1353
vn 0.7794 -0.2350 0.5808
vn 0.8473 -0.5112 0.1441
vn 0.7748 -0.2258 0.5905
vn -0.4062 -0.8704 -0.2782
vn -0.3944 -0.9188 0.0182
vn -0.4008 -0.8117 -0.4249
vn -0.3979 -0.8772 0.2688
vn -0.3943 -0.9188 0.0189
vn -0.3964 -0.8420 0.3659
vn 0.6324 0.2467 0.7343
vn 0.6255 -0.2212 0.7482
vn 0.6264 0.3170 0.7122
vn 0.6593 -0.6255 0.4172
vn 0.6213 -0.2671 0.7366
vn 0.6644 -0.6613 0.3483
vn 0.6254 -0.2217 0.7481
vn 0.6256 -0.2212 -0.7481
vn 0.6324 0.2467 -0.7343
vn 0.6264 0.3171 -0.7121
vn 0.6593 -0.6255 -0.4172
vn 0.6213 -0.2672 -0.7366
vn 0.6254 -0.2217 -0.7482
vn 0.6644 -0.6613 -0.3483
vn -0.5467 -0.1562 0.8226
vn -0.5474 -0.1491 0.8235
vn -0.5417 -0.3176 0.7783
vn -0.5467 -0.1562 -0.8226
vn -0.5419 -0.3176 -0.7781
vn -0.5474 -0.1491 -0.8235
vn 0.7641 -0.6195 -0.1798
vn 0.7397 -0.6729 -0.0089
vn 0.7194 -0.6684 0.1891
vn 0.7881 -0.5655 0.2431
vn 0.7280 -0.6614 -0.1803
vn 0.3125 -0.5697 0.7601
vn 0.4208 -0.5231 0.7412
vn -0.0373 -0.6088 0.7925
vn -0.7152 -0.6729 0.1889
vn -0.0385 -0.7658 0.6419
vn -0.2590 -0.7752 0.5762
vn 0.1100 -0.7356 0.6684
vn -0.0385 -0.7658 -0.6419
vn 0.1101 -0.7356 -0.6684
vn -0.2586 -0.7753 -0.5762
vn 0.1716 -0.9397 0.2957
vn 0.1715 -0.9398 0.2957
vn 0.1721 -0.9396 0.2959
vn 0.1716 -0.9397 -0.2957
vn 0.1721 -0.9396 -0.2959
vn 0.1716 -0.9398 -0.2957
vn -0.3855 -0.8191 -0.4249
vn -0.3173 -0.7559 -0.5726
vn -0.4953 -0.8687 -0.0000
vn -0.3174 -0.7558 0.5727
vn -0.3855 -0.8191 0.4249
vn -0.1178 -0.5837 0.8034
vn -0.3050 -0.6383 0.7068
vn -0.1177 -0.5837 -0.8034
vn -0.3116 -0.6370 -0.7051
vn 0.7582 0.1924 0.6230
vn 0.7767 -0.0101 0.6298
vn 0.7534 -0.0740 0.6534
vn 0.7768 -0.0096 0.6296
vn 0.7758 0.3244 0.5412
vn 0.7877 0.1254 0.6031
vn 0.6388 -0.2010 0.7426
vn 0.4296 -0.7567 0.4928
vn 0.6433 -0.1981 0.7396
vn 0.4300 -0.7563 0.4931
vn 0.7582 0.1925 -0.6230
vn 0.7534 -0.0740 -0.6534
vn 0.7767 -0.0101 -0.6298
vn 0.7768 -0.0096 -0.6296
vn 0.7877 0.1253 -0.6031
vn 0.7759 0.3242 -0.5412
vn 0.6389 -0.2010 -0.7426
vn 0.4295 -0.7567 -0.4929
vn 0.4301 -0.7562 -0.4931
vn 0.6389 -0.2004 -0.7427
vn -0.1063 -0.7891 -0.6050
vn -0.4673 -0.8268 -0.3131
vn -0.5028 -0.8365 -0.2178
vn 0.1334 -0.7372 -0.6624
vn 0.1334 -0.7372 0.6624
vn -0.1063 -0.7890 0.6051
vn -0.4669 -0.8272 0.3127
vn -0.5028 -0.8365 0.2178
vn -0.7318 -0.6815 -0.0091
vn -0.7650 -0.6364 0.0993
vn -0.7240 -0.6659 -0.1802
vn 0.0479 -0.9896 -0.1357
vn 0.0559 -0.9984 -0.0000
vn 0.0557 -0.9879 0.1445
vn 0.0416 -0.6257 -0.7790
vn 0.3014 -0.5320 -0.7913
vn -0.3973 -0.8683 -0.2969
vn 0.7641 -0.6196 -0.1797
vn 0.7194 -0.6684 0.1890
vn 0.7881 -0.5654 0.2432
vn 0.5739 -0.2112 0.7912
vn 0.4112 -0.7211 0.5576
vn 0.5827 -0.1794 0.7926
vn 0.4116 -0.7208 0.5577
vn 0.4112 -0.7211 -0.5576
vn 0.4116 -0.7207 -0.5578
vn 0.5740 -0.2112 -0.7912
vn 0.5828 -0.1794 -0.7926
vn -0.3975 -0.8683 0.2969
vn -0.3071 -0.8231 0.4777
vn 0.0414 -0.6257 0.7790
vn 0.8613 -0.5081 -0.0000
vn -0.5726 -0.8198 -0.0000
vn -0.4669 -0.8272 -0.3126
vn -0.5032 -0.8366 -0.2164
vn -0.5032 -0.8366 0.2164
vn -0.4669 -0.8272 0.3126
vn -0.5726 -0.8198 0.0001
vn 0.0123 -0.6388 0.7693
vn -0.3061 -0.6787 0.6675
vn 0.1361 -0.6019 0.7869
vn 0.0122 -0.6389 -0.7692
vn 0.1361 -0.6019 -0.7869
vn -0.3062 -0.6788 -0.6675
vn -0.7152 -0.6729 0.1891
vn -0.7314 -0.6819 -0.0088
vn -0.7569 -0.6280 -0.1807
vn -0.7812 -0.5756 0.2416
vn 0.2468 -0.7706 -0.5876
vn 0.0479 -0.9896 -0.1358
vn 0.2408 -0.7761 -0.5828
vn -0.4894 -0.8721 -0.0000
vn -0.3075 -0.8232 -0.4772
vn -0.3978 -0.8686 -0.2954
vn -0.3978 -0.8685 0.2956
vn -0.3075 -0.8232 0.4772
vn -0.4894 -0.8721 0.0001
vn 0.2408 -0.7761 0.5829
vn 0.0557 -0.9879 0.1446
vn 0.6716 -0.6448 -0.3649
vn 0.6895 -0.7243 0.0084
vn 0.6732 -0.6617 -0.3301
vn 0.6895 -0.7243 0.0083
vn 0.6895 -0.7243 0.0098
vn 0.6694 -0.6426 0.3728
vn 0.6745 -0.6554 0.3398
vn 0.6894 -0.7243 0.0098
vn 0.7881 -0.5656 0.2431
vn 0.7281 -0.6614 -0.1803
vn -0.6363 -0.7346 -0.2355
vn -0.3406 -0.7032 -0.6241
vn -0.3388 -0.6994 -0.6293
vn -0.6363 -0.7347 -0.2354
vn -0.7812 -0.5757 0.2416
vn 0.6674 -0.6945 0.2688
vn 0.6893 -0.7242 0.0190
vn 0.6690 -0.6961 -0.2606
vn 0.6705 -0.6977 -0.2521
vn 0.6893 -0.7242 0.0174
vn 0.6747 -0.3746 -0.6360
vn 0.6705 -0.6977 -0.2522
vn 0.6799 -0.4004 -0.6144
vn 0.6794 -0.4150 0.6052
vn 0.6674 -0.6944 0.2690
vn 0.6763 -0.3983 0.6197
vn 0.6675 -0.6944 0.2689
vn -0.7569 -0.6281 -0.1807
vn 0.6843 -0.6494 -0.3318
vn 0.6895 -0.7243 -0.0000
vn 0.6889 -0.6541 -0.3124
vn 0.6791 -0.6369 0.3650
vn 0.6884 -0.6459 0.3300
vn 0.7641 -0.6195 -0.1797
vn 0.6725 -0.4378 -0.5967
vn 0.6758 -0.7188 -0.1633
vn 0.6759 -0.4402 -0.5911
vn 0.6800 -0.4377 0.5882
vn 0.6729 -0.7236 0.1536
vn 0.6786 -0.4291 0.5961
vn 0.6730 -0.7235 0.1536
vn 0.6758 -0.7188 -0.1632
vn 0.6853 -0.7283 -0.0000
vn 0.6730 -0.7236 0.1534
vn 0.6730 -0.7236 0.1536
vn 0.5237 -0.3138 0.7920
vn 0.4484 -0.4770 0.7559
vn 0.5250 -0.3068 0.7939
vn 0.4703 -0.4266 0.7725
vn 0.4484 -0.4770 -0.7559
vn 0.4701 -0.4267 -0.7726
vn 0.5238 -0.3138 -0.7919
vn 0.5251 -0.3068 -0.7938
vn 0.0121 -0.9723 0.2335
vn 0.0121 -0.9723 0.2334
vn 0.0114 -0.9724 0.2332
vn 0.0126 -0.9722 0.2336
vn 0.0121 -0.9723 -0.2334
vn 0.0127 -0.9722 -0.2337
vn 0.0121 -0.9723 -0.2335
vn 0.0114 -0.9723 -0.2333
vn -0.9680 -0.2050 -0.1450
vn -0.9808 -0.1948 -0.0000
vn -0.9680 -0.2050 -0.1449
vn -0.9680 -0.2050 0.1449
vn -0.9808 -0.1949 -0.0000
vn -0.9680 -0.2050 0.1450
vn -0.7316 -0.6817 -0.0089
vn -0.8011 0.0354 -0.5975
vn -0.9679 -0.2050 -0.1451
vn -0.8073 0.0294 -0.5894
vn -0.9679 -0.2050 0.1451
vn -0.8011 0.0354 0.5975
vn -0.8073 0.0294 0.5894
vn -0.6642 -0.7475 0.0097
vn -0.6352 -0.7332 0.2427
vn -0.6642 -0.7475 0.0098
vn -0.6365 -0.7347 0.2348
vn -0.6349 -0.7331 0.2440
vn -0.6363 -0.7347 0.2354
vn -0.3623 -0.7015 0.6138
vn -0.3557 -0.7033 0.6155
vn -0.5145 -0.1966 0.8347
vn -0.4910 -0.3479 0.7987
vn -0.5252 -0.1550 -0.8367
vn -0.4910 -0.3479 -0.7987
vn -0.5144 -0.1966 -0.8347
vn -0.7315 -0.6818 -0.0088
vn 0.7881 -0.5655 0.2430
vn 0.7280 -0.6614 -0.1804
vn -0.5764 -0.2191 0.7872
vn -0.5550 -0.3736 0.7433
vn -0.5765 -0.2191 -0.7872
vn -0.5491 -0.3864 -0.7411
vn -0.5544 -0.3735 -0.7438
vn -0.5952 -0.1488 -0.7897
vn -0.6642 -0.7475 0.0084
vn -0.6366 -0.7348 -0.2342
vn -0.6365 -0.7347 -0.2346
vn -0.3987 -0.7993 0.4496
vn -0.3986 -0.7994 0.4496
vn -0.3986 -0.7993 0.4496
vn -0.3987 -0.7993 -0.4497
vn -0.3986 -0.7993 -0.4496
vn -0.4504 -0.7338 0.5085
vn -0.4505 -0.7338 0.5085
vn -0.4505 -0.7339 -0.5085
vn -0.4504 -0.7338 -0.5085
vn -0.4504 -0.7338 -0.5086
vn 0.6714 -0.6349 -0.3823
vn 0.6676 -0.6085 -0.4289
vn 0.7010 -0.7131 0.0117
vn 0.6966 -0.7174 -0.0039
vn 0.7008 -0.7133 0.0025
vn 0.7037 -0.7104 -0.0069
vn 0.6691 -0.6107 0.4234
vn 0.6755 -0.6372 0.3712
vn 0.6754 -0.6372 -0.3712
vn 0.6691 -0.6108 -0.4234
vn 0.7037 -0.7104 0.0069
vn 0.7008 -0.7133 -0.0025
vn 0.7009 -0.7133 0.0021
vn 0.7056 -0.7085 -0.0110
vn 0.6696 -0.5589 0.4891
vn 0.6760 -0.6022 0.4248
vn 0.6760 -0.6022 -0.4248
vn 0.6696 -0.5589 -0.4891
vn 0.7056 -0.7085 0.0110
vn 0.7009 -0.7133 -0.0021
vn 0.6889 -0.7249 0.0027
vn 0.6928 -0.7210 -0.0094
vn 0.6704 -0.6269 0.3969
vn 0.6690 -0.6474 0.3653
vn 0.6689 -0.6474 -0.3653
vn 0.6704 -0.6269 -0.3969
vn 0.6928 -0.7210 0.0094
vn 0.6889 -0.7249 -0.0026
vn 0.6845 -0.7290 0.0035
vn 0.6887 -0.7250 -0.0101
vn 0.6528 -0.6172 0.4392
vn 0.6574 -0.6440 0.3912
vn 0.6573 -0.6441 -0.3913
vn 0.6528 -0.6172 -0.4391
vn 0.6887 -0.7250 0.0102
vn 0.6845 -0.7290 -0.0034
vn -0.6302 -0.3525 -0.6918
vn -0.6240 0.0269 -0.7809
vn -0.6336 0.1244 -0.7636
vn -0.6483 -0.3384 -0.6820
vn 0.6030 0.7180 -0.3476
vn 0.5754 0.4601 -0.6762
vn 0.6123 0.6916 -0.3832
vn -0.5741 -0.3444 -0.7428
vn -0.5524 0.0448 -0.8324
vn -0.5685 0.1148 -0.8147
vn -0.5890 -0.3535 -0.7267
vn 0.7612 0.2510 -0.5980
vn 0.2131 0.5498 -0.8077
vn 0.2201 0.5478 -0.8072
vn 0.7685 0.2492 -0.5894
vn -0.6275 0.3020 -0.7177
vn -0.6970 0.3243 -0.6396
vn -0.6225 0.1689 -0.7642
vn -0.5456 0.4431 -0.7113
vn -0.6899 0.3448 -0.6365
vn -0.6603 0.1628 -0.7332
vn -0.7228 0.5809 -0.3744
vn 0.6116 0.3527 -0.7082
vn 0.7312 0.5195 -0.4421
vn 0.7046 0.6702 -0.2332
vn 0.6678 0.7350 -0.1175
vn -0.6391 -0.6230 -0.4511
vn -0.5374 -0.3530 -0.7659
vn -0.5645 -0.2153 -0.7968
vn -0.6966 -0.5316 -0.4818
vn -0.6109 -0.3319 -0.7188
vn -0.5898 0.0804 -0.8036
vn -0.6042 0.1521 -0.7822
vn -0.6307 -0.3294 -0.7026
vn -0.5700 0.1181 -0.8131
vn -0.5680 0.0813 -0.8190
vn -0.5050 0.4743 -0.7211
vn -0.5532 -0.1799 -0.8134
vn -0.5133 0.1224 -0.8494
vn -0.5413 0.2020 -0.8162
vn -0.5827 -0.1970 -0.7885
vn -0.6035 -0.3418 -0.7204
vn -0.5930 0.0501 -0.8037
vn -0.6069 0.1378 -0.7827
vn -0.6153 -0.3371 -0.7126
vn 0.6065 -0.2495 -0.7549
vn 0.6254 -0.2073 -0.7523
vn 0.5022 -0.4280 -0.7514
vn 0.4505 -0.4853 -0.7494
vn 0.4497 -0.4861 -0.7493
vn 0.5016 -0.4285 -0.7515
vn 0.3413 -0.5890 -0.7325
vn 0.5381 -0.1702 -0.8255
vn 0.2769 -0.7577 -0.5910
vn 0.5305 -0.1814 -0.8281
vn 0.2219 -0.5606 -0.7978
vn 0.5149 -0.4839 -0.7076
vn 0.2082 -0.5626 -0.8001
vn -0.6200 0.1843 -0.7626
vn -0.5839 0.3916 -0.7112
vn -0.6130 0.2063 -0.7627
vn -0.3449 0.5032 -0.7923
vn -0.3527 0.4966 -0.7931
vn -0.5429 0.2051 -0.8144
vn -0.5413 0.1831 -0.8207
vn -0.5232 0.4344 -0.7332
vn 0.6093 -0.3313 -0.7204
vn 0.6256 -0.3248 -0.7093
vn 0.6044 0.1483 -0.7827
vn 0.5921 0.0606 -0.8036
vn -0.6059 0.1555 -0.7802
vn -0.6088 0.1250 -0.7834
vn -0.5533 0.4996 -0.6665
vn -0.6077 0.1396 -0.7818
vn -0.6106 0.0963 -0.7861
vn -0.5462 0.5069 -0.6669
vn -0.7161 0.4182 -0.5588
vn -0.5396 -0.1772 -0.8231
vn -0.6994 0.3679 -0.6128
vn -0.5425 -0.1615 -0.8244
vn -0.5880 0.1608 -0.7927
vn -0.6733 -0.4574 -0.5809
vn -0.5849 0.1528 -0.7966
vn 0.6303 -0.1719 -0.7571
vn 0.6302 -0.1551 -0.7607
vn 0.4134 -0.3984 -0.8188
vn 0.4292 -0.3925 -0.8135
vn 0.5878 -0.3239 -0.7413
vn 0.0890 0.6070 -0.7897
vn 0.4014 0.6024 -0.6899
vn 0.1041 0.6102 -0.7854
vn 0.6080 -0.2436 -0.7557
vn 0.6303 -0.1720 -0.7571
vn 0.6174 -0.2190 -0.7555
vn 0.5292 -0.1304 -0.8384
vn 0.6835 0.3714 -0.6284
vn 0.5308 -0.1023 -0.8413
vn 0.7052 0.4286 -0.5648
vn 0.5862 -0.3095 -0.7487
vn 0.6164 -0.2301 -0.7531
vn 0.5195 -0.4380 -0.7337
vn 0.5866 -0.3086 -0.7488
vn 0.6532 -0.0471 -0.7557
vn 0.6166 -0.2295 -0.7531
vn 0.6524 -0.0029 -0.7578
vn 0.6533 -0.0460 -0.7557
vn 0.7700 -0.4958 -0.4016
vn 0.7025 -0.4799 -0.5255
vn 0.3126 -0.4556 -0.8335
vn 0.2110 -0.4900 -0.8458
vn -0.4069 0.5222 -0.7495
vn -0.5284 0.2411 -0.8140
vn -0.4418 0.4696 -0.7644
vn -0.5344 0.2334 -0.8124
vn 0.2926 -0.6292 -0.7200
vn 0.7409 -0.5899 -0.3212
vn 0.7140 -0.5870 -0.3817
vn -0.1777 -0.6868 -0.7048
vn 0.3512 -0.6160 -0.7051
vn 0.2917 -0.6296 -0.7201
vn 0.5214 0.3181 -0.7918
vn 0.5215 0.3183 -0.7917
vn 0.5215 0.3181 -0.7917
vn 0.5214 0.3183 -0.7918
vn -0.5844 0.1030 -0.8049
vn -0.5423 -0.3171 -0.7781
vn -0.5378 -0.3168 -0.7813
vn -0.5288 0.2401 -0.8141
vn -0.5468 -0.1556 -0.8227
vn -0.5346 0.2323 -0.8125
vn -0.5475 -0.1487 -0.8235
vn 0.3729 -0.4587 -0.8066
vn 0.3790 -0.4574 -0.8045
vn 0.5556 -0.4146 -0.7207
vn -0.5847 0.1539 -0.7965
vn -0.5313 0.5001 -0.6839
vn -0.5880 0.1619 -0.7925
vn 0.5886 0.1183 -0.7997
vn 0.5740 -0.2106 -0.7913
vn 0.5871 0.1253 -0.7998
vn 0.5827 -0.1795 -0.7926
vn 0.5886 0.1182 -0.7998
vn 0.5880 -0.0080 -0.8088
vn 0.5873 -0.0373 -0.8085
vn 0.5387 -0.1689 -0.8254
vn 0.6824 0.0994 -0.7242
vn 0.5309 -0.1805 -0.8280
vn -0.5960 0.1682 -0.7852
vn -0.6378 -0.2921 -0.7126
vn -0.5968 0.1611 -0.7861
vn -0.6401 -0.3377 -0.6901
vn -0.5524 -0.0977 -0.8279
vn -0.5507 -0.0549 -0.8329
vn -0.5508 -0.0555 -0.8328
vn -0.5524 -0.0988 -0.8277
vn -0.5399 -0.2867 -0.7914
vn 0.5307 -0.1022 -0.8414
vn 0.5286 -0.0662 -0.8463
vn 0.7052 0.4285 -0.5648
vn -0.5966 0.1624 -0.7859
vn -0.5656 0.4386 -0.6984
vn -0.5960 0.1693 -0.7849
vn -0.5953 0.1752 -0.7842
vn -0.6768 -0.4097 -0.6116
vn -0.6758 -0.3864 -0.6277
vn -0.5961 0.1683 -0.7851
vn -0.5443 -0.1405 -0.8270
vn -0.5433 -0.1045 -0.8330
vn 0.5018 -0.4334 -0.7486
vn 0.5485 -0.3653 -0.7521
vn 0.4079 -0.5448 -0.7327
vn 0.5488 -0.3648 -0.7522
vn 0.5024 -0.4325 -0.7487
vn 0.6173 -0.2191 -0.7556
vn -0.5672 0.4472 -0.6916
vn -0.5952 0.1763 -0.7840
vn 0.1638 -0.3768 -0.9117
vn 0.2226 -0.4068 -0.8860
vn -0.0880 -0.4906 -0.8669
vn -0.2122 -0.5814 -0.7855
vn 0.2223 -0.4073 -0.8858
vn 0.4281 -0.3928 -0.8139
vn 0.4128 -0.3986 -0.8190
vn 0.1644 -0.3767 -0.9116
vn -0.2124 -0.5818 -0.7851
vn -0.0884 -0.4909 -0.8667
vn -0.4007 -0.8114 -0.4256
vn -0.0020 -0.5252 -0.8510
vn 0.3779 -0.4576 -0.8049
vn 0.0980 -0.5067 -0.8565
vn 0.3722 -0.4588 -0.8068
vn 0.3006 -0.5323 -0.7914
vn 0.0423 -0.6249 -0.7795
vn 0.1364 -0.6015 -0.7871
vn 0.5250 -0.1669 -0.8346
vn 0.5262 -0.1529 -0.8365
vn -0.5800 0.1534 -0.8000
vn -0.6177 -0.3077 -0.7237
vn -0.5818 0.1322 -0.8025
vn -0.6242 -0.3519 -0.6975
vn -0.6244 0.2429 -0.7424
vn -0.7367 0.4439 -0.5101
vn -0.6188 0.2509 -0.7444
vn -0.5424 -0.1627 -0.8242
vn -0.5396 -0.1785 -0.8228
vn -0.4904 -0.4989 -0.7146
vn 0.5291 -0.1316 -0.8383
vn 0.5307 -0.1034 -0.8413
vn 0.5033 -0.3796 -0.7763
vn -0.5816 0.1334 -0.8024
vn -0.5523 0.4401 -0.7081
vn -0.5800 0.1547 -0.7998
vn 0.5267 -0.2728 -0.8051
vn 0.5510 -0.2094 -0.8078
vn 0.4703 -0.4000 -0.7867
vn 0.5271 -0.2717 -0.8052
vn 0.5872 -0.0383 -0.8086
vn 0.5512 -0.2089 -0.8078
vn 0.5880 -0.0086 -0.8088
vn -0.5389 -0.1843 -0.8220
vn -0.5419 -0.1685 -0.8234
vn -0.1166 -0.5834 -0.8038
vn 0.3114 -0.4558 -0.8338
vn 0.2104 -0.4901 -0.8459
vn -0.1171 -0.5835 -0.8036
vn -0.6241 0.2440 -0.7422
vn -0.6186 0.2520 -0.7442
vn -0.5533 0.3764 -0.7431
vn 0.5307 -0.1033 -0.8412
vn 0.5284 -0.0673 -0.8463
vn 0.5185 -0.3150 -0.7949
vn 0.0632 -0.6154 -0.7857
vn 0.1355 -0.5623 -0.8158
vn 0.5727 -0.5473 -0.6103
vn 0.7112 -0.5237 -0.4690
vn 0.3112 -0.5740 -0.7574
vn 0.5291 -0.1303 -0.8385
vn 0.7748 -0.2256 -0.5905
vn 0.5026 0.3120 -0.8062
vn 0.5078 0.2973 -0.8086
vn 0.7793 -0.2346 -0.5810
vn 0.6322 0.2467 -0.7345
vn 0.6252 -0.2212 -0.7484
vn 0.6213 -0.2661 -0.7370
vn -0.5420 -0.3177 -0.7780
vn -0.5467 -0.1563 -0.8226
vn -0.5421 -0.3177 -0.7780
vn -0.3172 -0.7559 -0.5727
vn -0.3852 -0.8189 -0.4255
vn -0.0031 -0.5255 -0.8508
vn 0.0973 -0.5068 -0.8566
vn -0.5433 -0.1057 -0.8329
vn -0.5442 -0.1418 -0.8269
vn -0.5224 -0.3917 -0.7574
vn -0.2796 0.8909 -0.3579
vn -0.3757 0.6179 -0.6907
vn 0.4511 0.7440 -0.4930
vn 0.1107 0.5619 -0.8198
vn 0.0244 0.5383 -0.8424
vn 0.4946 0.7758 -0.3918
vn -0.5514 -0.1119 -0.8267
vn -0.5452 -0.0693 -0.8354
vn -0.5452 -0.0699 -0.8354
vn -0.5514 -0.1130 -0.8265
vn -0.5369 -0.3183 -0.7813
vn 0.5250 -0.1682 -0.8343
vn 0.5261 -0.1541 -0.8364
vn 0.4732 -0.4867 -0.7343
vn 0.5307 -0.1021 -0.8414
vn 0.5320 -0.0738 -0.8435
vn 0.7052 0.4285 -0.5649
vn 0.1090 -0.3980 -0.9109
vn 0.1090 -0.3979 -0.9109
vn 0.0396 -0.4682 -0.8827
vn -0.5418 -0.1698 -0.8232
vn -0.5388 -0.1854 -0.8218
vn -0.4885 -0.5045 -0.7119
vn -0.6470 -0.1698 -0.7433
vn -0.6371 -0.2317 -0.7351
vn -0.6766 -0.6014 -0.4249
vn 0.5307 -0.1034 -0.8412
vn 0.5052 -0.3883 -0.7707
vn 0.0397 -0.4685 -0.8826
vn -0.0592 -0.5600 -0.8264
vn 0.1865 -0.5872 -0.7877
vn -0.7161 0.4182 -0.5589
vn -0.5449 -0.1335 -0.8278
vn -0.5432 -0.1055 -0.8329
vn -0.5448 -0.1346 -0.8277
vn -0.5207 -0.3830 -0.7630
vn 0.5238 -0.1809 -0.8324
vn 0.5251 -0.1669 -0.8345
vn -0.6469 -0.1692 -0.7436
vn -0.6552 0.2661 -0.7071
vn -0.6371 -0.2311 -0.7354
vn 0.5319 -0.0749 -0.8435
vn 0.5173 -0.3216 -0.7931
vn 0.0672 0.5549 -0.8292
vn -0.1795 0.4289 -0.8853
vn 0.0595 0.5513 -0.8322
vn -0.2356 0.4000 -0.8857
vn 0.2361 0.6170 -0.7507
vn -0.5446 -0.1767 -0.8199
vn -0.6993 0.3679 -0.6128
vn -0.5432 -0.1546 -0.8253
vn 0.5590 0.1707 -0.8114
vn 0.5184 0.4606 -0.7205
vn 0.5605 0.1567 -0.8132
vn 0.5305 -0.1093 -0.8406
vn 0.5238 -0.1820 -0.8322
vn 0.5250 -0.1681 -0.8343
vn 0.4653 -0.5083 -0.7247
vn 0.5591 0.1696 -0.8116
vn 0.6109 -0.2946 -0.7348
vn 0.6219 -0.3406 -0.7052
vn 0.5606 0.1556 -0.8133
vn 0.2468 -0.7705 -0.5877
vn 0.5489 -0.2262 -0.8047
vn 0.5439 -0.2271 -0.8078
vn 0.2409 -0.7759 -0.5831
vn -0.5431 -0.1557 -0.8251
vn -0.5446 -0.1777 -0.8196
vn -0.4966 -0.4831 -0.7211
vn -0.2367 0.3996 -0.8856
vn -0.6834 0.4396 -0.5828
vn -0.1800 0.4285 -0.8854
vn -0.7789 0.4536 -0.4330
vn 0.5692 0.1935 -0.7991
vn 0.5283 0.4705 -0.7068
vn 0.5701 0.1864 -0.8002
vn 0.5291 -0.1315 -0.8383
vn 0.5303 -0.1104 -0.8406
vn 0.4985 -0.3958 -0.7713
vn 0.2206 -0.5608 -0.7980
vn -0.3378 -0.6992 -0.6300
vn -0.3397 -0.7030 -0.6248
vn 0.2069 -0.5628 -0.8003
vn -0.3278 0.5920 -0.7363
vn 0.1622 0.6680 -0.7263
vn 0.2151 0.6740 -0.7067
vn -0.2383 0.4326 -0.8695
vn -0.0347 0.6080 -0.7932
vn -0.2652 0.4087 -0.8733
vn -0.0627 0.5767 -0.8145
vn -0.5520 -0.1048 -0.8273
vn -0.5501 -0.0692 -0.8322
vn -0.5502 -0.0697 -0.8321
vn -0.5520 -0.1060 -0.8271
vn -0.5398 -0.3084 -0.7833
vn 0.2447 0.8149 -0.5254
vn -0.0780 0.6237 -0.7777
vn -0.3677 0.5207 -0.7705
vn 0.5313 -0.0881 -0.8426
vn 0.6835 0.3715 -0.6283
vn 0.5286 -0.0596 -0.8468
vn 0.5693 0.1923 -0.7993
vn 0.6747 -0.3745 -0.6360
vn 0.6799 -0.3999 -0.6147
vn 0.5702 0.1854 -0.8003
vn 0.0234 0.5378 -0.8427
vn -0.3346 0.4499 -0.8280
vn -0.5298 0.4121 -0.7412
vn 0.1097 0.5614 -0.8203
vn 0.5700 0.1865 -0.8002
vn 0.5340 0.4542 -0.7131
vn 0.5708 0.1795 -0.8012
vn 0.5314 -0.0891 -0.8424
vn 0.5286 -0.0602 -0.8467
vn 0.5246 -0.2857 -0.8020
vn 0.5621 0.1789 -0.8075
vn 0.4990 0.5228 -0.6911
vn 0.5701 0.1852 -0.8004
vn 0.6319 -0.2722 -0.7257
vn 0.6376 -0.3262 -0.6979
vn 0.5710 0.1784 -0.8013
vn -0.5084 0.4240 -0.7496
vn -0.5690 0.2135 -0.7941
vn -0.5313 0.3652 -0.7644
vn -0.4609 0.5113 -0.7254
vn -0.5049 0.4410 -0.7420
vn -0.4801 0.4875 -0.7293
vn -0.5049 0.4411 -0.7420
vn -0.5449 -0.1334 -0.8278
vn -0.6993 0.3679 -0.6129
vn -0.5437 -0.0973 -0.8336
vn -0.5437 -0.0986 -0.8335
vn -0.5222 -0.3768 -0.7651
vn 0.5244 -0.1739 -0.8335
vn -0.5253 -0.1550 -0.8367
vn -0.5143 -0.1971 -0.8346
vn 0.5244 -0.1750 -0.8333
vn 0.4670 -0.5026 -0.7275
vn 0.5622 0.1778 -0.8077
vn 0.6724 -0.4374 -0.5971
vn 0.6759 -0.4396 -0.5916
vn 0.5623 0.1778 -0.8076
vn -0.6074 0.1228 -0.7849
vn -0.4915 -0.3480 -0.7983
vn -0.4886 -0.3543 -0.7974
vn -0.6074 0.1227 -0.7849
vn -0.2662 0.4082 -0.8732
vn -0.6205 0.2890 -0.7290
vn -0.2387 0.4323 -0.8696
vn -0.6411 0.2882 -0.7113
vn 0.1401 0.9236 -0.3570
vn -0.1049 0.7810 -0.6157
vn -0.4275 0.4934 -0.7575
vn -0.3039 0.5799 -0.7559
vn -0.4275 0.4931 -0.7577
vn -0.5655 0.4491 -0.6917
vn -0.6296 0.2389 -0.7393
vn -0.5829 0.4042 -0.7049
vn -0.6297 0.2324 -0.7412
vn -0.0278 0.6547 -0.7554
vn -0.1507 0.6386 -0.7546
vn -0.3684 0.6201 -0.6926
vn -0.1663 0.6325 -0.7565
vn -0.0785 0.6234 -0.7779
vn 0.6257 0.2690 -0.7322
vn 0.6282 0.2554 -0.7350
vn 0.5600 0.3854 -0.7334
vn -0.6297 0.2389 -0.7392
vn -0.5951 -0.1488 -0.7897
vn -0.5763 -0.2197 -0.7871
vn -0.4874 0.6357 -0.5986
vn 0.1029 0.6101 -0.7856
vn -0.4956 0.6367 -0.5908
vn 0.0880 0.6071 -0.7898
vn -0.3509 0.4629 -0.8140
vn -0.8071 0.0298 -0.5897
vn -0.8010 0.0354 -0.5976
vn -0.3611 0.4529 -0.8152
vn 0.4488 -0.4776 -0.7553
vn 0.5885 0.0912 -0.8033
vn 0.4705 -0.4261 -0.7727
vn 0.5886 0.0913 -0.8033
vn -0.3391 0.6479 -0.6821
vn -0.5103 0.4587 -0.7275
vn -0.3669 0.6163 -0.6968
vn -0.5103 0.4586 -0.7275
vn 0.5916 -0.0164 -0.8060
vn 0.5239 -0.3133 -0.7921
vn 0.5916 -0.0237 -0.8059
vn 0.5251 -0.3067 -0.7939
vn 0.5916 -0.0165 -0.8060
vn 0.5730 -0.1325 -0.8088
vn 0.5660 -0.1610 -0.8085
vn 0.7330 0.4623 -0.4989
vn 0.6284 0.2543 -0.7351
vn 0.6259 0.2679 -0.7324
vn -0.6276 0.2731 -0.7291
vn -0.6276 0.2725 -0.7293
vn -0.6276 0.2730 -0.7291
vn -0.3603 0.4538 -0.8150
vn -0.1522 0.6846 -0.7129
vn -0.3502 0.4638 -0.8138
vn -0.4911 -0.3484 -0.7984
vn -0.5251 -0.1555 -0.8367
vn -0.4889 -0.3551 -0.7968
vn 0.4569 -0.3783 -0.8051
vn 0.4940 -0.3215 -0.8078
vn 0.3747 -0.4908 -0.7866
vn 0.4575 -0.3775 -0.8051
vn 0.5657 -0.1620 -0.8086
vn 0.4944 -0.3209 -0.8078
vn 0.5728 -0.1330 -0.8088
vn -0.6755 0.1325 -0.7254
vn -0.5547 -0.3736 -0.7435
vn -0.5492 -0.3864 -0.7410
vn 0.6088 0.1070 -0.7861
vn 0.6052 0.1502 -0.7818
vn 0.5371 0.5167 -0.6667
vn -0.7259 0.0668 -0.6846
vn -0.7217 0.0431 -0.6909
vn -0.8951 0.2656 -0.3582
vn 0.6894 -0.2458 -0.6814
vn 0.9321 -0.1001 -0.3482
vn 0.6830 -0.2610 -0.6822
vn 0.9151 -0.1237 -0.3837
vn 0.6065 0.1356 -0.7834
vn 0.6031 0.1660 -0.7802
vn 0.5445 0.5092 -0.6665
vn 0.5600 -0.1712 -0.8106
vn 0.5860 -0.1867 -0.7885
vn 0.5377 0.2114 -0.8162
vn 0.5111 0.1313 -0.8494
vn -0.5111 0.4578 -0.7275
vn -0.5107 0.4582 -0.7275
vn -0.5686 0.3842 -0.7274
vn -0.5687 0.3841 -0.7274
vn 0.6165 -0.3212 -0.7188
vn 0.6363 -0.3185 -0.7027
vn 0.6015 0.1626 -0.7822
vn 0.5882 0.0905 -0.8036
vn 0.5381 0.1924 -0.8206
vn 0.5392 0.2145 -0.8144
vn 0.5155 0.4435 -0.7332
vn 0.6498 -0.6118 -0.4511
vn 0.7058 -0.5194 -0.4818
vn 0.5682 -0.2054 -0.7968
vn 0.5469 -0.3446 -0.7630
vn 0.5867 -0.3420 -0.7341
vn 0.6039 -0.3434 -0.7193
vn 0.5805 0.1178 -0.8057
vn 0.5686 0.0391 -0.8217
vn 0.5847 0.0774 -0.8075
vn 0.5818 0.1207 -0.8043
vn 0.5250 0.4676 -0.7111
vn -0.6176 0.3425 -0.7080
vn -0.6175 0.3427 -0.7080
vn 0.6093 0.2168 -0.7627
vn 0.5770 0.4017 -0.7112
vn 0.6167 0.1952 -0.7626
vn 0.6286 -0.3559 -0.6915
vn 0.6468 -0.3422 -0.6816
vn 0.6368 0.1206 -0.7615
vn 0.6232 0.0240 -0.7817
vn 0.6221 0.3130 -0.7176
vn 0.5378 0.4527 -0.7112
vn 0.6195 0.1798 -0.7642
vn 0.6912 0.3365 -0.6396
vn 0.6573 0.1747 -0.7331
vn 0.6838 0.3569 -0.6364
vn 0.7136 0.5929 -0.3731
vn -0.8895 -0.2960 -0.3482
vn -0.8750 -0.3069 -0.3744
vn -0.5947 -0.3991 -0.6979
vn -0.4927 -0.3554 -0.7943
vn -0.0632 -0.8098 -0.5833
vn -0.0631 -0.8098 -0.5833
vn -0.4840 -0.3616 -0.7969
vn -0.5306 -0.6229 -0.5749
vn -0.6093 -0.0194 -0.7927
vn -0.5995 -0.0438 -0.7992
vn 0.6122 -0.3460 0.7110
vn 0.6965 -0.5810 0.4211
vn 0.6548 -0.6307 0.4164
vn 0.5861 -0.4433 0.6782
vn 0.7004 0.7137 -0.0000
vn 0.7004 0.7138 -0.0004
vn 0.7128 -0.7014 0.0004
vn 0.7128 -0.7014 -0.0000
vt 26.064100 -43.242298
vt 26.000099 -43.333900
vt 26.077101 -43.327900
vt 26.000099 -43.236198
vt 25.945900 -43.242298
vt 25.932899 -43.327900
vt 25.857300 -43.315800
vt 25.908899 -43.250000
vt 26.152700 -43.315800
vt 26.101101 -43.250000
vt 26.158800 -43.279900
vt 26.155600 -43.206200
vt 26.098000 -43.240898
vt 26.073099 -43.320599
vt 25.999300 -43.420300
vt 26.088100 -43.417198
vt 25.999300 -43.307701
vt 25.936899 -43.320599
vt 25.921900 -43.417198
vt 26.200701 -43.239498
vt 25.841600 -43.403400
vt 25.901100 -43.336899
vt 26.157600 -43.403400
vt 26.098101 -43.336899
vt 25.851200 -43.279900
vt 25.912001 -43.240898
vt 25.848101 -43.206200
vt 26.168501 -43.336102
vt 26.151199 -43.245399
vt 26.098400 -43.317699
vt 25.786301 -43.314899
vt 25.834499 -43.336102
vt 25.843800 -43.245399
vt 25.904600 -43.317699
vt 26.216700 -43.314899
vt 26.000000 -42.736698
vt 25.940500 -42.738800
vt 26.000000 -42.747799
vt 25.950001 -42.712299
vt 26.059500 -42.738800
vt 26.049999 -42.712299
vt 26.000000 -42.751598
vt 25.959000 -42.777699
vt 26.000000 -42.777699
vt 26.041000 -42.777699
vt 26.000000 -43.415699
vt 25.881100 -43.494999
vt 26.000000 -43.499599
vt 25.875200 -43.417000
vt 26.124800 -43.417000
vt 26.118900 -43.494999
vt 26.125601 -42.967701
vt 26.106501 -43.025200
vt 26.159300 -42.973701
vt 25.903700 -43.025200
vt 25.884701 -42.967701
vt 25.850901 -42.973701
vt 26.000000 -42.694401
vt 26.071800 -43.090302
vt 26.000401 -43.159401
vt 26.076099 -43.153500
vt 26.000401 -43.089298
vt 25.933901 -43.153500
vt 25.938200 -43.090302
vt 26.142000 -43.082199
vt 26.174101 -43.123901
vt 25.835899 -43.123901
vt 25.868000 -43.082199
vt 26.000000 -43.198299
vt 25.882099 -43.275299
vt 26.000000 -43.279099
vt 25.881399 -43.200699
vt 26.118601 -43.200699
vt 26.117901 -43.275299
vt 26.000000 -42.702099
vt 25.964800 -42.720200
vt 26.000000 -42.728802
vt 25.974800 -42.695999
vt 26.035200 -42.720200
vt 26.025200 -42.695999
vt 26.000000 -42.653099
vt 25.954201 -42.668098
vt 26.000000 -42.682098
vt 25.961399 -42.643700
vt 26.045799 -42.668098
vt 26.038601 -42.643700
vt 25.976999 -42.685398
vt 26.000000 -42.714298
vt 26.000000 -42.685902
vt 25.965500 -42.714298
vt 26.023001 -42.685398
vt 26.034500 -42.714298
vt 26.122801 -43.493999
vt 26.069599 -43.388302
vt 25.986000 -43.499699
vt 25.986000 -43.391899
vt 25.938000 -43.388302
vt 25.897699 -43.493999
vt 25.920401 -43.387100
vt 25.866800 -43.477299
vt 26.083000 -43.387100
vt 26.143801 -43.477299
vt 26.003000 -42.685101
vt 26.003000 -42.606098
vt 25.937599 -42.613098
vt 25.941299 -42.684799
vt 26.056801 -42.684799
vt 26.060499 -42.613098
vt 26.000000 -42.615200
vt 25.971701 -42.607899
vt 26.147600 -43.022800
vt 26.094101 -43.049500
vt 26.091200 -43.031700
vt 26.137199 -42.964600
vt 26.112801 -42.690800
vt 26.140499 -42.647900
vt 25.915899 -43.049500
vt 25.862400 -43.022800
vt 25.918800 -43.031700
vt 25.867001 -42.964600
vt 26.028299 -42.607899
vt 25.865101 -42.647900
vt 25.892900 -42.690800
vt 26.000000 -43.328201
vt 26.000000 -43.226898
vt 25.908001 -43.220402
vt 25.884399 -43.320000
vt 26.115601 -43.320000
vt 26.091999 -43.220402
vt 26.053499 -43.382301
vt 26.122299 -43.431198
vt 26.124500 -43.349701
vt 25.946501 -43.382301
vt 25.875500 -43.349701
vt 25.877701 -43.431198
vt 26.002899 -42.687401
vt 26.002899 -42.613602
vt 25.941799 -42.620201
vt 25.945299 -42.687099
vt 26.053200 -42.687099
vt 26.056601 -42.620201
vt 26.070200 -43.432999
vt 26.155100 -43.487999
vt 26.095800 -43.432899
vt 25.844900 -43.487999
vt 25.929800 -43.432999
vt 25.904200 -43.432899
vt 26.105400 -42.692699
vt 26.131300 -42.652699
vt 25.874201 -42.652699
vt 25.900101 -42.692699
vt 26.052601 -43.220100
vt 26.116199 -43.272999
vt 26.118099 -43.198002
vt 25.947399 -43.220100
vt 25.881901 -43.198002
vt 25.883801 -43.272999
vt 26.003201 -42.684101
vt 26.003201 -42.597099
vt 25.931200 -42.604900
vt 25.935200 -42.683701
vt 26.062401 -42.683701
vt 26.066401 -42.604900
vt 26.125000 -43.278099
vt 26.090000 -43.228001
vt 26.069799 -43.228699
vt 25.875000 -43.278099
vt 25.930201 -43.228699
vt 25.910000 -43.228001
vt 26.123899 -42.690399
vt 26.154400 -42.643200
vt 25.851500 -42.643200
vt 25.882000 -42.690399
vt 25.951700 -42.753201
vt 26.003000 -42.767399
vt 26.046400 -42.753201
vt 25.934299 -42.735401
vt 25.885300 -42.726398
vt 26.071400 -42.735401
vt 26.068899 -42.721401
vt 26.117701 -42.726398
vt 25.891500 -42.784599
vt 25.934099 -42.721401
vt 26.117201 -42.784599
vt 25.779400 -43.100101
vt 25.839399 -43.153500
vt 25.875200 -43.088799
vt 26.220600 -43.100101
vt 26.124800 -43.088799
vt 26.160601 -43.153500
vt 25.955000 -42.750900
vt 26.002899 -42.764198
vt 26.043400 -42.750900
vt 25.938801 -42.734299
vt 25.893101 -42.725899
vt 25.892500 -42.780201
vt 25.938601 -42.721298
vt 26.066700 -42.734299
vt 26.064400 -42.721298
vt 26.109900 -42.725899
vt 26.115700 -42.780201
vt 25.946699 -42.758999
vt 26.003201 -42.774601
vt 26.050900 -42.758999
vt 25.927601 -42.739399
vt 25.873699 -42.729500
vt 26.078400 -42.739399
vt 26.075701 -42.723999
vt 26.129299 -42.729500
vt 25.893299 -42.793499
vt 25.927299 -42.723999
vt 26.115900 -42.793499
vt 26.129900 -43.194599
vt 26.164801 -43.170399
vt 26.107500 -43.105099
vt 25.892500 -43.105099
vt 25.835199 -43.170399
vt 25.870100 -43.194599
vt 26.000000 -43.196899
vt 26.000000 -43.106300
vt 25.892200 -42.784599
vt 26.116400 -42.784599
vt 26.121500 -43.015598
vt 26.189600 -43.027302
vt 26.154499 -42.989601
vt 26.129000 -43.074600
vt 25.820400 -43.027302
vt 25.888500 -43.015598
vt 25.855499 -42.989601
vt 25.881001 -43.074600
vt 26.114901 -42.780201
vt 25.893299 -42.780201
vt 25.896700 -42.793499
vt 26.112400 -42.793499
vt 26.100500 -42.951500
vt 26.000000 -43.028301
vt 26.000000 -42.952000
vt 25.909500 -42.951500
vt 25.821199 -43.016201
vt 25.867001 -43.005402
vt 25.848499 -42.988701
vt 25.858999 -43.048401
vt 26.129601 -43.005402
vt 26.182699 -43.013901
vt 26.155300 -42.986401
vt 26.137600 -43.048401
vt 25.844200 -42.927700
vt 25.905800 -42.931999
vt 25.848301 -42.862598
vt 26.102200 -42.950500
vt 26.160700 -42.927700
vt 26.099100 -42.931999
vt 26.154400 -42.862598
vt 25.907801 -42.950500
vt 25.893101 -42.784599
vt 26.115499 -42.784599
vt 26.061800 -42.952702
vt 26.000200 -43.025700
vt 26.074301 -43.013699
vt 26.000200 -42.953300
vt 25.948099 -42.952702
vt 25.935600 -43.013699
vt 25.906000 -42.951698
vt 25.845501 -42.930099
vt 25.852800 -42.988899
vt 25.906500 -42.934200
vt 25.849501 -42.868198
vt 26.104000 -42.951698
vt 26.159300 -42.930099
vt 26.157200 -42.988899
vt 26.098301 -42.934200
vt 26.153099 -42.868198
vt 26.128599 -43.183701
vt 25.871401 -43.183701
vt 26.107201 -42.958599
vt 26.001301 -43.014599
vt 26.001301 -42.959000
vt 25.889500 -42.958599
vt 26.117901 -42.780201
vt 25.890301 -42.780201
vt 25.936899 -42.924301
vt 25.999300 -42.996899
vt 25.999300 -42.910099
vt 26.073099 -42.924301
vt 25.809299 -42.899502
vt 25.851200 -42.929100
vt 25.855000 -42.849602
vt 25.889400 -42.960201
vt 25.879601 -42.944401
vt 26.114500 -42.957901
vt 26.123501 -42.944401
vt 26.200701 -42.899502
vt 26.148701 -42.849602
vt 26.158800 -42.929100
vt 26.113501 -42.793499
vt 25.895700 -42.793499
vt 26.168501 -42.916100
vt 26.151199 -42.842098
vt 26.098400 -42.921101
vt 25.901100 -42.942101
vt 25.834499 -42.916100
vt 25.841600 -42.986599
vt 25.904600 -42.921101
vt 25.843800 -42.842098
vt 26.098101 -42.942101
vt 26.157600 -42.986599
vt 26.160601 -43.381802
vt 25.839399 -43.381802
vt 26.098000 -42.901501
vt 25.912001 -42.901501
vt 26.035101 -42.980900
vt 26.072701 -42.945301
vt 26.051201 -42.923901
vt 26.030001 -42.942799
vt 25.929800 -42.953098
vt 25.967899 -42.987301
vt 25.971100 -42.953400
vt 25.948500 -42.934502
vt 26.032101 -42.987301
vt 26.070200 -42.953098
vt 26.051500 -42.934502
vt 26.028900 -42.953400
vt 26.021099 -42.902901
vt 26.000000 -42.906700
vt 26.000000 -42.949501
vt 26.077101 -42.991600
vt 26.152700 -42.979099
vt 26.101101 -42.915298
vt 26.064100 -42.903702
vt 25.857300 -42.979099
vt 25.932899 -42.991600
vt 25.908899 -42.915298
vt 25.945900 -42.903702
vt 26.000099 -42.995998
vt 26.000099 -42.894402
vt 25.943800 -42.911098
vt 25.945801 -42.878399
vt 25.919300 -42.910198
vt 25.969999 -42.942799
vt 25.978901 -42.902901
vt 26.056200 -42.911098
vt 26.080700 -42.910198
vt 26.054199 -42.878399
vt 26.024900 -42.900799
vt 26.059000 -42.897598
vt 26.052500 -42.859600
vt 26.026800 -42.898102
vt 25.975100 -42.900799
vt 25.973200 -42.898102
vt 25.947500 -42.859600
vt 25.941000 -42.897598
vt 25.948799 -42.923901
vt 25.931400 -42.951401
vt 25.966101 -42.981800
vt 25.970699 -42.950001
vt 25.951000 -42.933601
vt 26.033899 -42.981800
vt 26.068600 -42.951401
vt 26.049000 -42.933601
vt 26.029301 -42.950001
vt 25.927900 -42.943401
vt 25.965599 -42.979099
vt 25.969101 -42.943298
vt 25.946600 -42.923100
vt 26.034401 -42.979099
vt 26.072100 -42.943401
vt 26.053400 -42.923100
vt 26.030899 -42.943298
vt 26.023100 -42.918400
vt 26.029600 -42.915001
vt 25.976900 -42.918400
vt 25.970400 -42.915001
vt 26.057699 -42.909302
vt 26.032101 -42.910000
vt 25.967899 -42.910000
vt 25.942301 -42.909302
vt 26.049700 -42.874199
vt 26.000000 -42.959499
vt 26.000000 -42.922699
vt 25.950300 -42.874199
vt 26.042000 -42.938400
vt 26.027700 -42.894901
vt 26.000000 -42.899101
vt 26.000000 -42.945702
vt 25.958000 -42.938400
vt 25.972300 -42.894901
vt 26.000000 -42.955601
vt 26.000000 -42.918999
vt 25.978600 -42.915699
vt 26.055799 -42.917500
vt 25.944201 -42.917500
vt 26.027000 -42.911301
vt 25.973000 -42.911301
vt 26.030399 -42.897301
vt 26.062000 -42.895802
vt 26.057501 -42.859299
vt 25.969601 -42.897301
vt 25.942499 -42.859299
vt 25.938000 -42.895802
vt 26.021400 -42.915699
vt 26.025000 -42.913799
vt 25.975000 -42.913799
vt 26.022800 -42.904202
vt 26.000000 -42.908298
vt 26.000000 -42.950001
vt 25.977200 -42.904202
vt 26.027700 -42.901299
vt 25.972300 -42.901299
vt 24.403900 -42.910198
vt 24.379200 -42.910500
vt 24.376301 -42.932899
vt 24.403400 -42.951401
vt 27.596201 -43.000000
vt 27.630800 -42.970699
vt 27.596100 -42.978600
vt 27.596100 -43.021400
vt 27.630800 -43.029301
vt 24.803400 -43.071800
vt 24.812901 -43.141998
vt 24.870300 -43.094101
vt 24.871700 -43.059799
vt 24.812901 -42.868000
vt 24.803400 -42.938202
vt 24.870300 -42.915901
vt 24.871700 -42.950199
vt 24.796301 -43.000401
vt 24.872900 -43.000401
vt 26.840000 -42.922600
vt 26.767799 -42.901100
vt 26.767700 -42.936901
vt 26.830601 -42.843399
vt 26.840000 -43.087299
vt 26.848101 -42.999298
vt 26.767700 -43.073101
vt 26.767799 -43.098099
vt 26.830601 -43.155701
vt 26.837299 -42.976200
vt 26.827700 -43.000000
vt 26.864700 -43.000000
vt 26.814501 -42.986900
vt 26.814501 -43.013100
vt 26.776899 -43.000000
vt 26.837299 -43.023800
vt 24.708200 -43.000000
vt 24.696501 -42.983601
vt 24.655399 -43.000000
vt 24.547300 -43.103298
vt 24.478201 -43.160900
vt 24.548901 -43.165501
vt 26.495701 -42.905998
vt 26.555901 -42.936199
vt 26.548100 -42.854401
vt 26.555901 -43.073700
vt 26.495701 -43.104000
vt 26.548100 -43.155499
vt 24.348801 -43.000000
vt 24.333200 -42.979801
vt 24.283100 -43.000000
vt 25.057800 -43.000000
vt 25.044500 -42.986900
vt 25.006901 -43.000000
vt 25.152100 -43.000000
vt 25.087799 -42.881401
vt 25.075899 -43.000000
vt 25.164101 -42.886799
vt 25.087799 -43.118599
vt 25.164101 -43.113201
vt 26.934099 -42.853001
vt 26.897301 -42.809299
vt 26.855900 -42.855000
vt 25.083099 -43.000000
vt 25.014500 -42.875198
vt 25.004999 -43.000000
vt 25.092699 -42.882401
vt 25.014500 -43.124802
vt 25.092699 -43.117599
vt 24.897699 -43.000000
vt 24.884501 -42.984501
vt 24.846901 -43.000000
vt 26.934099 -43.157001
vt 26.855900 -43.148701
vt 26.897301 -43.200699
vt 24.534401 -43.076500
vt 24.462400 -43.101101
vt 24.523001 -43.151100
vt 24.449200 -43.064098
vt 24.534401 -42.933498
vt 24.462400 -42.908901
vt 24.449200 -42.945900
vt 24.523001 -42.858898
vt 24.548901 -42.839401
vt 24.547300 -42.901600
vt 24.566401 -42.903702
vt 24.610800 -42.850899
vt 24.478201 -42.841702
vt 26.988001 -42.933498
vt 26.910500 -42.908901
vt 26.900700 -42.945900
vt 26.976500 -42.858898
vt 26.988001 -43.076500
vt 26.910500 -43.101101
vt 26.976500 -43.151100
vt 26.900700 -43.064098
vt 26.899000 -43.098000
vt 24.696501 -43.016399
vt 24.724400 -43.029900
vt 24.750900 -43.000000
vt 26.899000 -42.911999
vt 26.993099 -43.000099
vt 26.892900 -43.000099
vt 25.044500 -43.013100
vt 25.067301 -43.023800
vt 25.094700 -43.000000
vt 24.537500 -43.000099
vt 24.438801 -43.000099
vt 26.062300 -42.837399
vt 25.996799 -42.779400
vt 26.007200 -42.844898
vt 24.724400 -42.970100
vt 26.007200 -43.155102
vt 25.996799 -43.220600
vt 26.062300 -43.162601
vt 24.469101 -43.157001
vt 24.389000 -43.155602
vt 24.444700 -43.200699
vt 24.884501 -43.015499
vt 24.907301 -43.028301
vt 24.934700 -43.000000
vt 25.067301 -42.976200
vt 25.393299 -43.091999
vt 25.496201 -43.000000
vt 25.390400 -43.000000
vt 25.493601 -43.116798
vt 25.393299 -42.908001
vt 25.493601 -42.883202
vt 24.333200 -43.020199
vt 24.365700 -43.036701
vt 24.399700 -43.000000
vt 25.927299 -42.875198
vt 25.927299 -43.124802
vt 24.469101 -42.853001
vt 24.444700 -42.809299
vt 24.389000 -42.848099
vt 25.379200 -43.120300
vt 25.370100 -43.052601
vt 25.293200 -43.118000
vt 25.379200 -42.879700
vt 25.293200 -42.882000
vt 25.370100 -42.947399
vt 24.907301 -42.971699
vt 24.610800 -43.159302
vt 24.566401 -43.106499
vt 24.446899 -42.911999
vt 24.750999 -42.959301
vt 24.794300 -43.000000
vt 24.750999 -43.040699
vt 26.009600 -43.095798
vt 26.009600 -42.904202
vt 24.365700 -42.963299
vt 26.116899 -43.000000
vt 26.018499 -42.892502
vt 26.022600 -43.000000
vt 26.117399 -42.868698
vt 26.117399 -43.131302
vt 26.018499 -43.107498
vt 26.002800 -43.070202
vt 26.002800 -42.929798
vt 24.446899 -43.098000
vt 25.183901 -42.779400
vt 25.134501 -42.835201
vt 25.189501 -42.839401
vt 25.087999 -42.788898
vt 25.134501 -43.164799
vt 25.183901 -43.220600
vt 25.189501 -43.160599
vt 25.087999 -43.211102
vt 25.292601 -42.832001
vt 25.227100 -42.875500
vt 25.328400 -42.877701
vt 25.292601 -43.167999
vt 25.328400 -43.122299
vt 25.227100 -43.124500
vt 25.437099 -43.130600
vt 25.437099 -42.869400
vt 25.315500 -43.069599
vt 25.442101 -42.986000
vt 25.318501 -42.986000
vt 25.433901 -43.091702
vt 25.433901 -42.921200
vt 25.315500 -42.938000
vt 25.299500 -43.053501
vt 25.299500 -42.946499
vt 26.442900 -42.852798
vt 26.434500 -42.935600
vt 26.434500 -43.074299
vt 26.442900 -43.157200
vt 25.383900 -42.866501
vt 25.314800 -42.920399
vt 25.413200 -42.879200
vt 25.413200 -43.127201
vt 25.314800 -43.083000
vt 25.383900 -43.133499
vt 26.686199 -42.999298
vt 26.694500 -42.921902
vt 26.694500 -43.088100
vt 24.400000 -43.166302
vt 24.318001 -43.151199
vt 24.348700 -43.216599
vt 26.704599 -42.841599
vt 26.704599 -43.157600
vt 24.400000 -42.836700
vt 24.348700 -42.786301
vt 24.318001 -42.843800
vt 25.161900 -43.097301
vt 25.170799 -43.095798
vt 25.254000 -43.124802
vt 25.177601 -43.070202
vt 25.170799 -42.904202
vt 25.161900 -42.902699
vt 25.177601 -42.929798
vt 25.254000 -42.875198
vt 24.927000 -43.071301
vt 24.919901 -43.140499
vt 24.927000 -42.938702
vt 24.919901 -42.869499
vt 24.454201 -42.999298
vt 24.351101 -42.936901
vt 24.345400 -42.999298
vt 24.446899 -42.922600
vt 24.446899 -43.087299
vt 24.351101 -43.073101
vt 24.349899 -42.904598
vt 24.358500 -43.098099
vt 24.434299 -43.155701
vt 24.349899 -43.098400
vt 24.358500 -42.901100
vt 24.434299 -42.843399
vt 27.580999 -43.279900
vt 27.537600 -43.250000
vt 27.532301 -43.315800
vt 27.555300 -43.239498
vt 27.611000 -43.206200
vt 24.322399 -42.895901
vt 24.295401 -42.895000
vt 24.291901 -42.922798
vt 24.322100 -42.943401
vt 27.680901 -43.403400
vt 27.651300 -43.314899
vt 27.606100 -43.416901
vt 27.703199 -43.336102
vt 24.492399 -42.892399
vt 24.492399 -42.889198
vt 24.460600 -42.888599
vt 24.457100 -42.917500
vt 24.492399 -42.894901
vt 27.595800 -42.777699
vt 27.622000 -42.751598
vt 27.595800 -42.751598
vt 27.383801 -42.967701
vt 27.433599 -43.025200
vt 27.453300 -43.025398
vt 27.614401 -42.712299
vt 27.668301 -42.694401
vt 27.634300 -42.680500
vt 27.666800 -42.660500
vt 27.682501 -42.673199
vt 24.492399 -42.940800
vt 24.448299 -42.938400
vt 24.492399 -42.980000
vt 24.587999 -42.908401
vt 24.563700 -42.909302
vt 24.560699 -42.934502
vt 24.587999 -42.953098
vt 24.322599 -42.859299
vt 24.492399 -42.887798
vt 24.682199 -42.896900
vt 24.652901 -42.897598
vt 24.649799 -42.923901
vt 24.682199 -42.945301
vt 27.127701 -43.029099
vt 27.187099 -43.082199
vt 27.175200 -43.022800
vt 27.137400 -43.123901
vt 24.492399 -42.846901
vt 25.023500 -42.910400
vt 25.041800 -42.972801
vt 25.102699 -42.899502
vt 25.065901 -42.868500
vt 27.455299 -43.023300
vt 27.461300 -43.072201
vt 27.521799 -43.017200
vt 24.714600 -42.923901
vt 24.711500 -42.897598
vt 24.587999 -42.874199
vt 24.682199 -42.859600
vt 25.324900 -42.727402
vt 25.325300 -42.643200
vt 25.271099 -42.689602
vt 25.276600 -42.727600
vt 25.232599 -43.029598
vt 25.232100 -42.917999
vt 25.169399 -42.987301
vt 25.175800 -42.917900
vt 27.249001 -42.663101
vt 27.269699 -42.714100
vt 27.284100 -42.683701
vt 27.223000 -42.688599
vt 27.115499 -42.589401
vt 27.120100 -42.615200
vt 27.128799 -42.597500
vt 27.092699 -42.607899
vt 27.077900 -42.643700
vt 27.115299 -42.653099
vt 26.729300 -43.431198
vt 26.772900 -43.349701
vt 26.707399 -43.381401
vt 27.275600 -42.638500
vt 27.302099 -42.652401
vt 26.684900 -42.724499
vt 26.734200 -42.690800
vt 26.685301 -42.647900
vt 26.728600 -42.726398
vt 26.849600 -43.213200
vt 26.824499 -43.273602
vt 26.871401 -43.275299
vt 26.912201 -43.200699
vt 27.451099 -42.973999
vt 25.147900 -42.564999
vt 25.135300 -42.521999
vt 25.110500 -42.555599
vt 25.162701 -42.529202
vt 26.985500 -43.417000
vt 26.877899 -43.488201
vt 26.932699 -43.494999
vt 26.912001 -43.424301
vt 26.816099 -43.435699
vt 26.906500 -42.654301
vt 26.931101 -42.625900
vt 26.908100 -42.625401
vt 26.940901 -42.654301
vt 25.115200 -42.646099
vt 25.102100 -42.715599
vt 25.136499 -42.715599
vt 25.138100 -42.646599
vt 25.142300 -42.629299
vt 25.089701 -42.629002
vt 27.121000 -42.964600
vt 25.231701 -42.842098
vt 26.651699 -43.272999
vt 26.706800 -43.198002
vt 26.636999 -43.220200
vt 26.955299 -42.593102
vt 26.932699 -42.547901
vt 26.917900 -42.583698
vt 26.960100 -42.555199
vt 26.912300 -42.608101
vt 26.957500 -42.622101
vt 27.303499 -42.624901
vt 27.315201 -42.636398
vt 25.368500 -43.016201
vt 25.368200 -42.942501
vt 25.327999 -42.989201
vt 25.332199 -42.942402
vt 25.495001 -42.724098
vt 25.495300 -42.652699
vt 25.449301 -42.692101
vt 25.454000 -42.724300
vt 25.494699 -42.780201
vt 26.514999 -42.724098
vt 26.560900 -42.692699
vt 26.515301 -42.652699
vt 26.555700 -42.725899
vt 25.368000 -42.893799
vt 25.504700 -43.024799
vt 25.504299 -42.931702
vt 25.451900 -42.989498
vt 25.457300 -42.931499
vt 25.664900 -42.724499
vt 25.665300 -42.647900
vt 25.616100 -42.690102
vt 25.621099 -42.724602
vt 25.504000 -42.868198
vt 26.598801 -43.295399
vt 26.540501 -43.247799
vt 27.716900 -42.653599
vt 26.616501 -43.422199
vt 26.652901 -43.477299
vt 26.680500 -43.460701
vt 26.576900 -43.437500
vt 26.955500 -42.529400
vt 26.968800 -42.537498
vt 26.775900 -43.228001
vt 26.774799 -43.278099
vt 26.344900 -42.727402
vt 26.399000 -42.690399
vt 26.345301 -42.643200
vt 26.392900 -42.729500
vt 25.652700 -43.027302
vt 25.652201 -42.929298
vt 25.597099 -42.990200
vt 25.602800 -42.929199
vt 25.327999 -42.986900
vt 25.368200 -42.944401
vt 26.684999 -42.753201
vt 26.742001 -42.684799
vt 26.684999 -42.735401
vt 25.651899 -42.862598
vt 25.324499 -42.793499
vt 26.684601 -42.784599
vt 25.834900 -42.727402
vt 25.835300 -42.643200
vt 25.781099 -42.689602
vt 25.786600 -42.727600
vt 26.764500 -43.231701
vt 27.153099 -42.579102
vt 26.174900 -42.724499
vt 26.224199 -42.690800
vt 26.175301 -42.647900
vt 26.218599 -42.726398
vt 27.473499 -43.288399
vt 26.514700 -42.780201
vt 25.958900 -43.170399
vt 26.003201 -43.100101
vt 25.908501 -43.118599
vt 26.553200 -43.320000
vt 26.459101 -43.264900
vt 26.515100 -42.750900
vt 26.568300 -42.687099
vt 26.514999 -42.734299
vt 25.089500 -42.915298
vt 25.664600 -42.784599
vt 26.685200 -43.387100
vt 26.694401 -43.385899
vt 26.835899 -43.145000
vt 26.803101 -43.167400
vt 27.344601 -42.623199
vt 26.004999 -42.724098
vt 26.005301 -42.652699
vt 25.959299 -42.692101
vt 25.964001 -42.724300
vt 26.004700 -42.780201
vt 26.993099 -42.519100
vt 26.050900 -42.692699
vt 26.045700 -42.725899
vt 26.344500 -42.793499
vt 26.606701 -43.220402
vt 26.344999 -42.758999
vt 26.407700 -42.683701
vt 26.344900 -42.739399
vt 25.882601 -43.049599
vt 25.937700 -43.052299
vt 25.834499 -42.793499
vt 26.126101 -42.690102
vt 26.131100 -42.724602
vt 26.174601 -42.784599
vt 26.623400 -43.222801
vt 25.889000 -42.690399
vt 25.882900 -42.729500
vt 26.174999 -42.753201
vt 26.232000 -42.684799
vt 26.174999 -42.735401
vt 26.562901 -43.175900
vt 26.620800 -43.166199
vt 26.291100 -42.689602
vt 26.296600 -42.727600
vt 25.701500 -42.927700
vt 25.714199 -42.690800
vt 25.708599 -42.726398
vt 25.707800 -42.989601
vt 25.106400 -42.979099
vt 25.140400 -42.929100
vt 26.005100 -42.750900
vt 26.058300 -42.687099
vt 26.004999 -42.734299
vt 26.506399 -43.167000
vt 25.551100 -42.930099
vt 26.865499 -43.368900
vt 26.616100 -43.354301
vt 26.671600 -43.336601
vt 26.469299 -42.692101
vt 26.474001 -42.724300
vt 25.540899 -42.692699
vt 25.535700 -42.725899
vt 25.557100 -42.988899
vt 26.754700 -43.183701
vt 26.701900 -43.243198
vt 25.404100 -42.941299
vt 25.834999 -42.758999
vt 25.897699 -42.683701
vt 25.834900 -42.739399
vt 26.636101 -42.690102
vt 26.641100 -42.724602
vt 25.288200 -42.916100
vt 25.408701 -42.988701
vt 26.905300 -42.540699
vt 26.880501 -42.574299
vt 25.379000 -42.690399
vt 25.372900 -42.729500
vt 27.205700 -42.640400
vt 27.169100 -42.673698
vt 26.859699 -42.607700
vt 25.665001 -42.753201
vt 25.722000 -42.684799
vt 25.665001 -42.735401
vt 26.872101 -42.654301
vt 26.885201 -42.624802
vt 25.295401 -42.986599
vt 27.065300 -42.600700
vt 27.040501 -42.634300
vt 26.586800 -43.355202
vt 27.072300 -42.668098
vt 27.019699 -42.667702
vt 25.495100 -42.750900
vt 25.548300 -42.687099
vt 25.495001 -42.734299
vt 27.080099 -43.093300
vt 27.079800 -43.033699
vt 25.161100 -42.647202
vt 25.170900 -42.715599
vt 27.600300 -42.666599
vt 27.570700 -42.688000
vt 25.185499 -42.510700
vt 25.198799 -42.518799
vt 25.223101 -42.500301
vt 25.185301 -42.574402
vt 25.190100 -42.536400
vt 25.187500 -42.643398
vt 27.357100 -43.032299
vt 27.389200 -42.973701
vt 27.399401 -43.083900
vt 27.170300 -42.711700
vt 27.204500 -42.720200
vt 27.186199 -42.689899
vt 27.210600 -42.695999
vt 25.408701 -42.986401
vt 27.066500 -42.714298
vt 27.068100 -42.685398
vt 27.045200 -42.684799
vt 25.325001 -42.758999
vt 25.387699 -42.683701
vt 25.324900 -42.739399
vt 27.553101 -43.240898
vt 27.530899 -43.198101
vt 25.101000 -42.901501
vt 24.612301 -42.909302
vt 27.601601 -42.738800
vt 27.541901 -42.737000
vt 24.527599 -42.917500
vt 24.524200 -42.888599
vt 24.615299 -42.934502
vt 24.536400 -42.938400
vt 24.352600 -42.923100
vt 24.349501 -42.895802
vt 27.554800 -42.777699
vt 24.431000 -42.933601
vt 24.428600 -42.911098
vt 25.937000 -42.895000
vt 25.945801 -42.922798
vt 25.968700 -42.943199
vt 27.565701 -43.352501
vt 27.641500 -43.336899
vt 27.600000 -43.291698
vt 27.476999 -43.223499
vt 26.031300 -42.943199
vt 26.054199 -42.922798
vt 26.063000 -42.895000
vt 26.000000 -42.950100
vt 25.943800 -42.910500
vt 25.951000 -42.932899
vt 25.970699 -42.949100
vt 26.029301 -42.949100
vt 26.049000 -42.932899
vt 26.056200 -42.910500
vt 26.000000 -42.954800
vt 25.918301 -42.995800
vt 25.999901 -43.000401
vt 25.923500 -42.911800
vt 25.999901 -42.906898
vt 26.066500 -42.911800
vt 26.071699 -42.995800
vt 25.969999 -42.942902
vt 26.030001 -42.942902
vt 25.848900 -42.910400
vt 25.812599 -42.972801
vt 26.141100 -42.910400
vt 26.177401 -42.972801
vt 25.927299 -42.945301
vt 25.964899 -42.980900
vt 24.283199 -42.968700
vt 24.321899 -43.000000
vt 24.321899 -42.965599
vt 25.996799 -42.684299
vt 26.068800 -42.604900
vt 25.996799 -42.597099
vt 26.064199 -42.683601
vt 25.933599 -42.604900
vt 25.938200 -42.683601
vt 25.877501 -42.689602
vt 25.845600 -42.643200
vt 26.116600 -42.689602
vt 26.148500 -42.643200
vt 25.997101 -42.687500
vt 26.058201 -42.620201
vt 25.997101 -42.613602
vt 26.054300 -42.687000
vt 25.943399 -42.620201
vt 25.947300 -42.687000
vt 26.098900 -42.942101
vt 26.156601 -42.987301
vt 26.163300 -42.917900
vt 26.095400 -42.921101
vt 25.926901 -42.924301
vt 26.000700 -42.996700
vt 26.000700 -42.910099
vt 25.844299 -42.987301
vt 25.901899 -42.942101
vt 25.833700 -42.917900
vt 25.901600 -42.921101
vt 25.848801 -42.842098
vt 26.063101 -42.924301
vt 26.178801 -43.016201
vt 26.131901 -43.005402
vt 26.141001 -43.048401
vt 26.150200 -42.989201
vt 25.845900 -42.986900
vt 25.817301 -43.013901
vt 25.871401 -43.005402
vt 25.862400 -43.048401
vt 25.895901 -42.692101
vt 25.868700 -42.652699
vt 26.098700 -42.692101
vt 26.125799 -42.652699
vt 26.156200 -42.842098
vt 25.997000 -42.685299
vt 26.062401 -42.613098
vt 25.997000 -42.606098
vt 26.058201 -42.684700
vt 25.939501 -42.613098
vt 25.943600 -42.684700
vt 25.888500 -42.690102
vt 25.859501 -42.647900
vt 25.998699 -43.014500
vt 25.892799 -42.958599
vt 25.998699 -42.959000
vt 26.110500 -42.958599
vt 26.105801 -42.690102
vt 26.134899 -42.647900
vt 25.996799 -42.774601
vt 26.053301 -42.758999
vt 25.949100 -42.758999
vt 25.885500 -42.957901
vt 26.110600 -42.960201
vt 26.072399 -42.739399
vt 26.124599 -42.727600
vt 25.921600 -42.739399
vt 25.872400 -42.727600
vt 25.924299 -42.723999
vt 25.847099 -42.990200
vt 25.810400 -43.027302
vt 25.879499 -43.015701
vt 25.871000 -43.074600
vt 26.179600 -43.027302
vt 26.110500 -43.015701
vt 26.118999 -43.074600
vt 26.142900 -42.990200
vt 25.876499 -42.944401
vt 26.120399 -42.944401
vt 25.999800 -42.953300
vt 26.063801 -43.013699
vt 26.051901 -42.952702
vt 25.999800 -43.025600
vt 26.094000 -42.951698
vt 26.145599 -42.989498
vt 26.152599 -42.931499
vt 26.093500 -42.934200
vt 25.896000 -42.951698
vt 25.926300 -43.013699
vt 25.938200 -42.952702
vt 25.844500 -42.989498
vt 25.842600 -42.931499
vt 25.901699 -42.934200
vt 26.072701 -42.723999
vt 26.104300 -42.793499
vt 25.886499 -42.793499
vt 25.997101 -42.764198
vt 26.045000 -42.750900
vt 25.956600 -42.750900
vt 25.846901 -42.868198
vt 26.150499 -42.868198
vt 26.061199 -42.734299
vt 26.105499 -42.724300
vt 25.933300 -42.734299
vt 25.891500 -42.724300
vt 25.935600 -42.721298
vt 26.000000 -43.028099
vt 25.899500 -42.951500
vt 26.090500 -42.951500
vt 25.897800 -42.950500
vt 25.841200 -42.929199
vt 25.900900 -42.931999
vt 26.092199 -42.950500
vt 26.153900 -42.929199
vt 26.094200 -42.931999
vt 26.151699 -42.862598
vt 26.091101 -42.915298
vt 26.146999 -42.868500
vt 26.087999 -42.901501
vt 25.843000 -42.868500
vt 25.898899 -42.915298
vt 25.902000 -42.901501
vt 25.845600 -42.862598
vt 26.061399 -42.721298
vt 26.109699 -42.780201
vt 25.997000 -42.767399
vt 26.048300 -42.753201
vt 25.953600 -42.753201
vt 25.882099 -42.780201
vt 26.065701 -42.735401
vt 26.113199 -42.724602
vt 25.928600 -42.735401
vt 25.883801 -42.724602
vt 25.931101 -42.721401
vt 25.871201 -43.295399
vt 25.924101 -43.222801
vt 26.128799 -43.295399
vt 26.075899 -43.222801
vt 26.065901 -42.721401
vt 26.106899 -42.784599
vt 26.137800 -43.131199
vt 26.211100 -43.118599
vt 26.131300 -43.049599
vt 25.868700 -43.049599
vt 25.788900 -43.118599
vt 25.862200 -43.131199
vt 25.884501 -42.784599
vt 26.000000 -43.133301
vt 26.000000 -43.044998
vt 25.904200 -43.103901
vt 25.929800 -43.103298
vt 26.095800 -43.103901
vt 26.070200 -43.103298
vt 26.103300 -42.793499
vt 25.887600 -42.793499
vt 26.106701 -42.780201
vt 25.885099 -42.780201
vt 25.844900 -43.048500
vt 26.155100 -43.048500
vt 26.220600 -43.435699
vt 26.124800 -43.441898
vt 25.779400 -43.435699
vt 25.875200 -43.441898
vt 26.107800 -42.784599
vt 25.883600 -42.784599
vt 26.106701 -42.793499
vt 25.884100 -42.793499
vt 25.884300 -42.780201
vt 26.107500 -42.780201
vt 25.900400 -43.452900
vt 25.872801 -43.355202
vt 25.847099 -43.437500
vt 25.908300 -43.355999
vt 26.077600 -43.385899
vt 26.122299 -43.336601
vt 25.876200 -43.243198
vt 25.879700 -43.166199
vt 26.123800 -43.243198
vt 26.145500 -43.437500
vt 26.120800 -43.355202
vt 26.084801 -43.452900
vt 26.078800 -43.355999
vt 26.120300 -43.166199
vt 25.877701 -43.336601
vt 25.922400 -43.385899
vt 25.883200 -43.167000
vt 25.874399 -43.264900
vt 26.000000 -43.174999
vt 26.000000 -43.272999
vt 26.125601 -43.264900
vt 26.116800 -43.167000
vt 25.865601 -43.036701
vt 25.840700 -42.973701
vt 25.802500 -43.032299
vt 25.874399 -42.967701
vt 25.882799 -42.784599
vt 26.108500 -42.784599
vt 26.124100 -43.036701
vt 26.149099 -42.973701
vt 26.115299 -42.967701
vt 26.187300 -43.032299
vt 26.014000 -43.361801
vt 26.014000 -43.458801
vt 26.000000 -42.684799
vt 25.835199 -43.368900
vt 25.902700 -43.432301
vt 25.882401 -43.347698
vt 26.097300 -43.432301
vt 26.164801 -43.368900
vt 26.117599 -43.347698
vt 26.137501 -43.167400
vt 26.113199 -43.145000
vt 25.902201 -43.227001
vt 25.886801 -43.145000
vt 25.862499 -43.167400
vt 26.000000 -43.142502
vt 26.097799 -43.227001
vt 26.000000 -43.225601
vt 25.905899 -43.049500
vt 25.928699 -43.102501
vt 25.940201 -43.034401
vt 26.061300 -43.102501
vt 26.084101 -43.049500
vt 26.049801 -43.034401
vt 26.135900 -43.033699
vt 26.081200 -43.031700
vt 26.130501 -43.093300
vt 25.859501 -43.093300
vt 25.854099 -43.033699
vt 25.908800 -43.031700
vt 26.132999 -42.964600
vt 25.862801 -42.964600
vt 25.999599 -43.102699
vt 25.999599 -43.022400
vt 26.000000 -43.346199
vt 26.000000 -43.431499
vt 26.026199 -42.751598
vt 25.973801 -42.751598
vt 26.000099 -43.038502
vt 26.000099 -42.961700
vt 25.833700 -43.291698
vt 25.901899 -43.336899
vt 25.901600 -43.317699
vt 26.163300 -43.291698
vt 26.095400 -43.317699
vt 26.098900 -43.336899
vt 25.844299 -43.352501
vt 25.906601 -43.448799
vt 25.912701 -43.357800
vt 25.802500 -43.416901
vt 26.083401 -43.448799
vt 26.156601 -43.352501
vt 26.077400 -43.357800
vt 26.198299 -43.416901
vt 25.848900 -43.223499
vt 25.918301 -43.303799
vt 25.923500 -43.221001
vt 25.812599 -43.288399
vt 26.071699 -43.303799
vt 26.141100 -43.223499
vt 26.066500 -43.221001
vt 26.177401 -43.288399
vt 26.000700 -43.455299
vt 26.000700 -43.353901
vt 25.999901 -43.306900
vt 25.999901 -43.214699
vt 27.580999 -42.851200
vt 27.537600 -42.908901
vt 27.553101 -42.911999
vt 27.537600 -43.101101
vt 27.580999 -43.158798
vt 27.553101 -43.098000
vt 24.283199 -43.031300
vt 24.321899 -43.034401
vt 24.369200 -42.970699
vt 24.369101 -43.000000
vt 24.403000 -43.000000
vt 24.403099 -42.966099
vt 24.369200 -43.029301
vt 24.403099 -43.033901
vt 24.448299 -42.958000
vt 24.448299 -43.000000
vt 24.492399 -43.000000
vt 24.492399 -42.949699
vt 27.606100 -42.801701
vt 27.592199 -42.916599
vt 27.680901 -42.841599
vt 27.685801 -42.921902
vt 27.680901 -43.157600
vt 27.592199 -43.093399
vt 27.606100 -43.197498
vt 27.685801 -43.088100
vt 24.448299 -43.042000
vt 24.492399 -43.050301
vt 24.552700 -42.971100
vt 24.552601 -43.000000
vt 24.587999 -43.000000
vt 24.587999 -42.967899
vt 24.552700 -43.028900
vt 24.587999 -43.032101
vt 24.641800 -42.970001
vt 24.641800 -43.000000
vt 24.682301 -43.000000
vt 24.682199 -42.964901
vt 27.589399 -42.999298
vt 27.693501 -42.999298
vt 24.641800 -43.029999
vt 24.682199 -43.035099
vt 24.722700 -43.000000
vt 24.722601 -42.970001
vt 27.461300 -42.837502
vt 27.452700 -42.901600
vt 27.521799 -42.841702
vt 25.233000 -42.916599
vt 25.169399 -42.843399
vt 25.160000 -42.922600
vt 25.232599 -42.801701
vt 25.233000 -43.093399
vt 25.169399 -43.155701
vt 25.232599 -43.197498
vt 25.160000 -43.087299
vt 25.233101 -42.999298
vt 25.151899 -42.999298
vt 26.877899 -42.837399
vt 26.985500 -42.875198
vt 26.912001 -42.788898
vt 26.822701 -42.844898
vt 26.816099 -42.779400
vt 26.746000 -42.875198
vt 26.985500 -43.124802
vt 26.877899 -43.162601
vt 26.912001 -43.211102
vt 26.816099 -43.220600
vt 26.822701 -43.155102
vt 26.746000 -43.124802
vt 26.829201 -43.095798
vt 26.829201 -42.904202
vt 25.368799 -43.137600
vt 25.368799 -43.001301
vt 25.322001 -43.128601
vt 25.316799 -43.001301
vt 25.322001 -42.868099
vt 25.368799 -42.859001
vt 25.504999 -43.078800
vt 25.451900 -43.155499
vt 25.504700 -43.192799
vt 25.444099 -43.073700
vt 25.504999 -42.931198
vt 25.451900 -42.854401
vt 25.444099 -42.936199
vt 25.504700 -42.817101
vt 27.461300 -43.167400
vt 27.521799 -43.160900
vt 27.452700 -43.103298
vt 27.433599 -43.106499
vt 27.399401 -43.160999
vt 25.505100 -43.000198
vt 25.437300 -43.000198
vt 25.263100 -42.935799
vt 25.324900 -42.927601
vt 25.271099 -42.883400
vt 26.634001 -43.122799
vt 26.545900 -43.099602
vt 26.576900 -43.152901
vt 26.634001 -42.897701
vt 26.652901 -42.866798
vt 26.576900 -42.854500
vt 26.545900 -42.915199
vt 25.324900 -43.078400
vt 25.263100 -43.061798
vt 25.271099 -43.122501
vt 25.653000 -43.129002
vt 25.653099 -43.000000
vt 25.588900 -43.120499
vt 25.581699 -43.000000
vt 25.588900 -42.889500
vt 25.653000 -42.881001
vt 26.734200 -42.892899
vt 26.684999 -42.934299
vt 26.742001 -42.941299
vt 26.684999 -43.071400
vt 26.734200 -43.112801
vt 26.742001 -43.056801
vt 27.433599 -42.903702
vt 27.399401 -42.849201
vt 25.442600 -42.945702
vt 25.495001 -42.938801
vt 25.449301 -42.901299
vt 25.495001 -43.066700
vt 25.442600 -43.052700
vt 25.449301 -43.104099
vt 26.700500 -42.946499
vt 26.729300 -42.877701
vt 26.694401 -42.922401
vt 25.909401 -43.000000
vt 25.835699 -42.862202
vt 25.826300 -43.000000
vt 25.918800 -42.870098
vt 25.835699 -43.137798
vt 25.918800 -43.129902
vt 27.532301 -43.152699
vt 27.448000 -43.081699
vt 27.473499 -43.187401
vt 27.528900 -43.077099
vt 27.473499 -42.822601
vt 27.448000 -42.928299
vt 27.532301 -42.857300
vt 27.528900 -42.932899
vt 26.638201 -42.986000
vt 26.537800 -42.986000
vt 26.003201 -42.779400
vt 25.958900 -42.835201
vt 26.012800 -42.839401
vt 25.908501 -42.788898
vt 25.958900 -43.164799
vt 26.003201 -43.220600
vt 26.012800 -43.160599
vt 25.908501 -43.211102
vt 25.142300 -42.961498
vt 25.089701 -43.000000
vt 25.115200 -43.000000
vt 25.142300 -43.038502
vt 26.560900 -42.900101
vt 26.514999 -42.938801
vt 26.568300 -42.945301
vt 26.514999 -43.066700
vt 26.560900 -43.105400
vt 26.568300 -43.053200
vt 26.729300 -43.122299
vt 26.700500 -43.053501
vt 26.694401 -43.077599
vt 25.608801 -42.941799
vt 25.665001 -42.934299
vt 25.616100 -42.894199
vt 25.665001 -43.071400
vt 25.608801 -43.056400
vt 25.616100 -43.111500
vt 26.822399 -43.070202
vt 26.822399 -42.929798
vt 26.399000 -42.882000
vt 26.344900 -42.927601
vt 26.407700 -42.935200
vt 26.344900 -43.078400
vt 26.399000 -43.123901
vt 26.407700 -43.062401
vt 27.601601 -42.940498
vt 27.622000 -43.000000
vt 27.657600 -43.000000
vt 27.595800 -42.973801
vt 27.595800 -43.026199
vt 27.601601 -43.059502
vt 26.459101 -43.125599
vt 26.553200 -43.115601
vt 26.456699 -43.000000
vt 26.551001 -43.000000
vt 26.553200 -42.884399
vt 26.459101 -42.874401
vt 26.774799 -42.875000
vt 26.764500 -42.832298
vt 26.701900 -42.876202
vt 26.774799 -43.125000
vt 26.701900 -43.123798
vt 26.764500 -43.167702
vt 25.990400 -43.095798
vt 26.072701 -43.124802
vt 25.997200 -43.070202
vt 27.072300 -42.954201
vt 27.091101 -43.000000
vt 27.117500 -43.000000
vt 27.068100 -42.977001
vt 25.990400 -42.904202
vt 25.997200 -42.929798
vt 26.072701 -42.875198
vt 27.072300 -43.045799
vt 27.068100 -43.022999
vt 26.838100 -42.902699
vt 26.932699 -42.881100
vt 26.838100 -43.097301
vt 26.932699 -43.118900
vt 25.773100 -42.935799
vt 25.834900 -42.927601
vt 25.781099 -42.883400
vt 25.834900 -43.078400
vt 25.773100 -43.061798
vt 25.781099 -43.122501
vt 25.107201 -43.077099
vt 25.019100 -43.000099
vt 25.022900 -43.081699
vt 25.112801 -43.000099
vt 25.107201 -42.932899
vt 25.022900 -42.928299
vt 26.824499 -42.863998
vt 26.775900 -42.910000
vt 26.871401 -42.882099
vt 26.224199 -42.892899
vt 26.174999 -42.934299
vt 26.232000 -42.941299
vt 26.174999 -43.071400
vt 26.224199 -43.112801
vt 26.232000 -43.056801
vt 26.912300 -42.961498
vt 26.931101 -43.000000
vt 26.957500 -43.000000
vt 26.908100 -42.980701
vt 26.908100 -43.019299
vt 26.912300 -43.038502
vt 26.871401 -43.117901
vt 26.780899 -43.097801
vt 26.824499 -43.136002
vt 27.442900 -43.000099
vt 27.532801 -43.000099
vt 26.931801 -43.000000
vt 26.842300 -43.000000
vt 26.769800 -43.069801
vt 26.769800 -42.930199
vt 25.952600 -42.945702
vt 26.004999 -42.938801
vt 25.959299 -42.901299
vt 26.004999 -43.066700
vt 25.952600 -43.052700
vt 25.959299 -43.104099
vt 25.106400 -43.152699
vt 25.041800 -43.187401
vt 26.874500 -43.000000
vt 26.780899 -42.902199
vt 26.788200 -43.000000
vt 25.041800 -42.822601
vt 25.106400 -42.857300
vt 25.716600 -43.121498
vt 25.724001 -43.000000
vt 25.716600 -42.888500
vt 26.050900 -42.900101
vt 26.058300 -42.945301
vt 26.050900 -43.105400
vt 26.058300 -43.053200
vt 27.330700 -43.134399
vt 27.357100 -43.197498
vt 27.395000 -43.126598
vt 26.118799 -42.941799
vt 26.126101 -42.894199
vt 26.118799 -43.056400
vt 26.126101 -43.111500
vt 25.565500 -42.935600
vt 25.572500 -43.000198
vt 25.565500 -43.074299
vt 25.557100 -43.157200
vt 25.557100 -42.852798
vt 25.889000 -42.882000
vt 25.897699 -42.935200
vt 25.889000 -43.123901
vt 25.897699 -43.062401
vt 26.283100 -42.935799
vt 26.291100 -42.883400
vt 26.283100 -43.061798
vt 26.291100 -43.122501
vt 25.415199 -43.129601
vt 25.420500 -43.001301
vt 25.415199 -42.867001
vt 25.714199 -42.892899
vt 25.722000 -42.941299
vt 25.714199 -43.112801
vt 25.722000 -43.056801
vt 25.295401 -43.157600
vt 25.305500 -43.088100
vt 25.295401 -42.841599
vt 25.305500 -42.921902
vt 25.313801 -42.999298
vt 25.161100 -43.000000
vt 25.187500 -43.000000
vt 25.138100 -42.980701
vt 25.138100 -43.019299
vt 27.223000 -42.948502
vt 27.235001 -43.000000
vt 27.269699 -43.000000
vt 27.210600 -42.974800
vt 27.210600 -43.025200
vt 27.223000 -43.051498
vt 27.140600 -43.076099
vt 27.141300 -43.000401
vt 27.073000 -43.071301
vt 27.066000 -43.000401
vt 27.073000 -42.938702
vt 27.140600 -42.933899
vt 26.462601 -42.945702
vt 26.469299 -42.901299
vt 26.462601 -43.052700
vt 26.469299 -43.104099
vt 27.080099 -43.140499
vt 27.137400 -43.174099
vt 25.540899 -43.105400
vt 25.548300 -43.053200
vt 25.540899 -42.900101
vt 25.548300 -42.945301
vt 27.080099 -42.869499
vt 27.137400 -42.835899
vt 27.382999 -42.999901
vt 27.330700 -42.875900
vt 27.311600 -42.999901
vt 27.395000 -42.883598
vt 27.357100 -42.812698
vt 26.859699 -43.000000
vt 26.885201 -43.000000
vt 26.628799 -42.941799
vt 26.636101 -42.894199
vt 26.628799 -43.056400
vt 26.636101 -43.111500
vt 25.379000 -42.882000
vt 25.387699 -42.935200
vt 25.379000 -43.123901
vt 25.387699 -43.062401
vt 27.019699 -43.000000
vt 27.045200 -43.000000
vt 27.541901 -43.000000
vt 27.569599 -43.000000
vt 27.169100 -43.000000
vt 27.186199 -43.000000
vt 24.722601 -43.029999
vt 24.623400 -43.000000
vt 24.623301 -42.971100
vt 24.623301 -43.028900
vt 24.536501 -43.000000
vt 24.536400 -42.958000
vt 24.536400 -43.042000
vt 24.437700 -43.000000
vt 24.437700 -42.970699
vt 24.437700 -43.029301
vt 24.361000 -43.000000
vt 24.360901 -42.969101
vt 24.360901 -43.030899
vt 27.623699 -42.932899
vt 27.620800 -42.910500
vt 27.596100 -42.910198
vt 27.596600 -42.951401
vt 24.462400 -43.250000
vt 24.419001 -43.279900
vt 24.467699 -43.315800
vt 27.708099 -42.922798
vt 27.704599 -42.895000
vt 27.677601 -42.895901
vt 27.677900 -42.943401
vt 24.319099 -43.403400
vt 24.348700 -43.314899
vt 24.296801 -43.336102
vt 24.393900 -43.416901
vt 27.507601 -42.892399
vt 27.542900 -42.917500
vt 27.539400 -42.888599
vt 27.507601 -42.889198
vt 27.507601 -42.894901
vt 24.378000 -42.751598
vt 24.404200 -42.777699
vt 24.404200 -42.751598
vt 24.566401 -43.025200
vt 24.616199 -42.967701
vt 24.546700 -43.025398
vt 27.551701 -42.938400
vt 27.507601 -42.940800
vt 27.507601 -42.980000
vt 27.439301 -42.934502
vt 27.436300 -42.909302
vt 27.412001 -42.908401
vt 27.412001 -42.953098
vt 27.677401 -42.859299
vt 27.507601 -42.887798
vt 27.350201 -42.923901
vt 27.347099 -42.897598
vt 27.317801 -42.896900
vt 27.317801 -42.945301
vt 24.331699 -42.694401
vt 24.385599 -42.712299
vt 24.365700 -42.680500
vt 24.333200 -42.660500
vt 24.317499 -42.673199
vt 24.283100 -42.653599
vt 24.872299 -43.029099
vt 24.812901 -43.082199
vt 24.862600 -43.123901
vt 24.824800 -43.022800
vt 24.544701 -43.023300
vt 24.478201 -43.017200
vt 24.538700 -43.072201
vt 27.507601 -42.846901
vt 26.897301 -42.899502
vt 26.958200 -42.972801
vt 26.976500 -42.910400
vt 26.934099 -42.868500
vt 27.285400 -42.923901
vt 27.288500 -42.897598
vt 27.412001 -42.874199
vt 27.317801 -42.859600
vt 26.674700 -42.643200
vt 26.675100 -42.727402
vt 26.728901 -42.689602
vt 26.723400 -42.727600
vt 26.767900 -42.917999
vt 26.767401 -43.029598
vt 26.830601 -42.987301
vt 26.824200 -42.917900
vt 24.715900 -42.683701
vt 24.730301 -42.714100
vt 24.750999 -42.663101
vt 24.777000 -42.688599
vt 25.270700 -43.431198
vt 25.292601 -43.381401
vt 25.227100 -43.349701
vt 24.548901 -42.973999
vt 24.697901 -42.652401
vt 24.724400 -42.638500
vt 25.315100 -42.724499
vt 25.265800 -42.690800
vt 25.271400 -42.726398
vt 25.314699 -42.647900
vt 24.871201 -42.597500
vt 24.884501 -42.589401
vt 24.846901 -42.579102
vt 24.879900 -42.615200
vt 24.907301 -42.607899
vt 24.922100 -42.643700
vt 24.884701 -42.653099
vt 25.087799 -43.200699
vt 25.128599 -43.275299
vt 25.150400 -43.213200
vt 25.175501 -43.273602
vt 26.837299 -42.529202
vt 26.852100 -42.564999
vt 26.864700 -42.521999
vt 26.889500 -42.555599
vt 25.122101 -43.488201
vt 25.014500 -43.417000
vt 25.067301 -43.494999
vt 25.183901 -43.435699
vt 25.087999 -43.424301
vt 25.068899 -42.625900
vt 25.093500 -42.654301
vt 25.091900 -42.625401
vt 25.059099 -42.654301
vt 26.863501 -42.715599
vt 26.884800 -42.646099
vt 26.861900 -42.646599
vt 26.897900 -42.715599
vt 26.857700 -42.629299
vt 26.910299 -42.629002
vt 25.348301 -43.272999
vt 25.363001 -43.220200
vt 25.293200 -43.198002
vt 26.768299 -42.842098
vt 25.044701 -42.593102
vt 25.087700 -42.608101
vt 25.082100 -42.583698
vt 25.042500 -42.622101
vt 25.067301 -42.547901
vt 25.039900 -42.555199
vt 24.879000 -42.964600
vt 26.631800 -42.942501
vt 26.672001 -42.986900
vt 26.667801 -42.942402
vt 26.631500 -43.013901
vt 26.504700 -42.652699
vt 26.504999 -42.724098
vt 26.550699 -42.692101
vt 26.546000 -42.724300
vt 26.505301 -42.780201
vt 25.485001 -42.724098
vt 25.439100 -42.692699
vt 25.444300 -42.725899
vt 25.484699 -42.652699
vt 26.632000 -42.893799
vt 26.495701 -42.931702
vt 26.495300 -43.024799
vt 26.548100 -42.989498
vt 26.542700 -42.931499
vt 26.334700 -42.647900
vt 26.335100 -42.724499
vt 26.383900 -42.690102
vt 26.378901 -42.724602
vt 24.684799 -42.636398
vt 24.696501 -42.624901
vt 24.655399 -42.623199
vt 26.496000 -42.868198
vt 25.383499 -43.422199
vt 25.319500 -43.460701
vt 25.347099 -43.477299
vt 25.423100 -43.437500
vt 25.365999 -43.493999
vt 25.459499 -43.247799
vt 25.401199 -43.295399
vt 25.224100 -43.228001
vt 25.225201 -43.278099
vt 25.655100 -42.727402
vt 25.601000 -42.690399
vt 25.607100 -42.729500
vt 25.654699 -42.643200
vt 26.347799 -42.929298
vt 26.402901 -42.990200
vt 26.397200 -42.929199
vt 26.347300 -43.027302
vt 26.631800 -42.944401
vt 26.672001 -42.989201
vt 26.675501 -42.793499
vt 25.315399 -42.784599
vt 26.348101 -42.862598
vt 25.031200 -42.537498
vt 25.044500 -42.529400
vt 25.006901 -42.519100
vt 26.164700 -42.643200
vt 26.165100 -42.727402
vt 26.218901 -42.689602
vt 26.213400 -42.727600
vt 25.235500 -43.231701
vt 25.485300 -42.780201
vt 25.305599 -43.385899
vt 25.314800 -43.387100
vt 25.825100 -42.724499
vt 25.775801 -42.690800
vt 25.781401 -42.726398
vt 25.824699 -42.647900
vt 24.444700 -43.239498
vt 24.526501 -43.288399
vt 25.996799 -43.100101
vt 26.041100 -43.170399
vt 26.091499 -43.118599
vt 25.446800 -43.320000
vt 25.540899 -43.264900
vt 26.335400 -42.784599
vt 26.910500 -42.915298
vt 25.164101 -43.145000
vt 25.196899 -43.167400
vt 25.994699 -42.652699
vt 25.995001 -42.724098
vt 26.040701 -42.692101
vt 26.035999 -42.724300
vt 25.995300 -42.780201
vt 25.655500 -42.793499
vt 25.949100 -42.692699
vt 25.954300 -42.725899
vt 25.393299 -43.220402
vt 26.165501 -42.793499
vt 26.062300 -43.052299
vt 26.117399 -43.049599
vt 25.825399 -42.784599
vt 25.376600 -43.222801
vt 25.873899 -42.690102
vt 25.868900 -42.724602
vt 26.111000 -42.690399
vt 26.117100 -42.729500
vt 25.437099 -43.175900
vt 25.379200 -43.166199
vt 25.708900 -42.689602
vt 25.703400 -42.727600
vt 26.298500 -42.927700
vt 26.285801 -42.690800
vt 26.291401 -42.726398
vt 26.292200 -42.989601
vt 26.893600 -42.979099
vt 26.859600 -42.929100
vt 25.493601 -43.167000
vt 26.448900 -42.930099
vt 24.600599 -43.083900
vt 24.642900 -43.032299
vt 25.134501 -43.368900
vt 25.383900 -43.354301
vt 25.328400 -43.336601
vt 25.530701 -42.692101
vt 25.525999 -42.724300
vt 26.459101 -42.692699
vt 26.464300 -42.725899
vt 26.442900 -42.988899
vt 25.245300 -43.183701
vt 25.298100 -43.243198
vt 26.595900 -42.941299
vt 26.711800 -42.916100
vt 26.591299 -42.986401
vt 25.094700 -42.540699
vt 25.119499 -42.574299
vt 24.794300 -42.640400
vt 24.830900 -42.673698
vt 25.363899 -42.690102
vt 25.358900 -42.724602
vt 26.621000 -42.690399
vt 26.627100 -42.729500
vt 25.140301 -42.607700
vt 26.704599 -42.986599
vt 25.114799 -42.624802
vt 25.127899 -42.654301
vt 25.413200 -43.355202
vt 24.934700 -42.600700
vt 24.959499 -42.634300
vt 24.927700 -42.668098
vt 24.980301 -42.667702
vt 24.610800 -42.973701
vt 24.919901 -43.093300
vt 24.920200 -43.033699
vt 26.838900 -42.647202
vt 26.829100 -42.715599
vt 24.399700 -42.666599
vt 24.429300 -42.688000
vt 26.814699 -42.574402
vt 26.812500 -42.643398
vt 26.809900 -42.536400
vt 26.591299 -42.988701
vt 24.795500 -42.720200
vt 24.813801 -42.689899
vt 24.789400 -42.695999
vt 24.829700 -42.711700
vt 26.801201 -42.518799
vt 26.814501 -42.510700
vt 26.776899 -42.500301
vt 24.933500 -42.714298
vt 24.954800 -42.684799
vt 24.931900 -42.685398
vt 24.469101 -43.198101
vt 24.446899 -43.240898
vt 26.899000 -42.901501
vt 27.387699 -42.909302
vt 27.472401 -42.917500
vt 27.475800 -42.888599
vt 24.398399 -42.738800
vt 24.458099 -42.737000
vt 27.384701 -42.934502
vt 27.463600 -42.938400
vt 27.647400 -42.923100
vt 27.650499 -42.895802
vt 24.445200 -42.777699
vt 27.569000 -42.933601
vt 27.571400 -42.911098
vt 24.358500 -43.336899
vt 24.434299 -43.352501
vt 24.400000 -43.291698
vt 24.523001 -43.223499
vt 38.090500 -46.652199
vt 37.909500 -46.652199
vt 38.090500 -46.727299
vt 37.909500 -46.727299
s 1
usemtl Meshpart1Mtl.002
f 1171/2/566 1172/3/567 1173/4/568
f 1172/3/567 1171/2/566 1174/5/569
f 1175/3/570 1176/6/571 1177/7/572
f 1176/6/571 1175/3/570 1178/5/573
f 1179/8/574 1180/7/572 1181/9/575
f 1180/7/572 1182/6/576 1181/9/575
f 1183/4/568 1184/10/577 1185/11/578
f 1183/4/568 1185/11/578 1186/2/579
f 1188/12/580 1189/13/581 1187/14/582
f 1190/15/583 1191/16/584 1192/17/585
f 1191/16/584 1190/15/583 1193/18/586
f 1194/16/587 1195/19/588 1196/20/589
f 1195/19/588 1194/16/587 1197/18/590
f 1198/21/591 1199/13/592 1200/12/593
f 1201/22/594 1202/20/595 1203/23/596
f 1202/20/595 1204/19/597 1203/23/596
f 1205/17/598 1206/24/599 1207/25/600
f 1205/17/598 1207/25/600 1208/15/601
f 1209/26/602 1210/27/603 1211/28/604
f 1212/29/605 1213/30/606 1214/31/607
f 1215/29/608 1216/25/609 1217/24/610
f 1216/25/609 1215/29/608 1218/31/611
f 1219/32/612 1220/33/613 1221/34/614
f 1222/33/615 1223/35/616 1224/34/617
f 1225/36/618 1226/30/619 1227/29/620
f 1228/33/621 1229/23/622 1230/35/623
f 1229/23/622 1228/33/621 1231/22/624
f 1232/37/625 1233/38/626 1234/39/626
f 1233/38/626 1232/37/625 1235/40/627
f 1236/37/628 1237/41/629 1238/42/630
f 1237/41/629 1236/37/628 1239/39/629
f 1240/43/631 1241/44/631 1242/45/631
f 1244/46/632 1243/43/633 1245/45/634
f 1246/47/635 1247/48/636 1248/49/635
f 1247/48/636 1246/47/635 1249/50/637
f 1250/51/638 1251/47/635 1252/52/639
f 1252/52/639 1251/47/635 1253/49/635
f 1255/53/640 1254/54/641 1256/55/642
f 1258/56/643 1257/57/644 1259/58/645
f 1260/59/646 1261/40/627 1262/37/627
f 1263/60/647 1264/61/648 1265/62/647
f 1264/61/648 1263/60/647 1266/63/649
f 1267/63/649 1268/64/650 1269/61/648
f 1268/64/650 1267/63/649 1270/65/651
f 1272/42/628 1271/59/652 1273/37/628
f 1274/66/653 1276/62/647 1275/67/654
f 1276/62/647 1274/66/653 1277/60/647
f 1279/68/655 1280/64/650 1278/69/656
f 1281/65/650 1278/69/656 1280/64/650
f 1282/70/657 1283/71/658 1284/72/657
f 1283/71/658 1282/70/657 1285/73/659
f 1286/74/660 1287/70/657 1288/75/661
f 1288/75/661 1287/70/657 1289/72/657
f 1290/76/662 1291/77/662 1292/78/662
f 1291/77/662 1290/76/662 1293/79/662
f 1294/76/663 1295/80/663 1296/81/664
f 1295/80/663 1294/76/663 1297/78/664
f 1298/82/665 1299/83/666 1300/84/667
f 1299/83/666 1298/82/665 1301/85/668
f 1302/82/669 1303/86/670 1304/87/671
f 1303/86/670 1302/82/669 1305/84/672
f 1306/88/673 1307/89/674 1308/90/675
f 1307/89/674 1306/88/673 1309/91/673
f 1310/92/676 1311/89/677 1312/93/678
f 1311/89/677 1310/92/676 1313/90/679
f 1314/94/680 1315/95/681 1316/96/682
f 1315/95/681 1317/97/683 1316/96/682
f 1318/96/684 1319/97/685 1320/98/686
f 1318/96/684 1320/98/686 1321/99/687
f 1322/99/688 1323/100/689 1324/101/690
f 1323/100/689 1322/99/688 1325/98/686
f 1326/102/691 1327/94/692 1328/103/693
f 1327/94/692 1326/102/691 1329/95/694
f 1330/104/695 1331/105/695 1332/106/696
f 1330/104/695 1332/106/696 1333/107/697
f 1334/108/698 1335/109/699 1336/104/695
f 1335/109/699 1337/105/700 1336/104/695
f 1340/85/701 1338/110/702 1339/111/703
f 1342/112/704 1343/113/705 1341/66/706
f 1343/113/705 1342/112/704 1344/114/707
f 1345/112/708 1346/115/709 1344/114/710
f 1349/109/711 1347/116/712 1348/117/713
f 1347/116/712 1349/109/711 1350/108/714
f 1352/118/715 1353/119/716 1351/69/717
f 1353/119/716 1352/118/715 1354/120/718
f 1355/119/719 1354/120/720 1356/121/721
f 1357/110/722 1359/87/723 1358/122/724
f 1361/123/725 1360/124/726 1362/106/727
f 1363/107/728 1362/106/727 1360/124/726
f 1364/125/729 1365/126/729 1366/127/730
f 1364/125/729 1366/127/730 1367/128/731
f 1368/129/732 1369/130/733 1370/125/729
f 1369/130/733 1371/126/729 1370/125/729
f 1372/131/734 1373/132/735 1374/133/736
f 1375/134/737 1376/135/738 1377/136/739
f 1378/137/695 1379/138/695 1380/139/696
f 1378/137/695 1380/139/696 1381/140/697
f 1382/141/698 1383/142/740 1384/137/700
f 1383/142/740 1385/138/695 1384/137/700
f 1388/143/741 1387/144/742 1386/145/743
f 1389/146/744 1390/147/745 1391/148/746
f 1394/142/711 1392/149/747 1393/150/713
f 1392/149/747 1394/142/711 1395/141/698
f 1397/151/725 1396/152/726 1398/139/727
f 1399/140/728 1398/139/727 1396/152/726
f 1400/153/748 1401/154/749 1402/155/750
f 1403/156/751 1404/157/752 1405/158/753
f 1406/159/754 1407/160/695 1408/161/696
f 1406/159/754 1408/161/696 1409/162/755
f 1410/163/698 1411/164/740 1412/159/700
f 1411/164/740 1413/160/700 1412/159/700
f 1415/165/756 1414/166/757 1416/167/758
f 1417/168/759 1418/169/760 1419/170/761
f 1422/164/711 1420/171/762 1421/172/713
f 1420/171/762 1422/164/711 1423/163/698
f 1425/173/725 1424/174/763 1426/161/727
f 1427/162/728 1426/161/727 1424/174/763
f 1428/104/764 1429/175/765 1430/176/766
f 1429/175/765 1428/104/764 1431/107/767
f 1432/104/768 1433/177/769 1434/108/770
f 1433/177/769 1432/104/768 1435/176/771
f 1437/178/772 1436/124/773 1438/179/774
f 1439/180/775 1441/108/776 1442/177/777
f 1443/181/778 1444/182/779 1440/116/780
f 1445/104/754 1446/105/695 1447/106/696
f 1445/104/754 1447/106/696 1448/107/697
f 1449/108/698 1450/109/699 1451/104/695
f 1450/109/699 1452/105/700 1451/104/695
f 1453/179/781 1454/183/782 1455/184/783
f 1458/109/711 1456/116/762 1457/117/713
f 1456/116/762 1458/109/711 1459/108/698
f 1461/123/725 1460/124/784 1462/106/727
f 1463/107/728 1462/106/727 1460/124/784
f 1464/182/785 1465/181/786 1466/185/787
f 1468/186/788 1467/187/789 1469/188/790
f 1471/189/791 1472/190/792 1470/191/793
f 1473/137/794 1474/192/765 1475/193/795
f 1474/192/765 1473/137/794 1476/140/796
f 1477/137/768 1478/194/769 1479/141/797
f 1478/194/769 1477/137/768 1480/193/798
f 1482/195/772 1481/152/773 1483/196/799
f 1483/196/800 1484/197/801 1485/198/802
f 1486/199/775 1488/141/776 1489/194/777
f 1490/200/803 1491/201/804 1487/149/780
f 1491/201/804 1490/200/803 1492/202/805
f 1493/137/695 1494/138/695 1495/139/696
f 1493/137/695 1495/139/696 1496/140/697
f 1497/141/698 1498/142/699 1499/137/700
f 1498/142/699 1500/138/695 1499/137/700
f 1502/151/725 1501/152/784 1503/139/727
f 1504/140/728 1503/139/727 1501/152/784
f 1507/142/711 1505/149/747 1506/150/713
f 1505/149/747 1507/142/711 1508/141/714
f 1509/159/794 1510/203/765 1511/204/795
f 1510/203/765 1509/159/794 1512/162/767
f 1513/159/768 1514/205/769 1515/163/770
f 1514/205/769 1513/159/768 1516/204/806
f 1518/206/772 1517/174/773 1519/207/807
f 1520/208/775 1522/163/776 1523/205/808
f 1524/209/809 1525/210/810 1521/171/811
f 1526/207/812 1527/211/813 1528/212/814
f 1529/210/815 1530/209/816 1531/213/817
f 1532/214/818 1533/215/819 1534/216/820
f 1535/217/821 1536/218/822 1537/219/823
f 1538/220/824 1539/217/825 1540/219/826
f 1539/217/825 1538/220/824 1541/221/824
f 1542/216/827 1543/220/824 1544/214/828
f 1543/220/824 1542/216/827 1545/221/824
f 1546/159/695 1547/160/695 1548/161/696
f 1546/159/695 1548/161/696 1549/162/697
f 1550/163/698 1551/164/740 1552/159/700
f 1551/164/740 1553/160/700 1552/159/700
f 1555/173/829 1554/174/726 1556/161/830
f 1557/162/728 1556/161/830 1554/174/726
f 1560/164/711 1558/171/762 1559/172/831
f 1558/171/762 1560/164/711 1561/163/714
f 1562/104/794 1563/175/765 1564/176/795
f 1563/175/765 1562/104/794 1565/107/832
f 1566/104/768 1567/177/769 1568/108/770
f 1567/177/769 1566/104/768 1569/176/771
f 1571/178/772 1570/124/773 1572/179/833
f 1573/180/775 1575/108/834 1576/177/777
f 1577/181/778 1578/182/779 1574/116/811
f 1579/179/835 1580/222/836 1581/184/835
f 1582/182/786 1583/181/786 1584/223/837
f 1586/123/725 1585/124/726 1587/106/727
f 1588/107/728 1587/106/727 1585/124/726
f 1591/109/711 1589/116/838 1590/117/839
f 1589/116/838 1591/109/711 1592/108/698
f 1593/104/695 1594/105/754 1595/106/696
f 1593/104/695 1595/106/696 1596/107/697
f 1597/108/698 1598/109/711 1599/104/700
f 1598/109/711 1600/105/700 1599/104/700
f 1603/224/840 1602/225/841 1601/226/842
f 1602/225/841 1603/224/840 1604/227/843
f 1606/228/844 1607/229/845 1605/230/846
f 1607/229/845 1606/228/844 1608/231/847
f 1609/137/768 1610/194/848 1611/141/797
f 1610/194/848 1609/137/768 1612/193/806
f 1613/137/794 1614/192/765 1615/193/795
f 1614/192/765 1613/137/794 1616/140/832
f 1618/195/849 1617/152/850 1619/196/851
f 1620/199/775 1622/141/776 1623/194/777
f 1624/200/852 1625/201/853 1621/149/780
f 1625/201/853 1624/200/852 1626/232/854
f 1627/196/802 1628/233/855 1629/198/856
f 1631/151/725 1630/152/726 1632/139/830
f 1633/140/728 1632/139/830 1630/152/726
f 1636/142/711 1634/149/838 1635/150/713
f 1634/149/838 1636/142/711 1637/141/698
f 1638/137/695 1639/138/695 1640/139/696
f 1638/137/695 1640/139/696 1641/140/697
f 1642/141/698 1643/142/740 1644/137/700
f 1643/142/740 1645/138/700 1644/137/700
f 1646/207/857 1647/234/858 1648/212/859
f 1649/159/768 1650/205/848 1651/163/770
f 1650/205/848 1649/159/768 1652/204/860
f 1653/159/794 1654/203/861 1655/204/766
f 1654/203/861 1653/159/794 1656/162/796
f 1657/210/862 1658/209/862 1659/235/863
f 1661/206/772 1660/174/850 1662/207/864
f 1663/208/775 1665/163/776 1666/205/777
f 1667/209/865 1668/210/865 1664/171/866
f 1669/236/867 1670/237/868 1671/224/869
f 1670/237/868 1669/236/867 1672/238/868
f 1673/237/868 1674/239/870 1675/229/871
f 1674/239/870 1673/237/868 1676/238/868
f 1678/240/872 1679/241/873 1677/242/874
f 1679/241/873 1678/240/872 1680/243/875
f 1683/244/876 1682/245/877 1681/246/878
f 1682/245/877 1683/244/876 1684/247/879
f 1685/248/880 1686/249/881 1687/250/882
f 1689/173/883 1688/174/726 1690/161/830
f 1691/162/728 1690/161/830 1688/174/726
f 1694/164/711 1692/171/762 1693/172/713
f 1692/171/762 1694/164/711 1695/163/714
f 1696/236/884 1697/224/885 1698/251/886
f 1697/224/885 1699/226/887 1698/251/886
f 1700/252/888 1701/251/889 1699/226/890
f 1701/251/889 1700/252/888 1702/253/891
f 1703/252/892 1704/254/893 1702/253/894
f 1705/255/895 1706/230/896 1707/229/897
f 1707/229/897 1708/239/898 1705/255/895
f 1705/255/895 1709/248/899 1706/230/896
f 1709/248/899 1705/255/895 1710/249/900
f 1711/159/695 1712/160/695 1713/161/696
f 1711/159/695 1713/161/696 1714/162/697
f 1715/163/698 1716/164/740 1717/159/695
f 1716/164/740 1718/160/700 1717/159/695
f 1719/179/835 1720/256/901 1721/184/835
f 1722/182/902 1723/181/903 1724/257/904
f 1725/104/768 1726/177/769 1727/108/770
f 1726/177/769 1725/104/768 1728/176/860
f 1729/104/794 1730/175/765 1731/176/795
f 1730/175/765 1729/104/794 1732/107/767
f 1733/258/905 1734/259/868 1735/260/905
f 1734/259/868 1733/258/905 1736/261/868
f 1737/259/868 1738/262/906 1739/263/907
f 1738/262/906 1737/259/868 1740/261/868
f 1742/178/908 1741/124/773 1743/179/833
f 1744/180/909 1746/108/776 1747/177/910
f 1748/181/911 1749/182/778 1745/116/780
f 1751/263/912 1753/262/912 1752/264/913
f 1754/264/914 1755/265/915 1750/266/916
f 1755/265/915 1754/264/914 1756/267/917
f 1757/265/918 1756/267/919 1758/268/920
f 1759/260/921 1761/269/922 1762/258/921
f 1763/270/923 1764/269/924 1760/271/925
f 1764/269/924 1763/270/923 1765/272/926
f 1766/270/927 1767/273/928 1765/272/927
f 1770/166/929 1768/274/930 1769/167/931
f 1771/275/932 1773/170/933 1772/169/934
f 1774/276/935 1775/277/868 1776/244/936
f 1775/277/868 1774/276/935 1777/278/868
f 1778/277/868 1779/279/937 1780/241/938
f 1779/279/937 1778/277/868 1781/278/868
f 1782/137/768 1783/194/848 1784/141/770
f 1783/194/848 1782/137/768 1785/193/806
f 1786/137/794 1787/192/765 1788/193/939
f 1787/192/765 1786/137/794 1789/140/796
f 1790/199/775 1792/141/776 1793/194/777
f 1794/200/940 1795/201/941 1791/149/866
f 1795/201/941 1794/200/940 1796/280/942
f 1798/195/943 1797/152/944 1799/196/945
f 1799/196/946 1800/281/947 1801/198/948
f 1803/282/949 1802/283/950 1804/284/951
f 1806/283/952 1805/285/953 1807/284/954
f 1808/286/955 1809/287/956 1810/288/957
f 1811/289/958 1812/242/959 1813/241/960
f 1814/290/961 1812/242/959 1811/289/958
f 1815/276/962 1816/244/963 1817/291/964
f 1816/244/963 1818/246/965 1817/291/964
f 1817/291/964 1818/246/965 1819/292/966
f 1820/293/967 1821/294/968 1822/295/969
f 1823/210/862 1824/209/815 1825/296/970
f 1826/207/971 1827/297/972 1828/212/973
f 1829/298/974 1830/299/975 1831/300/976
f 1833/301/977 1834/302/978 1832/303/979
f 1834/302/978 1833/301/977 1835/304/980
f 1836/302/981 1835/304/982 1837/305/983
f 1838/159/768 1839/205/848 1840/163/770
f 1839/205/848 1838/159/768 1841/204/860
f 1842/159/794 1843/203/984 1844/204/795
f 1843/203/984 1842/159/794 1845/162/796
f 1847/298/985 1848/306/986 1846/307/987
f 1848/306/986 1847/298/985 1849/300/988
f 1851/206/908 1850/174/773 1852/207/989
f 1853/208/775 1855/163/776 1856/205/910
f 1857/209/990 1858/210/865 1854/171/866
f 1860/308/991 1861/143/992 1859/145/993
f 1864/147/994 1863/309/995 1862/148/996
f 1865/295/997 1866/294/998 1867/310/999
f 1868/287/1000 1869/311/1001 1870/288/1002
f 1875/312/1003 1876/313/1004 1878/314/1005 1877/315/1006
f 1879/316/1007 1880/317/1008 1881/318/1009 1882/319/1010
f 1883/320/1011 1884/321/1012 1886/322/1013 1885/323/1014
f 1906/315/1015 1907/324/1016 1905/325/1017 1908/326/1018
f 1887/327/1019 1888/328/1020 1889/329/1021
f 1887/327/1019 1889/329/1021 1890/330/1022
f 1891/331/1023 1892/332/1024 1893/333/1025
f 1892/332/1024 1894/334/1026 1893/333/1025
f 1895/335/1027 1896/334/1028 1892/332/1024
f 1896/334/1028 1895/335/1027 1897/336/1029
f 1898/330/1030 1899/335/1031 1900/327/1032
f 1899/335/1031 1898/330/1030 1901/336/1033
f 1902/337/1034 1903/338/1035 1904/339/1036
f 1913/340/1037 1914/326/1038 1912/325/1039 1915/341/1040
f 1909/342/1041 1910/343/1042 1911/344/1043
f 1917/345/1044 1918/324/1045 1919/315/1046 1916/314/1047 1921/346/1048 1922/347/1049 1920/348/1050
f 1923/340/1051 1924/341/1052 1926/349/1053 1927/350/1054 1929/351/1055 1928/352/1056 1925/353/1057
f 1930/354/1058 1931/355/1059 1932/356/1060 1933/357/1061
f 1934/358/1062 1935/359/1063 1937/360/1064 1936/361/1065
f 1938/362/1066 1939/363/1067 1940/364/1068 1941/365/1069
f 1942/366/1070 1943/367/1071 1945/368/1072 1944/369/1073
f 1946/370/1074 1947/323/1075 1948/322/1076 1949/371/1077
f 1950/318/1078 1951/372/1079 1953/373/1080 1952/319/1081
f 1954/322/1082 1955/374/1083 1957/375/1084 1956/371/1085
f 1961/373/1086 1962/376/1087 1960/377/1088 1963/319/1089
f 1957/375/1090 1958/374/1090 1959/378/1091
f 1967/318/1092 1968/379/1093 1966/380/1094 1969/372/1095
f 1962/376/1096 1964/381/1097 1965/377/1096
f 1971/323/1098 1972/370/1099 1970/380/1100 1973/379/1101
f 1975/382/1102 1976/383/1103 1974/384/1104 1977/385/1105
f 1979/386/1106 1980/385/1107 1978/384/1108 1981/387/1109
f 2001/356/1110 2002/388/1111 2000/389/1112 2003/390/1113
f 1983/383/1114 1984/382/1115 1982/391/1116
f 1985/386/1117 1986/387/1118 1987/392/1119
f 1988/393/1120 1989/342/1121 1990/344/1122
f 1991/394/1123 1992/338/1124 1993/337/1125
f 1994/395/1126 1995/396/1127 1996/397/1128
f 1997/398/1129 1998/399/1130 1999/400/1131
f 2005/361/1132 2006/401/1133 2004/389/1134 2007/388/1135
f 2009/402/1136 2010/401/1137 2011/361/1138 2008/360/1139 2013/342/1140 2012/393/1141
f 2014/356/1142 2015/390/1143 2017/403/1144 2018/394/1145 2019/337/1146 2016/357/1147
f 2021/369/1148 2022/404/1149 2020/405/1150 2023/406/1151
f 2025/364/1152 2026/406/1153 2024/405/1154 2027/407/1155
f 2028/404/1156 2029/369/1157 2030/368/1158 2033/396/1159 2032/395/1160 2031/408/1161
f 2034/364/1162 2035/407/1163 2037/409/1164 2038/398/1165 2039/400/1166 2036/365/1167
f 2421/410/1168 2422/411/1169 2420/412/1170 2423/413/1171
f 2040/414/1172 2041/415/1173 2042/416/1174
f 2043/417/1175 2044/418/1176 2045/414/1177
f 2046/419/1178 2047/420/706 2048/421/1179
f 2046/419/1178 2048/421/1179 2049/422/1180
f 2050/423/717 2051/424/1181 2052/425/1182
f 2051/424/1181 2053/426/1183 2052/425/1182
f 2054/422/1184 2055/427/1185 2056/419/1178
f 2055/427/1185 2054/422/1184 2057/428/1186
f 2058/427/1187 2059/426/1188 2060/424/1189
f 2059/426/1188 2058/427/1187 2061/428/1190
f 2062/429/1191 2063/430/1192 2064/431/1193
f 2063/430/1192 2062/429/1191 2065/432/1194
f 2066/433/1195 2067/434/1196 2068/435/1197
f 2069/436/1198 2070/433/1199 2071/435/1200
f 2070/433/1199 2069/436/1198 2072/437/1201
f 2074/431/1202 2073/434/1196 2075/429/1191
f 2076/438/1203 2077/439/1204 2078/440/1205
f 2077/439/1204 2076/438/1203 2079/441/1206
f 2080/442/1207 2081/439/1208 2082/443/1209
f 2083/439/1210 2080/442/1211 2084/444/1212
f 2084/444/1212 2085/440/1213 2083/439/1210
f 2086/445/1214 2087/446/1215 2088/447/1216
f 2089/448/1217 2090/449/1218 2091/450/1219
f 2093/451/1220 2092/452/1221 2094/453/1222
f 2095/439/1223 2096/441/1224 2097/443/1225
f 2099/454/1226 2098/455/1227 2100/456/1228
f 2101/457/1229 2102/458/1230 2103/459/1231
f 2104/460/1232 2105/461/1233 2106/462/1234
f 2107/463/1235 2108/464/1236 2109/465/1235
f 2108/464/1236 2107/463/1235 2110/466/1237
f 2111/463/1235 2112/467/1238 2113/468/1239
f 2112/467/1238 2111/463/1235 2114/465/1235
f 2115/469/1240 2116/470/1241 2117/471/1242
f 2118/472/1243 2119/473/1244 2120/474/1243
f 2119/473/1244 2118/472/1243 2121/475/1245
f 2122/472/1243 2123/476/1246 2124/477/1247
f 2123/476/1246 2122/472/1243 2125/474/1243
f 2126/478/1248 2127/479/1249 2128/480/1250
f 2129/481/1251 2130/482/1252 2131/483/1253
f 2132/484/1254 2133/485/1255 2134/486/1256
f 2133/485/1255 2132/484/1254 2135/487/1257
f 2136/488/1258 2137/489/1259 2138/490/1260
f 2137/489/1259 2136/488/1258 2139/491/1261
f 2140/492/1262 2141/493/1263 2142/494/1264
f 2142/494/1264 2143/495/1265 2140/492/1262
f 2141/493/1266 2144/492/1267 2145/496/1268
f 2146/497/1269 2147/498/1270 2148/499/1271
f 2147/498/1270 2146/497/1269 2149/500/1272
f 2150/501/1273 2151/502/1274 2152/503/1275
f 2151/502/1274 2150/501/1273 2153/504/1276
f 2154/505/1277 2155/482/1278 2156/481/1279
f 2157/506/1280 2158/445/1281 2159/447/1282
f 2160/445/1283 2157/506/1284 2161/507/1285
f 2161/507/1285 2162/508/1286 2160/445/1283
f 2163/509/1287 2164/469/1288 2165/471/1289
f 2166/510/1290 2167/499/1291 2168/511/1292
f 2167/499/1291 2166/510/1290 2169/497/1293
f 2170/512/1294 2171/460/1295 2172/462/1296
f 2173/460/1297 2170/512/1298 2174/513/1299
f 2174/513/1299 2175/514/1300 2173/460/1297
f 2176/515/1301 2177/490/1302 2178/516/1303
f 2177/490/1302 2176/515/1301 2179/488/1304
f 2180/484/1254 2181/515/1305 2182/487/1306
f 2182/487/1306 2181/515/1305 2183/516/1307
f 2185/517/1308 2184/518/1309 2186/519/1310
f 2187/520/1311 2188/445/1312 2189/508/1313
f 2188/445/1312 2187/520/1311 2190/446/1314
f 2191/521/1315 2192/522/1316 2193/523/1317
f 2194/524/1318 2195/525/1319 2196/526/1320
f 2197/527/1321 2198/478/1322 2199/480/1323
f 2200/478/1324 2197/527/1325 2201/528/1326
f 2201/528/1326 2202/529/1327 2200/478/1324
f 2203/530/1328 2204/460/1329 2205/514/1330
f 2204/460/1329 2203/530/1328 2206/461/1331
f 2207/531/1332 2208/532/1333 2209/533/1333
f 2208/532/1333 2207/531/1332 2210/534/1334
f 2211/532/1333 2212/535/1335 2213/533/1333
f 2212/535/1335 2211/532/1333 2214/536/1336
f 2215/457/1337 2216/537/1338 2217/538/1339
f 2217/538/1339 2218/539/1340 2215/457/1337
f 2216/537/1341 2219/457/1342 2220/459/1343
f 2221/519/1344 2222/518/1345 2223/540/1346
f 2224/521/1347 2225/541/1348 2226/522/1349
f 2227/542/1350 2228/543/1351 2229/544/1352
f 2230/545/1353 2231/546/1354 2232/547/1355
f 2233/548/1356 2234/549/1357 2235/550/1358
f 2236/551/1359 2237/478/1360 2238/529/1361
f 2237/478/1360 2236/551/1359 2239/479/1362
f 2240/552/1363 2241/553/1364 2242/450/1365
f 2242/450/1365 2241/553/1364 2243/448/1366
f 2244/554/1367 2245/542/1368 2246/544/1369
f 2247/555/1370 2248/508/1371 2249/556/1372
f 2248/508/1371 2247/555/1370 2250/520/1373
f 2251/508/1374 2252/507/1375 2253/557/1376
f 2253/557/1376 2254/556/1377 2251/508/1374
f 2255/523/1378 2256/558/1379 2257/521/1380
f 2259/559/1381 2260/517/1382 2258/519/1383
f 2261/560/1384 2262/457/1385 2263/539/1386
f 2262/457/1385 2261/560/1384 2264/458/1387
f 2265/561/1388 2266/562/1389 2267/563/1388
f 2266/562/1389 2265/561/1388 2268/564/1390
f 2269/565/1391 2270/561/1392 2271/566/1393
f 2271/566/1393 2270/561/1392 2272/563/1394
f 2273/567/1395 2274/541/1396 2275/521/1397
f 2276/568/1398 2277/519/1399 2278/540/1400
f 2279/569/1401 2280/525/1402 2281/524/1403
f 2283/570/1404 2282/571/1405 2285/572/1406
f 2286/475/1407 2284/573/1408 2287/473/1409
f 2284/573/1408 2286/475/1407 2288/571/1410
f 2289/574/1411 2290/575/1412 2291/576/1413
f 2293/477/1414 2292/577/1415 2294/574/1416
f 2292/577/1415 2293/477/1414 2295/476/1417
f 2296/578/1418 2298/579/1419 2297/580/1420
f 2299/581/1421 2300/582/1422 2301/583/1423
f 2302/517/1424 2303/559/1425 2304/564/1426
f 2305/565/1427 2306/566/1428 2307/523/1429
f 2310/534/1430 2309/531/1431 2308/584/1432
f 2311/585/1433 2312/535/1434 2313/536/1435
f 2314/586/1436 2315/587/1437 2316/588/1438
f 2315/587/1437 2314/586/1436 2317/589/1439
f 2318/588/1440 2319/587/1441 2320/590/1442
f 2318/588/1440 2320/590/1442 2321/591/1443
f 2322/582/1444 2323/592/1445 2324/583/1446
f 2325/580/1447 2326/579/1448 2327/593/1449
f 2328/594/1450 2329/595/1451 2330/451/1452
f 2331/596/1453 2332/597/1454 2333/455/922
f 2334/598/1455 2335/599/1456 2336/600/1457
f 2337/599/1458 2338/590/1442 2336/600/1459
f 2339/591/1460 2338/590/1442 2337/599/1458
f 2342/601/1461 2341/602/1462 2340/603/1463
f 2343/589/1436 2344/602/1464 2342/601/1465
f 2344/602/1464 2343/589/1436 2345/586/1466
f 2346/604/1467 2347/431/1468 2348/605/1469
f 2349/435/1470 2350/604/1467 2351/606/1471
f 2352/607/1472 2353/608/1473 2354/609/1474
f 2355/610/1475 2356/605/1469 2357/430/1476
f 2356/605/1469 2358/431/1477 2357/430/1476
f 2359/606/1478 2360/611/1479 2361/436/1480
f 2359/606/1478 2361/436/1480 2362/435/1481
f 2363/612/1482 2364/613/1483 2365/614/1484
f 2367/615/1485 2366/574/1486 2368/616/1487
f 2369/574/1488 2370/576/1489 2368/616/1490
f 2370/576/1491 2372/617/1492 2371/618/1493
f 2375/619/1494 2374/571/1495 2373/620/1496
f 2376/571/1497 2375/619/1498 2377/572/1499
f 2377/572/1500 2378/621/1501 2379/622/1502
f 2381/489/1503 2382/491/1504 2380/542/1505
f 2385/486/1506 2384/485/1507 2383/524/1508
f 2387/623/1509 2386/421/1510 2388/624/1511
f 2390/425/1512 2389/625/1513 2391/626/1514
f 2392/627/1515 2393/628/1516 2394/629/1517
f 2393/628/1516 2392/627/1515 2395/630/1518
f 2396/631/1519 2397/627/1520 2398/632/1521
f 2398/632/1521 2397/627/1520 2399/629/1522
f 2400/633/1523 2401/612/1523 2402/614/1524
f 2403/631/1519 2404/634/1525 2405/635/1526
f 2404/634/1525 2403/631/1519 2406/632/1527
f 2408/636/1528 2409/608/1529 2407/607/1530
f 2410/630/1531 2411/637/1532 2412/628/1533
f 2411/637/1532 2410/630/1531 2413/638/1534
f 2415/639/1535 2416/640/1536 2414/641/577
f 2417/642/1537 2418/639/1538 2419/643/1539
f 2429/644/1540 2430/645/1541 2428/646/1542 2431/647/1543
f 2424/648/1544 2425/649/1545 2426/650/1546
f 2425/649/1545 2424/648/1544 2427/651/1547
f 2447/652/1548 2448/653/1549 2446/654/1550 2449/655/1551
f 2432/652/1552 2433/655/1553 2434/656/1554
f 2436/657/1555 2435/658/631 2437/659/631
f 2438/660/1556 2439/661/1557 2440/662/1558
f 2442/663/627 2441/664/1559 2443/665/1560
f 2441/664/1559 2444/666/1561 2443/665/1560
f 2444/666/1561 2441/664/1559 2445/667/1562
f 2451/668/1563 2452/655/1564 2450/669/1565 2453/670/1566
f 2458/671/1567 2459/672/1568 2457/673/1569 2460/674/1570
f 2454/644/1571 2455/675/1572 2456/645/1573
f 2462/676/1574 2463/654/1575 2461/655/1576 2464/668/1577
f 2483/677/1578 2484/678/1579 2482/679/1580 2485/680/1581
f 2465/681/1582 2466/682/1583 2467/683/1584
f 2466/682/1583 2465/681/1582 2468/684/1585
f 2469/654/1586 2470/653/1587 2471/685/1588
f 2472/686/1589 2473/687/1589 2474/688/1590
f 2475/689/1591 2472/686/1589 2474/688/1590
f 2476/690/1592 2477/691/1593 2478/692/1594
f 2479/676/1595 2480/685/1596 2481/654/1597
f 2976/680/1598 2977/693/1599 2979/694/1600 2978/677/1601
f 2486/671/1602 2487/695/1603 2488/672/1604
f 2489/677/1605 2490/696/1606 2491/678/1607
f 2494/697/1608 2493/698/1609 2492/699/1610
f 2494/697/1608 2492/699/1610 2495/700/1611
f 2497/701/1612 2498/702/1613 2496/703/1614
f 2496/703/1614 2498/702/1613 2499/704/1615
f 2500/705/1616 2501/706/1617 2502/707/1618
f 2501/706/1617 2500/705/1616 2503/708/1619
f 2504/709/1620 2505/710/1621 2506/711/1622
f 2505/710/1621 2504/709/1620 2507/712/1623
f 2505/710/1624 2508/713/701 2509/714/1625
f 2510/715/1626 2511/716/1627 2512/717/1628
f 2513/718/1629 2514/707/1630 2515/719/1631
f 2514/707/1630 2513/718/1629 2516/705/1616
f 2517/720/1632 2518/721/1633 2519/722/1634
f 2518/721/1633 2517/720/1632 2520/723/1635
f 2521/724/1636 2522/725/1637 2523/726/1638
f 2523/726/1638 2524/727/1639 2521/724/1636
f 2525/728/1640 2526/690/1641 2527/692/1642
f 2528/729/1643 2529/730/1644 2530/731/1645
f 2529/730/1644 2528/729/1643 2531/732/1646
f 2532/733/1647 2533/734/1648 2534/735/1649
f 2536/734/1650 2535/736/1651 2537/737/1652
f 2538/738/1653 2539/739/1654 2540/740/1655
f 2539/739/1654 2538/738/1653 2541/741/1656
f 2542/742/1657 2543/743/1658 2544/744/1658
f 2544/744/1658 2545/745/1659 2542/742/1657
f 2546/746/1660 2547/731/1661 2548/747/1662
f 2547/731/1661 2546/746/1660 2549/729/1663
f 2550/681/1664 2551/683/1665 2552/748/1666
f 2553/704/1667 2554/702/1668 2555/749/1669
f 2556/750/1670 2557/751/1671 2558/752/1672
f 2559/753/1673 2560/754/1674 2561/755/1675
f 2560/754/1674 2559/753/1673 2562/756/1676
f 2563/757/1677 2564/753/1678 2561/755/1679
f 2563/757/1677 2565/758/1680 2564/753/1678
f 2566/759/1681 2567/719/1631 2568/760/1682
f 2567/719/1631 2566/759/1681 2569/718/1683
f 2570/761/1684 2571/762/1685 2572/763/1686
f 2572/763/1686 2571/762/1685 2573/764/1687
f 2576/765/1688 2575/766/1609 2574/767/1610
f 2576/765/1688 2574/767/1610 2577/768/1689
f 2577/768/1690 2578/769/1691 2579/765/1692
f 2580/770/1693 2581/771/1633 2582/772/1634
f 2581/771/1633 2580/770/1693 2583/773/1694
f 2584/764/1695 2585/762/1696 2586/774/1697
f 2588/775/1698 2589/776/1699 2587/777/1700
f 2587/777/1700 2589/776/1699 2590/778/1701
f 2593/779/1702 2592/780/1703 2591/781/1610
f 2593/779/1702 2591/781/1610 2594/782/1704
f 2595/778/1705 2596/776/1706 2597/783/1707
f 2598/752/1708 2599/784/1709 2600/750/1710
f 2599/784/1709 2598/752/1708 2601/785/1711
f 2602/666/1712 2603/667/1713 2604/786/1714
f 2605/787/1715 2606/788/1716 2607/789/1717
f 2608/790/1718 2606/788/1716 2605/787/1715
f 2609/717/1719 2610/787/1720 2607/789/1721
f 2609/717/1719 2607/789/1721 2611/715/1722
f 2612/791/1723 2613/756/1724 2614/792/1725
f 2613/756/1724 2612/791/1723 2615/754/1726
f 2616/725/1727 2617/793/1728 2618/794/1729
f 2619/795/1730 2620/796/1633 2621/797/1731
f 2620/796/1633 2619/795/1730 2622/798/1732
f 2623/799/1733 2624/800/1734 2625/801/1735
f 2625/801/1735 2624/800/1734 2626/802/1736
f 2627/803/1737 2628/804/1738 2629/764/1739
f 2632/805/1740 2631/806/767 2630/807/1741
f 2633/802/1742 2634/800/1743 2635/808/1744
f 2636/700/1745 2637/809/1746 2638/697/1747
f 2639/720/1748 2640/810/1749 2641/723/1750
f 2644/811/1751 2643/812/1609 2642/813/1610
f 2644/811/1751 2642/813/1610 2645/814/1752
f 2646/725/1753 2647/724/1754 2648/815/1755
f 2646/725/1753 2648/815/1755 2649/794/1756
f 2650/804/1757 2651/774/1758 2652/764/1759
f 2653/709/1760 2654/711/1761 2655/816/1762
f 2656/817/1763 2657/818/1764 2658/819/1731
f 2657/818/1764 2656/817/1763 2659/820/1765
f 2660/642/1766 2661/641/1767 2662/639/1768
f 2661/641/1767 2660/642/1766 2663/821/1769
f 2664/770/1770 2665/822/1771 2666/773/1772
f 2668/823/1773 2667/824/1774 2669/825/1775
f 2670/746/1776 2671/742/1777 2672/745/1778
f 2673/785/1779 2674/826/1780 2675/784/1781
f 2673/785/1779 2676/827/1782 2674/826/1780
f 2679/828/1783 2678/829/1784 2677/830/1785
f 2681/689/1786 2680/686/1787 2682/831/1788
f 2683/782/1789 2684/832/1790 2685/779/1791
f 2686/789/1792 2687/833/1793 2688/788/1794
f 2687/833/1793 2686/789/1792 2689/834/1795
f 2690/715/1796 2689/834/1795 2686/789/1792
f 2691/835/1797 2692/724/1798 2693/727/1799
f 2692/724/1798 2691/835/1797 2694/836/1800
f 2695/759/1801 2696/760/1802 2697/837/1803
f 2700/838/1804 2699/839/1609 2698/840/1610
f 2700/838/1804 2698/840/1610 2701/841/1805
f 2701/841/1806 2702/842/1807 2703/838/1808
f 2704/791/1809 2705/792/1810 2706/843/1811
f 2707/838/1812 2708/844/1764 2709/839/1634
f 2708/844/1764 2707/838/1812 2710/845/1694
f 2711/795/1813 2712/846/1814 2713/798/1815
f 2714/784/1816 2715/847/1817 2716/826/1818
f 2719/848/1740 2718/849/1784 2717/850/1819
f 2721/851/1820 2720/825/1821 2722/852/1822
f 2723/814/1823 2724/853/1824 2725/811/1825
f 2728/817/1826 2727/819/1609 2726/854/1610
f 2728/817/1826 2726/854/1610 2729/855/1827
f 2730/817/1828 2731/856/1829 2732/820/1830
f 2733/750/1831 2734/857/1832 2735/784/1833
f 2736/811/1834 2737/858/1764 2738/812/1835
f 2737/858/1764 2736/811/1834 2739/859/1836
f 2740/824/1837 2741/852/1838 2742/825/1839
f 2743/838/1840 2744/842/1841 2745/845/1772
f 2748/860/1740 2747/861/767 2746/862/1741
f 2749/752/1842 2750/863/1843 2751/785/1844
f 2750/863/1843 2749/752/1842 2752/864/1845
f 2749/752/1842 2753/751/1846 2752/864/1845
f 2756/795/1608 2755/797/1609 2754/865/1610
f 2756/795/1608 2754/865/1610 2757/866/1847
f 2758/855/1692 2759/856/1848 2760/817/1791
f 2761/800/1849 2762/867/1850 2763/808/1851
f 2764/779/1852 2765/868/1764 2766/780/1731
f 2765/868/1764 2764/779/1852 2767/869/1853
f 2768/870/1854 2769/800/1855 2770/799/1856
f 2769/800/1855 2768/870/1854 2771/867/1857
f 2772/811/1858 2773/853/1859 2774/859/1860
f 2775/688/1861 2776/871/1862 2777/872/1863
f 2776/871/1862 2775/688/1861 2778/687/1864
f 2781/873/765 2780/874/1784 2779/875/1785
f 2782/785/1865 2783/876/1866 2784/827/1867
f 2783/876/1866 2782/785/1865 2785/863/1868
f 2786/866/1869 2787/846/1870 2788/795/1871
f 2789/776/1872 2790/877/1873 2791/783/1874
f 2792/779/1875 2793/832/1876 2794/869/1840
f 2795/878/1877 2796/737/1878 2797/736/1879
f 2798/717/1880 2799/879/1881 2800/787/1882
f 2799/879/1881 2798/717/1880 2801/880/1883
f 2804/770/1884 2803/772/1609 2802/881/1610
f 2804/770/1884 2802/881/1610 2805/882/1885
f 2805/882/1886 2806/822/1887 2807/770/1789
f 2808/857/1888 2809/863/1889 2810/847/1890
f 2811/765/1891 2812/883/1764 2813/766/1731
f 2812/883/1764 2811/765/1891 2814/884/1892
f 2815/885/1893 2816/776/1894 2817/775/1895
f 2816/776/1894 2815/885/1893 2818/877/1896
f 2819/836/1897 2820/815/1898 2821/724/1899
f 2820/815/1898 2819/836/1897 2822/886/1898
f 2820/815/1898 2822/886/1898 2823/887/1900
f 2824/762/1901 2825/888/1902 2826/774/1903
f 2829/889/861 2828/890/1904 2827/891/1905
f 2830/765/1906 2831/769/1907 2832/884/1908
f 2835/720/1826 2834/722/1609 2833/892/1909
f 2835/720/1826 2833/892/1909 2836/893/1910
f 2837/702/1911 2838/894/1912 2839/749/1913
f 2840/895/1914 2841/762/1915 2842/761/1916
f 2841/762/1915 2840/895/1914 2843/888/1917
f 2844/755/1918 2845/896/1919 2846/897/1918
f 2845/896/1919 2844/755/1918 2847/754/1920
f 2848/697/1921 2849/898/1922 2850/698/1923
f 2849/898/1922 2848/697/1921 2851/899/1924
f 2852/900/1925 2853/708/1926 2854/705/1927
f 2853/708/1926 2852/900/1925 2855/901/1926
f 2856/893/1928 2857/810/1929 2858/720/1930
f 2859/757/1931 2860/897/1918 2861/902/1932
f 2860/897/1918 2859/757/1931 2862/755/1918
f 2863/697/1933 2864/809/1934 2865/899/1935
f 2868/903/861 2867/904/767 2866/905/1936
f 2869/906/1937 2870/738/1937 2871/907/1938
f 2870/738/1937 2872/740/1939 2871/907/1938
f 2873/908/1940 2874/702/1941 2875/701/1942
f 2874/702/1941 2873/908/1940 2876/894/1943
f 2877/713/1944 2878/909/1945 2879/910/1946
f 2878/909/1945 2877/713/1944 2880/712/1947
f 2881/886/1948 2882/793/1949 2883/836/1950
f 2885/857/1951 2884/864/1952 2886/863/1953
f 2887/787/1954 2888/911/1955 2889/790/1956
f 2888/911/1955 2887/787/1954 2890/879/1957
f 2891/834/1958 2892/879/1959 2893/833/1960
f 2891/834/1961 2894/880/1962 2895/879/1963
f 2896/888/1964 2897/774/1965 2898/804/1966
f 2899/912/1967 2900/910/1946 2901/913/1968
f 2900/910/1946 2899/912/1967 2902/713/1969
f 2905/914/1740 2904/915/1904 2903/916/1936
f 2906/684/1970 2907/681/1971 2908/917/1972
f 2908/917/1972 2907/681/1971 2909/918/1973
f 2910/744/1974 2911/919/1975 2912/745/1976
f 2911/919/1975 2910/744/1974 2913/920/1974
f 2914/663/1977 2915/921/1978 2916/922/1977
f 2915/921/1978 2914/663/1977 2917/665/1979
f 2918/923/1980 2919/924/1981 2920/925/1982
f 2921/926/1983 2922/732/1984 2923/729/1985
f 2922/732/1984 2921/926/1983 2924/927/1986
f 2925/746/1987 2926/926/1988 2923/729/1985
f 2927/928/1989 2926/926/1988 2925/746/1987
f 2929/929/1990 2930/690/1991 2928/930/1992
f 2928/930/1992 2930/690/1991 2931/728/1993
f 2932/931/1994 2934/690/1995 2933/929/1996
f 2934/690/1995 2932/931/1994 2935/691/1997
f 2936/932/1998 2937/933/1998 2938/934/1998
f 2937/933/1998 2939/935/1998 2938/934/1998
f 2942/888/1999 2941/804/2000 2940/936/2001
f 2943/918/2002 2944/681/2003 2945/748/2004
f 2946/757/2005 2947/907/2006 2948/740/2007
f 2949/937/2008 2951/938/2009 2950/939/2010
f 2952/923/2011 2953/927/2012 2954/924/2013
f 2953/927/2012 2952/923/2011 2955/732/2014
f 2958/940/765 2957/941/1784 2956/942/1785
f 2959/694/2015 2960/696/2016 2961/677/2017
f 2962/943/2018 2963/944/2019 2964/640/2020
f 2966/831/2021 2967/872/2022 2965/945/2023
f 2967/872/2022 2966/831/2021 2968/871/2024
f 2969/946/2025 2970/695/2026 2971/671/2027
f 2972/947/2028 2973/922/2029 2974/948/2030
f 2973/922/2029 2972/947/2028 2975/663/2031
f 2980/668/2032 2981/949/2033 2983/950/2034 2982/676/2035
f 2986/674/2036 2987/951/2037 2989/946/2038 2988/671/2039
f 2983/950/2040 2984/685/2041 2985/676/2042
f 2990/949/2043 2991/668/2044 2993/670/2045 2992/952/2046
f 3003/647/2047 3004/953/2048 3006/954/2049 3005/644/2050
f 2994/954/2051 2995/675/2052 2996/644/2053
f 2998/659/2054 2997/955/2055 2999/657/2054
f 3000/653/2056 3001/950/2057 3002/685/2058
f 3007/413/2059 3008/956/2060 3010/957/2061 3009/410/2062
f 3011/652/2063 3012/949/2064 3013/950/2065 3014/653/2066
f 3030/407/2067 3031/409/2068 3033/398/2069 3034/958/2070 3029/959/2071 3032/960/2072
f 3015/949/2073 3016/652/2074 3017/656/2075
f 3018/961/1526 3019/962/2076 3020/963/2077
f 3021/961/2078 3022/650/2079 3023/649/2080
f 3024/963/2081 3021/961/2078 3023/649/2080
f 3026/642/2082 3027/964/2083 3025/821/2083
f 3026/642/2082 3028/944/2084 3027/964/2083
f 3036/404/2085 3037/965/2086 3035/966/2087 3040/967/2088 3039/395/2089 3038/408/2090
f 3041/405/2091 3042/968/2092 3043/965/2093 3044/404/2094
f 3045/407/2095 3046/960/2096 3048/968/2097 3047/405/2098
f 3050/390/2099 3051/403/2100 3053/394/2101 3054/969/2102 3049/970/2103 3052/971/2104
f 3056/401/2105 3057/972/2106 3055/973/2107 3060/974/2108 3059/393/2109 3058/402/2110
f 3074/359/2111 3073/973/2112 3075/972/2113 3076/358/2114
f 3061/389/2115 3062/975/2115 3063/972/1173
f 3064/971/2116 3066/975/2117 3065/389/2118
f 3067/958/2119 3068/398/2120 3069/399/2121
f 3070/967/2122 3071/397/2123 3072/395/2124
f 3079/971/2125 3077/970/2126 3078/354/2127 3080/355/2128
f 3081/384/2129 3082/385/2130 3083/382/2131 3084/383/2132
f 3085/387/2133 3086/386/2134 3088/385/2135 3087/384/2136
f 3090/367/2137 3089/966/2138 3091/965/2139 3092/366/2140
f 3095/960/2141 3093/959/2142 3094/362/2143 3096/363/2144
f 3115/380/2145 3116/379/2146 3117/323/2147 3118/370/2148
f 3099/386/2149 3098/387/2150 3097/392/2151
f 3102/382/2152 3100/391/2153 3101/383/2154
f 3103/969/2155 3104/394/2156 3105/338/2157
f 3106/974/2158 3107/344/2159 3108/393/2160
f 3109/343/2161 3110/344/2162 3111/974/2163
f 3112/339/2164 3113/969/2165 3114/338/2166
f 3119/372/2167 3120/318/2168 3122/379/2169 3121/380/2170
f 3132/372/2171 3133/373/2172 3131/319/2173 3134/318/2174
f 3123/976/2175 3124/977/2176 3125/978/2177
f 3125/978/2177 3124/977/2176 3126/979/2176
f 3127/977/2176 3128/980/2178 3129/979/2176
f 3128/980/2178 3127/977/2176 3130/981/2179
f 3136/370/2180 3137/323/2181 3135/322/2182 3138/371/2183
f 3140/377/2184 3141/319/2185 3139/373/2186 3142/376/2187
f 3144/374/2188 3145/375/2189 3143/371/2190 3146/322/2191
f 3148/341/2192 3149/349/2193 3151/350/2194 3152/352/2195 3147/353/2196 3150/982/2197
f 3154/324/2198 3155/983/2199 3153/314/2200 3158/346/2201 3157/348/2202 3156/345/2203
f 3159/325/2204 3160/326/2205 3161/983/2206 3162/324/2207
f 3163/341/2208 3164/982/2209 3166/326/2210 3165/325/2211
f 3168/323/2212 3169/320/2213 3167/321/2214 3170/322/2215
f 3172/318/2216 3173/319/2217 3171/316/2218 3174/317/2219
f 3190/983/2220 3191/312/2221 3189/313/2222 3192/314/2223
f 3175/377/2224 3176/376/2224 3177/381/2225
f 3178/374/2226 3179/378/2227 3180/375/2226
f 3181/984/2228 3182/976/2229 3183/978/2230
f 3182/976/2229 3181/984/2228 3184/985/2231
f 3185/981/2232 3186/986/1589 3187/980/2232
f 3186/986/1589 3185/981/2232 3188/987/2233
f 3194/982/2234 3195/353/2235 3193/988/2236 3196/989/2237
f 3915/990/2238 3916/459/2239 3914/991/2240 3917/992/2241
f 3197/352/2242 3198/350/2243 3199/351/2244
f 3200/346/2245 3201/347/2246 3202/348/2247
f 3203/993/2248 3204/994/2249 3205/995/2250
f 3204/994/2249 3203/993/2248 3206/996/2251
f 3207/997/2252 3208/993/2250 3209/995/2250
f 3208/993/2250 3207/997/2252 3210/998/2253
f 3211/999/2254 3212/997/2255 3213/1000/2256
f 3212/997/2255 3211/999/2254 3214/998/2257
f 3215/994/2258 3216/1001/2259 3217/1002/2260
f 3216/1001/2259 3215/994/2258 3218/996/2251
f 3219/1003/2250 3220/1004/2261 3221/1005/2250
f 3220/1004/2261 3219/1003/2250 3222/1006/2262
f 3223/1007/2252 3224/1003/2248 3225/1005/2250
f 3224/1003/2248 3223/1007/2252 3226/1008/2253
f 3228/1009/2263 3227/1010/2264 3229/1011/2265
f 3229/1011/2265 3230/1012/2266 3228/1009/2263
f 3232/1013/2267 3231/1014/2268 3233/1015/2268
f 3234/1016/2269 3235/1017/2270 3236/1018/2271
f 3236/1018/2271 3235/1017/2270 3237/1019/2272
f 3237/1019/2273 3238/1020/2274 3239/1018/2275
f 3240/1014/2276 3241/1021/2277 3242/1015/2276
f 3243/1022/2278 3244/1023/2279 3245/1024/2280
f 3244/1023/2279 3243/1022/2278 3246/1025/2281
f 3247/1026/2282 3248/1027/2283 3249/1028/2284
f 3249/1028/2284 3248/1027/2283 3250/1029/2285
f 3251/1030/2286 3252/1007/2255 3253/1031/2287
f 3252/1007/2255 3251/1030/2286 3254/1008/2257
f 3255/1004/2258 3256/1032/2259 3257/1033/2260
f 3256/1032/2259 3255/1004/2258 3258/1006/2251
f 3259/1012/2288 3260/1011/2288 3261/1034/2289
f 3262/1035/2248 3263/1036/2249 3264/1037/2250
f 3263/1036/2249 3262/1035/2248 3265/1038/2262
f 3266/1039/2252 3267/1035/2290 3268/1037/2250
f 3267/1035/2290 3266/1039/2252 3269/1040/2291
f 3270/1041/2254 3271/1039/2255 3272/1042/2292
f 3271/1039/2255 3270/1041/2254 3273/1040/2291
f 3274/1028/2293 3275/1043/2294 3276/1044/2295
f 3276/1044/2295 3275/1043/2294 3277/1045/2294
f 3278/1043/2294 3279/1046/2296 3280/1045/2294
f 3278/1043/2294 3281/1023/2297 3279/1046/2296
f 3282/1036/2298 3283/1047/2259 3284/1048/2299
f 3283/1047/2259 3282/1036/2298 3285/1038/2300
f 3286/993/2301 3287/1049/2302 3288/1050/2303
f 3286/993/2301 3288/1050/2303 3289/996/2304
f 3290/998/2305 3291/1051/2306 3292/993/2307
f 3291/1051/2306 3293/1049/2308 3292/993/2307
f 3294/1052/2309 3295/1028/2310 3296/1044/2311
f 3295/1028/2310 3294/1052/2309 3297/1026/2312
f 3298/1025/2313 3299/1053/2314 3300/1023/2315
f 3302/1054/2316 3301/996/2317 3304/1050/2318
f 3303/1001/2319 3305/1054/2320 3306/1055/2321
f 3308/998/2322 3307/1056/2323 3310/1051/2324
f 3311/1057/2325 3312/1058/2326 3309/999/2327
f 3313/1059/2328 3314/1060/2329 3315/1061/2330
f 3315/1061/2330 3314/1060/2329 3316/1062/2331
f 3317/1063/2332 3318/1064/2333 3319/1065/2334
f 3318/1064/2333 3317/1063/2332 3320/1066/2335
f 3322/1067/2336 3321/1026/2337 3323/1052/2338
f 3325/1025/2339 3324/1068/2340 3326/1053/2341
f 3327/1069/2294 3328/1070/2342 3329/1071/2343
f 3328/1070/2342 3327/1069/2294 3330/1072/2344
f 3331/1070/2342 3332/1073/2345 3329/1071/2342
f 3334/1073/2346 3333/1074/2347 3335/1075/2348
f 3335/1075/2348 3336/1076/2349 3334/1073/2346
f 3337/1077/2350 3338/1078/2351 3339/1079/2351
f 3340/1080/2352 3341/1077/2353 3342/1081/2354
f 3342/1081/2354 3341/1077/2353 3343/1082/2355
f 3344/1083/2356 3345/1084/2357 3346/1055/2358
f 3347/1078/2359 3348/1072/2294 3349/1079/2351
f 3349/1079/2351 3348/1072/2294 3350/1069/2294
f 3351/993/2248 3352/994/2249 3353/995/2250
f 3352/994/2249 3351/993/2248 3354/996/2251
f 3355/997/2252 3356/993/2250 3357/995/2250
f 3356/993/2250 3355/997/2252 3358/998/2360
f 3359/1058/2361 3360/1057/2362 3361/1085/2363
f 3362/999/2286 3363/997/2255 3364/1000/2364
f 3363/997/2255 3362/999/2286 3365/998/2257
f 3366/994/2258 3367/1001/2259 3368/1002/2260
f 3367/1001/2259 3366/994/2258 3369/996/2365
f 3370/1003/2366 3371/1086/2367 3372/1087/2368
f 3370/1003/2366 3372/1087/2368 3373/1006/2304
f 3374/1008/2305 3375/1088/2306 3376/1003/2307
f 3375/1088/2306 3377/1086/2369 3376/1003/2307
f 3378/1082/2370 3379/1089/2371 3380/1081/2372
f 3381/1076/2373 3382/1075/2374 3383/1090/2375
f 3385/1091/2376 3384/1006/2377 3387/1087/2318
f 3386/1032/2378 3388/1091/2320 3389/1092/2379
f 3391/1008/2380 3390/1093/2381 3393/1088/2382
f 3394/1094/2383 3395/1095/2384 3392/1030/2385
f 3396/1061/2386 3397/1096/2294 3398/1097/2387
f 3398/1097/2387 3397/1096/2294 3399/238/2294
f 3400/1096/2294 3401/1098/2388 3402/238/2294
f 3401/1098/2388 3400/1096/2294 3403/1064/2389
f 3404/1099/2390 3405/1061/2391 3406/1097/2392
f 3405/1061/2391 3404/1099/2390 3407/1059/2393
f 3407/1059/2394 3408/1099/2395 3409/1100/2396
f 3409/1100/2396 3408/1099/2395 3410/1101/2397
f 3411/1064/2398 3412/1102/2399 3413/1098/2400
f 3412/1102/2399 3411/1064/2398 3414/1066/2401
f 3412/1102/2399 3414/1066/2401 3415/1103/2402
f 3415/1103/2402 3416/1104/2403 3412/1102/2399
f 3416/1104/2404 3417/1103/2405 3418/1105/2406
f 3419/1106/2407 3420/1107/2408 3421/1108/2409
f 3422/1003/2250 3423/1004/2249 3424/1005/2250
f 3423/1004/2249 3422/1003/2250 3425/1006/2410
f 3426/1007/2252 3427/1003/2248 3428/1005/2250
f 3427/1003/2248 3426/1007/2252 3429/1008/2411
f 3430/1109/2412 3431/1110/2413 3432/1111/2414
f 3433/1101/2415 3434/1112/2416 3435/1100/2417
f 3436/1113/2418 3437/1114/2419 3438/1092/2420
f 3439/1035/2366 3440/1115/2421 3441/1116/2303
f 3439/1035/2366 3441/1116/2303 3442/1038/2422
f 3443/1040/2305 3444/1117/2306 3445/1035/2307
f 3444/1117/2306 3446/1115/2423 3445/1035/2307
f 3447/1030/2254 3448/1007/2252 3449/1031/2424
f 3448/1007/2252 3447/1030/2254 3450/1008/2257
f 3451/1095/2425 3452/1094/2426 3453/1118/2427
f 3454/1004/2258 3455/1032/2428 3456/1033/2260
f 3455/1032/2428 3454/1004/2258 3457/1006/2251
f 3459/1119/2429 3458/1038/2430 3461/1116/2318
f 3460/1047/2431 3462/1119/2432 3463/1120/2433
f 3465/1040/2380 3464/1121/2323 3467/1117/2324
f 3468/1122/2434 3469/1123/2434 3466/1041/2435
f 3471/127/2436 3470/1124/2437 3472/1125/2438
f 3473/1126/2439 3474/130/2440 3475/1127/2441
f 3476/1128/2442 3477/1129/2443 3478/1120/2444
f 3479/1130/2445 3480/1131/2446 3481/1132/2447
f 3483/1133/2448 3482/1134/2449 3484/1135/2450
f 3485/1123/2451 3486/1122/2451 3487/1136/2452
f 3488/1035/2250 3489/1036/2249 3490/1037/2248
f 3489/1036/2249 3488/1035/2250 3491/1038/2410
f 3492/1039/2252 3493/1035/2248 3494/1037/2250
f 3493/1035/2248 3492/1039/2252 3495/1040/2411
f 3496/1036/2258 3497/1047/2428 3498/1048/2260
f 3497/1047/2428 3496/1036/2258 3499/1038/2251
f 3500/1137/2453 3501/1132/2454 3502/1138/2453
f 3501/1132/2454 3500/1137/2453 3503/1130/2455
f 3504/1135/2456 3505/1137/2453 3506/1133/2457
f 3506/1133/2457 3505/1137/2453 3507/1138/2453
f 3508/218/2458 3510/1139/2459 3509/217/2460
f 3511/187/2461 3512/1140/2462 3510/1139/2459
f 3515/1141/2463 3514/215/2464 3513/216/2465
f 3517/1142/2466 3516/191/2467 3515/1141/2468
f 3518/993/2301 3519/1049/2302 3520/1050/2303
f 3518/993/2301 3520/1050/2303 3521/996/2469
f 3522/998/2305 3523/1051/2470 3524/993/2471
f 3523/1051/2470 3525/1049/2308 3524/993/2471
f 3526/158/2472 3528/156/2473 3527/1125/2474
f 3529/153/2475 3530/154/2476 3531/1127/2477
f 3532/1041/2254 3533/1039/2252 3534/1042/2478
f 3533/1039/2252 3532/1041/2254 3535/1040/2257
f 3537/1054/2429 3536/996/2479 3539/1050/2480
f 3538/1001/2481 3540/1054/2320 3541/1055/2482
f 3543/998/2483 3542/1056/2381 3545/1051/2484
f 3546/1057/2485 3547/1058/2326 3544/999/2385
f 3548/1083/2356 3549/1143/2486 3550/1055/2356
f 3551/1058/2487 3552/1057/2488 3553/1144/2489
f 3554/994/2258 3555/1001/2428 3556/1002/2260
f 3555/1001/2428 3554/994/2258 3557/996/2251
f 3558/999/2254 3559/997/2255 3560/1000/2424
f 3559/997/2255 3558/999/2254 3561/998/2257
f 3562/993/2250 3563/994/2249 3564/995/2248
f 3563/994/2249 3562/993/2250 3565/996/2490
f 3566/997/2252 3567/993/2250 3568/995/2250
f 3567/993/2250 3566/997/2252 3569/998/2411
f 3570/1008/2305 3571/1088/2306 3572/1003/2307
f 3571/1088/2306 3573/1086/2491 3572/1003/2307
f 3574/1003/2366 3575/1086/2492 3576/1087/2303
f 3574/1003/2366 3576/1087/2303 3577/1006/2304
f 3579/1091/2316 3578/1006/2430 3581/1087/2318
f 3580/1032/2493 3582/1091/2494 3583/1092/2495
f 3585/1008/2496 3584/1093/2381 3587/1088/2497
f 3588/1094/2384 3589/1095/2498 3586/1030/2327
f 3590/1113/2499 3591/1145/2500 3592/1092/2501
f 3593/1095/2502 3594/1094/2503 3595/1146/2504
f 3598/1140/2505 3597/1147/2506 3596/1139/2507
f 3599/1148/2508 3600/1142/2509 3601/1141/2510
f 3602/1003/2250 3603/1004/2249 3604/1005/2248
f 3603/1004/2249 3602/1003/2250 3605/1006/2410
f 3606/1007/2252 3607/1003/2250 3608/1005/2250
f 3607/1003/2250 3606/1007/2252 3609/1008/2411
f 3611/1149/2511 3610/308/2512 3612/1150/2513
f 3614/1151/2514 3615/1152/2515 3613/309/2516
f 3616/1040/2305 3617/1117/2306 3618/1035/2307
f 3617/1117/2306 3619/1115/2491 3618/1035/2307
f 3620/1035/2366 3621/1115/2421 3622/1116/2368
f 3620/1035/2366 3622/1116/2368 3623/1038/2422
f 3624/1030/2254 3625/1007/2252 3626/1031/2424
f 3625/1007/2252 3624/1030/2254 3627/1008/2257
f 3628/1004/2258 3629/1032/2517 3630/1033/2260
f 3629/1032/2517 3628/1004/2258 3631/1006/2251
f 3632/1128/2518 3633/1153/2519 3634/1120/2520
f 3636/1119/2429 3635/1038/2422 3638/1116/2303
f 3637/1047/2521 3639/1119/2320 3640/1120/2522
f 3641/1123/2451 3642/1122/2523 3643/1154/2524
f 3645/1040/2380 3644/1121/2323 3647/1117/2324
f 3648/1122/2525 3649/1123/2526 3646/1041/2327
f 3650/1036/2258 3651/1047/2259 3652/1048/2260
f 3651/1047/2259 3650/1036/2258 3653/1038/2251
f 3654/1035/2250 3655/1036/2249 3656/1037/2248
f 3655/1036/2249 3654/1035/2250 3657/1038/2262
f 3658/1039/2252 3659/1035/2250 3660/1037/2250
f 3659/1035/2250 3658/1039/2252 3661/1040/2253
f 3662/1083/2527 3663/1155/2528 3664/1055/2529
f 3665/1058/2530 3666/1057/2530 3667/1156/2531
f 3668/998/2305 3669/1051/2306 3670/993/2471
f 3669/1051/2306 3671/1049/2491 3670/993/2471
f 3672/993/2366 3673/1049/2421 3674/1050/2368
f 3672/993/2366 3674/1050/2368 3675/996/2532
f 3676/1041/2254 3677/1039/2533 3678/1042/2424
f 3677/1039/2533 3676/1041/2254 3679/1040/2257
f 3681/1054/2534 3680/996/2430 3683/1050/2318
f 3682/1001/2319 3684/1054/2494 3685/1055/2535
f 3687/998/2536 3686/1056/2381 3689/1051/2382
f 3690/1057/2537 3691/1058/2537 3688/999/2327
f 3692/1095/2538 3693/1094/2539 3694/1157/2540
f 3695/1113/2499 3696/1158/2541 3697/1092/2542
f 3700/1159/2543 3698/1160/2544 3699/1161/2545
f 3698/1160/2544 3700/1159/2543 3701/1162/2546
f 3702/1163/2547 3703/1164/2548 3704/131/2549
f 3705/1008/2305 3706/1088/2306 3707/1003/2307
f 3706/1088/2306 3708/1086/2423 3707/1003/2307
f 3709/1003/2366 3710/1086/2550 3711/1087/2303
f 3709/1003/2366 3711/1087/2303 3712/1006/2469
f 3713/275/2551 3714/1165/2552 3715/169/2553
f 3716/1166/2554 3717/1125/2555 3718/156/2556
f 3719/274/2557 3720/167/2558 3721/1167/2559
f 3723/1168/2560 3722/1169/2561 3724/1170/2562
f 3725/1171/2563 3724/1170/2562 3722/1169/2561
f 3727/1127/2564 3726/1172/2565 3728/153/2566
f 3730/1091/2316 3729/1006/2430 3732/1087/2567
f 3731/1032/2493 3733/1091/2320 3734/1092/2495
f 3736/1008/2496 3735/1093/2381 3738/1088/2382
f 3739/1094/2568 3740/1095/2569 3737/1030/2327
f 3742/1173/2570 3741/1174/2571 3743/134/2572
f 3744/1175/2573 3745/1176/2574 3746/1177/2575
f 3745/1176/2574 3747/1178/2575 3746/1177/2575
f 3748/1177/2575 3749/1178/2575 3750/1179/2576
f 3748/1177/2575 3750/1179/2576 3751/1180/2577
f 3752/1181/2578 3753/1182/2579 3754/1183/2580
f 3753/1182/2579 3752/1181/2578 3755/1184/2578
f 3756/1123/2581 3757/1122/2581 3758/1185/2582
f 3759/1128/2583 3760/1186/2584 3761/1120/2585
f 3762/1187/2586 3763/1188/2587 3764/1189/2586
f 3763/1188/2587 3762/1187/2586 3765/1190/2588
f 3766/1191/2589 3767/1192/2590 3768/1170/2591
f 3766/1191/2589 3768/1170/2591 3769/1171/2592
f 3770/1162/2593 3771/1159/2594 3772/1191/2589
f 3771/1159/2594 3773/1192/2590 3772/1191/2589
f 3774/1040/2305 3775/1117/2306 3776/1035/2471
f 3775/1117/2306 3777/1115/2369 3776/1035/2471
f 3778/1035/2366 3779/1115/2492 3780/1116/2303
f 3778/1035/2366 3780/1116/2303 3781/1038/2422
f 3782/89/2595 3783/93/2596 3784/1193/2597
f 3786/1193/2598 3785/91/2599 3787/89/2599
f 3789/1119/2429 3788/1038/2422 3791/1116/2303
f 3790/1047/2378 3792/1119/2320 3793/1120/2600
f 3795/1040/2601 3794/1121/2381 3797/1117/2382
f 3798/1122/2602 3799/1123/2525 3796/1041/2603
f 3800/1194/2604 3801/1195/2605 3802/1196/2606
f 3803/1197/2607 3804/1198/2608 3805/1199/2609
f 3806/166/2610 3807/1200/2611 3808/1201/2612
f 3809/1202/2613 3810/1203/2614 3811/1204/2615
f 3812/1205/2616 3813/1206/2617 3814/1201/2618
f 3813/1206/2617 3812/1205/2616 3815/1207/2616
f 3816/1202/2619 3817/1205/2620 3818/1203/2621
f 3817/1205/2620 3816/1202/2619 3819/1207/2616
f 3820/1208/2622 3821/1209/2623 3822/1210/2624
f 3823/1211/2625 3824/1212/2626 3825/1213/2627
f 3826/1214/2628 3827/1215/2629 3828/1212/2630
f 3828/1212/2630 3829/1216/2631 3826/1214/2628
f 3830/1217/2632 3831/1208/2633 3832/1218/2634
f 3832/1218/2634 3831/1208/2633 3833/1219/2635
f 3834/1215/2636 3835/1214/2637 3836/1220/2638
f 3837/1219/2639 3838/1221/2640 3839/1218/2639
f 3840/1222/2641 3841/1213/2642 3842/1223/2643
f 3841/1213/2642 3840/1222/2641 3843/1211/2644
f 3844/1209/2645 3845/1222/2646 3846/1210/2647
f 3846/1210/2647 3845/1222/2646 3847/1223/2648
f 3848/1224/2649 3849/1197/2650 3850/1199/2651
f 3849/1197/2650 3848/1224/2649 3851/1225/2649
f 3852/1195/2652 3853/1224/2653 3854/1196/2654
f 3853/1224/2653 3852/1195/2652 3855/1225/2649
f 3856/45/2655 3857/1226/2655 3858/43/2656
f 3859/1227/2657 3860/45/2658 3861/43/2659
f 3862/1228/2660 3863/1189/2661 3864/1229/2660
f 3863/1189/2661 3862/1228/2660 3865/1187/2586
f 3866/1181/2662 3867/1228/2663 3868/1184/2662
f 3868/1184/2662 3867/1228/2663 3869/1229/2664
f 3871/1230/2665 3870/1231/2666 3872/1232/2667
f 3874/1233/2668 3875/1234/2669 3873/1235/2670
f 3876/1236/2671 3877/1237/2672 3878/1238/2673
f 3877/1237/2672 3876/1236/2671 3879/1239/2674
f 3880/1240/2675 3881/1241/2078 3882/1242/2675
f 3881/1241/2078 3880/1240/2675 3883/1243/2676
f 3884/1244/2677 3885/1245/2678 3886/1246/2678
f 3885/1245/2678 3884/1244/2677 3887/1247/2677
f 3888/1248/2679 3889/1249/2680 3890/1250/2681
f 3889/1249/2680 3888/1248/2679 3891/1251/2680
f 3892/1237/2673 3893/1252/2682 3894/1238/2673
f 3894/1238/2673 3893/1252/2682 3895/1253/2683
f 3896/1252/2682 3897/1242/2684 3898/1253/2683
f 3897/1242/2684 3896/1252/2682 3899/1240/2675
f 3900/1245/2685 3901/1254/2686 3902/1246/2685
f 3902/1246/2685 3901/1254/2686 3903/1255/2686
f 3904/1254/2686 3905/1250/2687 3906/1255/2686
f 3905/1250/2687 3904/1254/2686 3907/1248/2679
f 3909/1256/2688 3908/1257/2689 3910/1258/2690
f 3912/1259/2691 3911/1260/2692 3913/1261/2693
f 3919/991/2694 3920/459/2695 3918/1262/2696 3921/1263/2697
f 3923/1264/2698 3924/1265/2699 3922/1266/2700 3925/1267/2701
f 3927/1266/2702 3928/1265/2703 3926/1268/2704 3929/1269/2705
f 3939/1270/2706 3940/1271/2707 3938/1272/2708 3941/1273/2709
f 3930/1274/2710 3931/1275/2711 3932/1276/1544
f 3933/1277/2711 3932/1276/1544 3931/1275/2711
f 3935/1278/2712 3936/1279/2713 3934/1280/2714
f 3936/1279/2713 3935/1278/2712 3937/1281/2715
f 3943/1272/2716 3944/1271/2717 3942/1282/2718 3945/1283/2719
f 3947/1284/2720 3948/1285/2721 3946/1286/2722 3949/1287/2723
f 3951/1286/2724 3952/1285/2725 3950/1288/2726 3953/1289/2727
f 3963/1290/2728 3964/1291/2729 3962/1292/2730 3965/1293/2731
f 3954/1281/2732 3955/1294/2733 3956/1279/2734
f 3955/1294/2733 3954/1281/2732 3957/1295/2733
f 3958/1294/2733 3959/1277/2735 3960/1275/2735
f 3959/1277/2735 3958/1294/2733 3961/1295/2733
f 3967/1292/2736 3968/1291/2737 3966/1296/2738 3969/1297/2739
f 4457/1292/2740 4458/1298/2741 4459/1299/2742 4460/1293/2743
f 3970/1300/2744 3971/1301/2745 3972/1302/2746
f 3973/1303/2747 3974/1304/2748 3975/1305/2747
f 3974/1304/2748 3973/1303/2747 3976/1306/2749
f 3977/1307/2750 3978/1308/2751 3979/1309/2751
f 3978/1308/2751 3977/1307/2750 3980/1310/2750
f 3981/1307/2750 3982/1311/2752 3983/1310/2753
f 3983/1310/2753 3982/1311/2752 3984/1312/2752
f 3985/1311/2752 3986/1305/2754 3987/1312/2752
f 3986/1305/2754 3985/1311/2752 3988/1303/2754
f 3990/1313/2755 3989/1314/2756 3991/1315/2757
f 3994/1316/2758 3992/1313/2759 3993/1317/2760
f 3994/1316/2761 3995/1317/2762 3996/1318/2763
f 3997/1319/2764 3998/1320/2765 3999/1321/2766
f 4000/1322/2767 4001/1320/2768 4002/1323/2769
f 4002/1323/2770 4003/1324/2771 4004/1322/2772
f 4005/1320/2773 4006/1325/2774 4007/1323/2775
f 4009/1326/2776 4010/1313/2777 4008/1316/2778
f 4011/1327/2779 4012/1328/2752 4013/1329/2780
f 4013/1329/2780 4012/1328/2752 4014/1330/2752
f 4015/1328/2752 4016/1331/2781 4017/1330/2752
f 4016/1331/2781 4015/1328/2752 4018/1332/2782
f 4019/1333/2783 4020/1334/2784 4021/1335/2785
f 4020/1334/2784 4019/1333/2783 4022/1336/2783
f 4023/1337/2786 4024/1338/2787 4025/1339/2788
f 4024/1338/2787 4023/1337/2786 4026/1340/2789
f 4027/1341/2790 4028/1342/2791 4029/1343/2792
f 4030/1344/2793 4031/1341/2794 4029/1343/2795
f 4031/1341/2794 4030/1344/2793 4032/1345/2796
f 4033/1333/2797 4034/1346/2798 4035/1336/2783
f 4035/1336/2783 4034/1346/2798 4036/1347/2799
f 4037/1346/2800 4038/1339/2801 4039/1347/2802
f 4038/1339/2801 4037/1346/2800 4040/1337/2786
f 4041/1348/2803 4042/1349/2804 4043/1350/2805
f 4045/1351/2806 4046/1352/2807 4044/1353/2808
f 4048/1354/2809 4049/1355/2810 4047/1356/2811
f 4050/1357/2812 4048/1354/2809 4047/1356/2811
f 4051/1358/2813 4052/1359/2814 4053/1360/2815
f 4054/1361/2816 4055/1362/2817 4056/1363/2818
f 4056/1363/2818 4055/1362/2817 4057/1364/2819
f 4058/1362/2820 4059/1365/2821 4060/1364/2822
f 4059/1365/2821 4058/1362/2820 4061/1366/2823
f 4062/1367/2824 4063/1368/2825 4064/1369/2826
f 4065/1370/2827 4066/1371/2828 4067/1372/2829
f 4068/1300/2830 4069/1373/2831 4070/1301/2832
f 4069/1373/2831 4068/1300/2830 4071/1374/2833
f 4072/1375/2803 4073/1376/2834 4074/1377/2481
f 4075/1378/2813 4076/1379/2835 4077/1380/2815
f 4080/1381/2836 4079/1382/2837 4078/1383/2838
f 4081/1384/2839 4082/1385/2840 4083/1386/2839
f 4082/1385/2840 4081/1384/2839 4084/1387/2841
f 4085/1384/2839 4086/1388/2842 4087/1389/2843
f 4086/1388/2842 4085/1384/2839 4088/1386/2839
f 4089/1390/2844 4091/1391/2845 4090/1392/2846
f 4091/1391/2845 4089/1390/2844 4092/1393/2847
f 4094/1394/2848 4095/1395/2849 4093/1396/2850
f 4096/1397/2849 4093/1396/2850 4095/1395/2849
f 4097/1352/2851 4098/1398/2852 4099/1399/2852
f 4098/1398/2852 4097/1352/2851 4100/1351/2853
f 4101/1398/2852 4102/1357/2854 4103/1399/2855
f 4102/1357/2854 4101/1398/2852 4104/1354/2856
f 4105/1400/2857 4106/1401/2858 4107/1402/2859
f 4109/1387/2860 4108/1403/2861 4110/1385/2862
f 4108/1403/2861 4109/1387/2860 4111/1401/2863
f 4113/1404/2864 4112/1405/2865 4115/1406/2866
f 4116/1389/2867 4114/1407/2868 4117/1404/2869
f 4114/1407/2868 4116/1389/2867 4118/1388/2870
f 4119/1408/2871 4120/1409/2872 4121/1410/2873
f 4123/1411/2874 4122/1410/2875 4124/1409/2876
f 4125/1412/2877 4126/1413/2878 4127/1414/2879
f 4128/1415/2827 4129/1416/2880 4130/1417/2881
f 4132/1418/2882 4133/1419/2883 4131/1420/2884
f 4134/1421/2885 4135/1422/2804 4136/1423/2805
f 4137/1424/2813 4138/1425/2835 4139/1426/2815
f 4140/1427/2886 4141/1324/2887 4142/1323/2888
f 4143/1428/2889 4144/1316/2890 4145/1318/2891
f 4146/1429/2877 4147/1430/2825 4148/1431/2879
f 4149/1432/2827 4150/1433/2828 4151/1434/2829
f 4152/1435/2892 4153/1436/2892 4154/1437/2893
f 4153/1436/2892 4152/1435/2892 4155/1438/2894
f 4156/1436/2895 4157/1439/2896 4158/1440/2895
f 4156/1436/2895 4158/1440/2895 4159/1437/2897
f 4160/1441/2898 4161/1442/2899 4162/1443/2900
f 4161/1442/2899 4163/1444/2900 4162/1443/2900
f 4164/1443/2900 4165/1444/2900 4166/1445/2901
f 4164/1443/2900 4166/1445/2901 4167/1446/2902
f 4168/1447/2903 4169/1448/2903 4170/1449/2904
f 4171/1450/2905 4172/1451/2906 4173/1452/2905
f 4175/1404/2907 4176/1406/2908 4174/1453/2909
f 4176/1406/2910 4178/1454/2911 4177/1455/2912
f 4179/1456/2913 4180/1457/2914 4181/1458/2915
f 4180/1457/2914 4179/1456/2913 4182/1459/2916
f 4184/1401/2917 4183/1460/2918 4185/1402/2919
f 4185/1402/2920 4186/1461/2921 4187/1462/2922
f 4188/1463/2923 4189/1457/2924 4190/1464/2925
f 4189/1457/2924 4188/1463/2923 4191/1458/2926
f 4192/1313/2927 4193/1465/2928 4194/1466/2929
f 4192/1313/2927 4195/1326/2930 4193/1465/2928
f 4196/1325/2931 4197/1320/2932 4198/1467/2933
f 4198/1467/2933 4197/1320/2932 4199/1468/2934
f 4200/1469/2803 4201/1470/2935 4202/1471/2805
f 4203/1472/2936 4204/1473/2937 4205/1474/2815
f 4206/1475/2938 4207/1476/2939 4208/1477/2938
f 4207/1476/2939 4206/1475/2938 4209/1478/2939
f 4210/1476/2939 4211/1479/2940 4212/1480/2940
f 4211/1479/2940 4210/1476/2939 4213/1478/2939
f 4214/1481/2941 4215/1482/2942 4216/1483/2943
f 4217/1484/2944 4218/1485/2825 4219/1486/2945
f 4220/1487/2827 4221/1488/2946 4222/1489/2829
f 4223/1490/2947 4224/1491/2948 4225/1492/2949
f 4224/1491/2948 4223/1490/2947 4226/1493/2950
f 4227/1491/2951 4228/1494/2952 4229/1495/2953
f 4227/1491/2951 4229/1495/2953 4230/1492/2954
f 4231/1496/2955 4232/1497/2956 4233/1498/2957
f 4234/1393/2847 4235/1499/2958 4236/1391/2847
f 4235/1499/2958 4234/1393/2847 4237/1500/2958
f 4238/1499/2958 4239/1397/2849 4240/1395/2849
f 4239/1397/2849 4238/1499/2958 4241/1500/2958
f 4242/1501/2959 4243/1465/2960 4244/1502/2959
f 4243/1465/2960 4242/1501/2959 4245/1466/2961
f 4246/1468/2962 4247/1501/2959 4248/1467/2963
f 4248/1467/2963 4247/1501/2959 4249/1502/2964
f 4250/1503/2965 4251/1451/2966 4252/1450/2967
f 4253/1504/2968 4254/1447/2969 4255/1449/2970
f 4256/1505/2971 4257/1506/2972 4258/1507/2973
f 4259/1508/2936 4260/1509/2937 4261/1510/2974
f 4263/1511/2975 4264/1477/2976 4262/1512/2977
f 4264/1477/2976 4263/1511/2975 4265/1475/2976
f 4266/1513/2978 4267/1514/2979 4268/1515/2978
f 4267/1514/2979 4266/1513/2978 4269/1483/2980
f 4270/1496/2981 4271/1513/2978 4272/1497/2982
f 4272/1497/2982 4271/1513/2978 4273/1515/2983
f 4274/1516/2984 4275/1480/2985 4276/1517/1862
f 4277/1479/2985 4276/1517/1862 4275/1480/2985
f 4278/1518/2986 4279/1362/2987 4280/1361/2988
f 4279/1362/2987 4278/1518/2986 4281/1519/2989
f 4282/1362/2990 4283/1520/2991 4284/1366/2992
f 4283/1520/2991 4282/1362/2990 4285/1519/2993
f 4286/1521/2877 4287/1506/2825 4288/1522/2879
f 4289/1508/2827 4290/1523/2994 4291/1524/2995
f 4294/1525/2996 4293/1526/2997 4292/1345/2998
f 4294/1525/2996 4292/1345/2998 4295/1527/2999
f 4296/1528/2971 4297/1485/2935 4298/1529/2973
f 4299/1487/2813 4300/1530/2835 4301/1531/3000
f 4302/1346/2990 4303/1532/3001 4304/1337/3001
f 4303/1532/3001 4302/1346/2990 4305/1533/3002
f 4306/1534/3003 4307/1346/2989 4308/1333/3004
f 4307/1346/2989 4306/1534/3003 4309/1533/3005
f 4310/1535/3006 4312/1333/3007 4311/1335/3008
f 4312/1333/3007 4310/1535/3006 4313/1534/3003
f 4315/1340/3009 4316/1337/3010 4314/1536/3011
f 4317/1532/3012 4314/1536/3011 4316/1337/3010
f 4318/1537/2944 4319/1470/2825 4320/1538/2879
f 4321/1472/2827 4322/1539/2880 4323/1540/2881
f 4324/1541/2803 4325/1430/2972 4326/1542/3013
f 4327/1432/2936 4328/1543/2835 4329/1544/2974
f 4330/1545/3014 4331/1328/3015 4332/1327/3016
f 4331/1328/3015 4330/1545/3014 4333/1546/3015
f 4334/1328/3015 4335/1547/3017 4336/1332/3018
f 4335/1547/3017 4334/1328/3015 4337/1546/3015
f 4338/1548/3019 4339/1422/2878 4340/1549/2826
f 4341/1424/2827 4342/1550/2880 4343/1551/2829
f 4344/1552/3020 4346/1307/3021 4345/1309/3022
f 4346/1307/3021 4344/1552/3020 4347/1553/3021
f 4349/1306/3023 4350/1303/3024 4348/1554/3025
f 4351/1555/3026 4348/1554/3025 4350/1303/3024
f 4352/1553/3027 4353/1311/3028 4354/1307/3027
f 4353/1311/3028 4352/1553/3027 4355/1556/3028
f 4356/1311/3028 4357/1555/3029 4358/1303/3030
f 4357/1555/3029 4356/1311/3028 4359/1556/3028
f 4360/1408/3031 4361/1557/3032 4362/1558/3033
f 4361/1557/3032 4360/1408/3031 4363/1559/3034
f 4364/1557/3035 4365/1560/3036 4366/1411/3037
f 4364/1557/3035 4366/1411/3037 4367/1558/3038
f 4368/1561/3039 4369/1562/3040 4370/1563/3041
f 4369/1562/3040 4368/1561/3039 4371/1564/3042
f 4372/1562/3043 4373/1565/3044 4374/1566/3045
f 4372/1562/3043 4374/1566/3045 4375/1563/3046
f 4376/1567/3047 4377/1568/3048 4378/1569/3049
f 4378/1569/3049 4377/1568/3048 4379/1570/3048
f 4380/1568/3048 4381/1571/3050 4382/1570/3051
f 4381/1571/3050 4380/1568/3048 4383/1572/3052
f 4384/1573/2971 4385/1413/3053 4386/1574/2973
f 4387/1415/2813 4388/1575/2835 4389/1576/2974
f 4390/1577/3054 4391/1567/3055 4392/1569/3047
f 4391/1567/3055 4390/1577/3054 4393/1578/3056
f 4394/1378/2827 4395/1579/2946 4396/1580/2829
f 4397/1581/2877 4398/1376/2825 4399/1582/2826
f 4400/1572/3057 4401/1583/3058 4402/1571/3052
f 4401/1583/3058 4400/1572/3057 4403/1584/3059
f 4404/1585/3060 4405/1586/3061 4406/1587/3062
f 4405/1586/3061 4404/1585/3060 4407/1588/3063
f 4405/1586/3064 4408/1588/3065 4409/1374/3066
f 4410/1589/3067 4405/1586/3064 4409/1374/3066
f 4411/1490/1931 4412/1590/3068 4413/1591/3069
f 4415/1495/3070 4414/1591/3071 4416/1590/3072
f 4417/1592/2803 4418/1368/3073 4419/1593/2973
f 4420/1370/2813 4421/1594/2835 4422/1595/2974
f 4423/1596/2824 4424/1349/2878 4425/1597/2879
f 4426/1358/2827 4427/1598/3074 4428/1599/3075
f 4429/1600/3076 4430/1459/2009 4431/1456/1967
f 4430/1459/2009 4429/1600/3076 4432/1601/3077
f 4433/1600/3078 4434/1464/3079 4435/1601/3080
f 4433/1600/3078 4436/1463/3081 4434/1464/3079
f 4437/1585/3082 4438/1525/3083 4439/1527/3084
f 4438/1525/3083 4437/1585/3082 4440/1587/3082
f 4441/1602/3085 4442/1438/3086 4443/1435/3086
f 4442/1438/3086 4441/1602/3085 4444/1603/3087
f 4445/1602/3088 4446/1439/3089 4447/1603/3089
f 4445/1602/3088 4448/1440/3089 4446/1439/3089
f 4449/1564/3090 4450/1604/3091 4451/1605/3090
f 4452/1561/3090 4450/1604/3091 4449/1564/3090
f 4453/1604/3092 4454/1565/3093 4455/1605/3093
f 4453/1604/3092 4456/1566/3094 4454/1565/3093
f 4461/1297/3095 4462/1606/3096 4464/1298/3097 4463/1292/3098
f 4465/1286/3099 4466/1607/3100 4467/1608/3101 4468/1287/3102
f 4469/1289/3103 4470/1609/3104 4472/1607/3105 4471/1286/3106
f 4473/1272/3107 4474/1610/3108 4475/1611/3109 4476/1273/3110
f 4477/1283/3111 4478/1612/3112 4480/1610/3113 4479/1272/3114
f 4481/1266/3115 4482/1613/3116 4483/1614/3117 4484/1267/3118
f 4485/1269/3119 4486/1615/3120 4488/1613/3121 4487/1266/3122
f 4489/991/3123 4490/1616/3124 4491/1617/3125 4492/992/3126
f 4493/1263/3127 4494/1618/3128 4496/1616/3129 4495/991/3130
f 4501/1619/3131 4502/1620/3132 4500/1621/3133 4503/1622/3134
f 4498/1623/3135 4499/1624/3136 4497/1625/3137
f 4509/1626/3138 4510/1627/3139 4508/1628/3140 4511/1629/3141
f 4504/1630/3142 4505/1631/3143 4506/1632/3144
f 4505/1631/3143 4504/1630/3142 4507/1633/3145
f 4522/1634/3146 4523/1635/3147 4521/1636/3148 4524/1637/3149
f 4512/1635/3150 4513/1634/3151 4514/1638/3152
f 4515/1639/3153 4516/1640/3153 4517/1641/3153
f 4518/1642/3154 4519/1643/3155 4520/1644/3156
f 4526/1645/3157 4527/1635/3158 4525/1646/3159 4528/1647/3160
f 4533/1648/3161 4534/1649/3162 4532/1650/3163 4535/1651/3164
f 4529/1628/3165 4530/1627/3166 4531/1652/3167
f 4537/1635/3168 4538/1636/3169 4536/1653/3170 4539/1646/3171
f 4565/1654/3172 4566/1655/3173 4564/1656/3174 4567/1657/3175
f 4540/1658/3176 4541/1659/630 4542/1660/3177
f 4542/1660/3177 4543/1661/3178 4540/1658/3176
f 4544/1662/3179 4540/1658/3176 4543/1661/3178
f 4544/1662/3180 4545/1661/3181 4546/1663/3182
f 4547/1664/3183 4548/1665/653 4549/1666/3184
f 4548/1665/653 4547/1664/3183 4550/1667/3185
f 4551/1668/3186 4552/1669/3187 4553/1670/3188
f 4554/1636/3189 4555/1671/3190 4556/1637/3191
f 4559/1672/3192 4558/1673/2228 4557/1674/2228
f 4557/1674/2228 4560/1675/3193 4559/1672/3192
f 4561/1653/3194 4562/1636/3195 4563/1671/3196
f 5021/1676/3197 5020/1657/3198 5022/1656/3199 5023/1677/3200
f 4568/1650/3201 4569/1649/3202 4570/1678/3203
f 4571/1656/3204 4572/1655/3205 4573/1679/3206
f 4575/1680/3207 4576/1681/3208 4574/1682/3209
f 4574/1682/3209 4576/1681/3208 4577/1683/3210
f 4580/1684/3211 4579/1685/3212 4578/1686/3212
f 4580/1684/3211 4578/1686/3212 4581/1687/3213
f 4582/1688/3214 4583/1689/3215 4584/1690/3214
f 4583/1689/3215 4585/1691/3215 4584/1690/3214
f 4586/1692/3216 4587/1693/3217 4588/1694/3218
f 4589/1695/3219 4590/1669/3220 4591/1668/3221
f 4592/1696/3222 4593/1688/3223 4594/1697/3224
f 4593/1688/3223 4595/1690/3214 4594/1697/3224
f 4596/1698/3225 4597/1699/3226 4598/1700/3227
f 4597/1699/3226 4596/1698/3225 4599/1701/3228
f 4600/1702/3229 4601/1703/3230 4602/1704/3231
f 4600/1702/3232 4603/1705/3233 4604/1703/3234
f 4603/1705/3233 4605/1706/3235 4604/1703/3234
f 4606/1707/723 4603/1705/3236 4607/1708/669
f 4608/1709/3237 4609/1710/3238 4610/1711/3239
f 4609/1710/3238 4611/1712/3240 4610/1711/3239
f 4612/1713/3241 4613/1714/3242 4614/1715/3243
f 4613/1714/3242 4615/1716/3244 4614/1715/3243
f 4617/1717/3245 4616/1718/3246 4619/1719/3247
f 4620/1720/3248 4618/1721/3249 4621/1717/3250
f 4622/1722/3251 4623/1723/3252 4624/1724/3253
f 4623/1723/3252 4622/1722/3251 4625/1725/3254
f 4626/1726/3255 4627/1727/3256 4628/1728/3257
f 4627/1727/3256 4626/1726/3255 4629/1729/3255
f 4630/1714/3258 4631/1730/3259 4632/1716/3260
f 4631/1730/3259 4633/1731/3261 4632/1716/3260
f 4634/1732/3262 4635/1733/3263 4636/1734/3264
f 4637/1687/3265 4638/1735/3266 4639/1684/3267
f 4640/1736/3268 4641/1737/3269 4642/1738/3270
f 4641/1737/3269 4640/1736/3268 4643/1739/3271
f 4644/1736/3272 4642/1738/3270 4645/1740/3273
f 4646/1741/3274 4644/1736/3272 4645/1740/3273
f 4647/1664/3275 4648/1742/3276 4649/1667/3277
f 4650/1743/3278 4651/1744/3279 4652/1745/3280
f 4650/1743/3278 4653/1746/3281 4651/1744/3279
f 4655/1747/3207 4656/1748/3282 4654/1749/3209
f 4654/1749/3209 4656/1748/3282 4657/1750/3283
f 4657/1750/3284 4658/1748/3285 4659/1751/3286
f 4660/1752/3287 4661/1753/3226 4662/1754/3288
f 4661/1753/3226 4660/1752/3287 4663/1755/3289
f 4664/1745/3290 4665/1756/3291 4666/1743/3292
f 4669/1757/3293 4668/1758/3294 4667/1759/3295
f 4669/1757/3293 4667/1759/3295 4670/1760/3296
f 4672/1761/3207 4673/1762/3297 4671/1763/3209
f 4671/1763/3209 4673/1762/3297 4674/1764/3298
f 4675/1765/3299 4676/1766/3300 4677/1767/3301
f 4678/1696/3222 4679/1766/3302 4675/1765/3303
f 4680/1697/3304 4679/1766/3302 4678/1696/3222
f 4681/1760/3292 4682/1768/3305 4683/1757/3306
f 4684/1769/3307 4685/1770/3308 4686/1771/3309
f 4686/1771/3309 4687/1772/3310 4684/1769/3307
f 4685/1770/3311 4688/1693/3312 4689/1692/3313
f 4690/1769/3314 4688/1693/3312 4685/1770/3311
f 4687/1772/3315 4692/1771/3316 4691/1773/3317
f 4693/1774/3318 4694/1733/3319 4695/1775/3320
f 4695/1775/3320 4694/1733/3319 4696/1732/3321
f 4698/1776/3322 4699/1712/3323 4697/1777/3324
f 4700/1778/3325 4701/1779/3226 4702/1780/3326
f 4701/1779/3226 4700/1778/3325 4703/1781/3289
f 4704/1782/3327 4705/1783/3328 4706/1784/3329
f 4704/1782/3327 4707/1785/3330 4705/1783/3328
f 4708/1786/3331 4709/1787/3332 4710/1745/3333
f 4711/1683/3334 4712/1681/3335 4713/1788/3336
f 4714/1698/3337 4715/1700/3338 4716/1789/3339
f 4717/1784/3340 4718/1790/3341 4719/1782/3342
f 4720/1791/3343 4721/1792/3344 4722/1793/3345
f 4720/1791/3346 4723/1741/3347 4724/1792/3348
f 4723/1741/3347 4725/1740/3349 4724/1792/3348
f 4727/1794/3207 4728/1795/3350 4726/1796/3209
f 4726/1796/3209 4728/1795/3350 4729/1797/3351
f 4730/1798/3352 4731/1711/3353 4732/1712/3354
f 4730/1798/3352 4732/1712/3354 4733/1777/3355
f 4734/1786/3356 4735/1745/3357 4736/1756/3358
f 4737/1752/3359 4738/1754/3360 4739/1799/3361
f 4740/1800/3362 4741/1770/3363 4742/1801/3364
f 4743/1771/3365 4742/1801/3364 4741/1770/3363
f 4741/1770/3363 4740/1800/3362 4744/1692/3366
f 4745/1802/3367 4746/1803/3226 4747/1804/3227
f 4746/1803/3226 4745/1802/3367 4748/1805/3289
f 4749/1625/3368 4750/1806/3369 4751/1624/3370
f 4750/1806/3369 4749/1625/3368 4752/1807/3371
f 4753/1808/3372 4754/1809/3373 4755/1810/3374
f 4756/1727/3375 4757/1730/3376 4758/1728/3377
f 4759/1811/3378 4760/1812/3379 4761/1774/3380
f 4759/1811/3378 4761/1774/3380 4762/1775/3381
f 4763/1764/3382 4764/1762/3383 4765/1813/3384
f 4767/1814/3385 4766/1674/1272 4768/1675/3386
f 4769/1815/3387 4770/1711/3388 4771/1816/3389
f 4770/1711/3388 4769/1815/3387 4772/1709/3390
f 4774/1817/3207 4775/1818/3391 4773/1819/3209
f 4773/1819/3209 4775/1818/3391 4776/1820/3392
f 4776/1820/3393 4777/1818/3394 4778/1821/3395
f 4779/1778/3396 4780/1780/3397 4781/1822/3398
f 4782/1818/3399 4783/1823/3226 4784/1824/3400
f 4783/1823/3226 4782/1818/3399 4785/1817/3401
f 4788/1811/3402 4787/1825/3403 4786/1775/3404
f 4789/1797/3405 4790/1795/3406 4791/1826/3407
f 4792/1827/3408 4793/1810/3409 4794/1828/3410
f 4795/1802/3337 4796/1804/3411 4797/1829/3412
f 4800/1775/3413 4799/1830/3414 4798/1732/3415
f 4802/1805/3416 4803/1802/3417 4801/1831/3209
f 4801/1831/3209 4803/1802/3417 4804/1832/3298
f 4804/1832/3418 4805/1802/3419 4806/1829/3420
f 4807/1795/3421 4808/1833/3226 4809/1834/3422
f 4808/1833/3226 4807/1795/3421 4810/1794/3289
f 4812/1827/3423 4811/1808/3424 4813/1810/3425
f 4814/1818/3359 4815/1824/3426 4816/1821/3427
f 4817/1733/3428 4818/1835/3429 4819/1836/3430
f 4818/1835/3429 4817/1733/3428 4820/1774/3431
f 4817/1733/3428 4819/1836/3430 4821/1734/3432
f 4823/1781/3416 4824/1778/3433 4822/1837/3434
f 4822/1837/3434 4824/1778/3433 4825/1838/3435
f 4826/1782/3436 4827/1790/3437 4828/1839/3438
f 4829/1762/3367 4830/1840/3226 4831/1841/3439
f 4830/1840/3226 4829/1762/3367 4832/1761/3228
f 4833/1795/3440 4834/1834/3441 4835/1826/3442
f 4836/1782/3443 4837/1842/3444 4838/1785/3445
f 4837/1842/3444 4836/1782/3443 4839/1839/3446
f 4840/1843/3447 4841/1672/3448 4842/1844/3449
f 4841/1672/3448 4840/1843/3447 4843/1673/3450
f 4844/1838/3451 4845/1778/3452 4846/1822/3453
f 4847/1774/3454 4848/1845/3455 4849/1835/3456
f 4848/1845/3455 4847/1774/3454 4850/1812/3457
f 4851/1757/3458 4852/1768/3459 4853/1846/3460
f 4854/1762/3461 4855/1841/3462 4856/1813/3463
f 4857/1668/3464 4858/1847/3465 4859/1848/3466
f 4858/1847/3465 4857/1668/3464 4860/1670/3467
f 4862/1720/3468 4861/1849/3469 4863/1721/3470
f 4864/1850/3471 4865/1693/3472 4866/1769/3473
f 4865/1693/3472 4864/1850/3471 4867/1851/3474
f 4869/1755/3207 4870/1752/3475 4868/1852/3209
f 4868/1852/3209 4870/1752/3475 4871/1853/3476
f 4871/1853/3477 4872/1752/3478 4873/1799/3479
f 4875/1825/3480 4874/1835/3481 4876/1830/3482
f 4877/1748/3483 4878/1854/3484 4879/1855/3485
f 4878/1854/3484 4877/1748/3483 4880/1747/3401
f 4881/1757/3486 4882/1856/3487 4883/1758/3488
f 4882/1856/3487 4881/1757/3486 4884/1846/3489
f 4885/1816/3490 4886/1798/3491 4887/1857/3491
f 4886/1798/3491 4888/1858/3492 4887/1857/3491
f 4886/1798/3491 4885/1816/3490 4889/1711/3493
f 4890/1743/3494 4891/1756/3495 4892/1859/3496
f 4893/1748/3497 4894/1855/3498 4895/1751/3499
f 4896/1684/3500 4897/1735/3501 4898/1860/3500
f 4899/1743/3502 4900/1861/3503 4901/1746/3504
f 4900/1861/3503 4899/1743/3502 4902/1859/3505
f 4903/1740/3506 4904/1738/3507 4905/1862/3508
f 4904/1738/3507 4906/1863/3507 4905/1862/3508
f 4907/1690/3509 4908/1691/3510 4909/1864/3511
f 4908/1691/3510 4910/1865/3512 4909/1864/3511
f 4912/1701/3207 4913/1698/3513 4911/1866/3514
f 4911/1866/3514 4913/1698/3513 4914/1867/3515
f 4914/1867/3516 4915/1698/3419 4916/1789/3517
f 4917/1681/3518 4918/1868/3226 4919/1869/3422
f 4918/1868/3226 4917/1681/3518 4920/1680/3289
f 4921/1863/3507 4922/1738/3507 4923/1737/3519
f 4923/1737/3519 4924/1870/3520 4921/1863/3507
f 4925/1681/3521 4926/1869/3441 4927/1788/3522
f 4928/1684/3523 4929/1871/3524 4930/1685/3525
f 4929/1871/3524 4928/1684/3523 4931/1860/3526
f 4932/1723/3527 4933/1872/3528 4934/1724/3529
f 4933/1872/3528 4932/1723/3527 4935/1873/3530
f 4936/1769/3531 4937/1874/3532 4938/1850/3533
f 4937/1874/3532 4936/1769/3531 4939/1772/3534
f 4941/1801/3535 4940/1850/3536 4942/1800/3537
f 4943/1851/3538 4942/1800/3539 4944/1850/3536
f 4945/1706/3540 4946/1707/3541 4947/1875/3542
f 4946/1707/3541 4948/1876/3543 4947/1875/3542
f 4950/1776/3544 4949/1857/3545 4951/1816/3546
f 4952/1836/3547 4953/1830/2564 4954/1835/3548
f 4955/1859/3549 4956/1786/3550 4957/1756/3551
f 4958/1876/3543 4959/1707/3552 4960/1877/3553
f 4960/1877/3553 4961/1878/3554 4958/1876/3543
f 4962/1879/3555 4964/1668/3556 4963/1848/3557
f 4965/1695/3558 4964/1668/3556 4962/1879/3555
f 4967/1664/3559 4966/1666/3560 4968/1880/3561
f 4967/1664/3559 4968/1880/3561 4969/1881/3562
f 4970/1882/3563 4971/1726/3564 4972/1728/3565
f 4971/1726/3564 4970/1882/3563 4973/1883/3566
f 4974/1660/3567 4975/1659/3568 4976/1884/3569
f 4975/1659/3568 4977/1885/3570 4976/1884/3569
f 4978/1886/3571 4979/1730/3572 4980/1714/3573
f 4979/1730/3572 4978/1886/3571 4981/1887/3574
f 4982/1886/3575 4980/1714/3573 4983/1713/3576
f 4984/1888/3577 4982/1886/3575 4983/1713/3576
f 4985/1889/3578 4986/1786/3579 4987/1859/3580
f 4988/1890/3581 4989/1891/3582 4990/1892/3583
f 4989/1891/3582 4988/1890/3581 4991/1893/3581
f 4992/1881/3584 4993/1742/3585 4994/1664/3586
f 4995/1872/3587 4996/1737/3588 4997/1724/3589
f 4998/1894/3590 4999/1895/3591 5000/1896/3592
f 4998/1894/3593 5001/1888/3594 5002/1895/3595
f 5001/1888/3594 5003/1713/3596 5002/1895/3595
f 5004/1897/3597 5005/1898/3598 5006/1899/3599
f 5007/1677/3600 5008/1656/3601 5009/1679/3602
f 5010/1900/3603 5011/1901/3604 5012/1623/3605
f 5014/1844/3606 5015/1814/3607 5013/1902/3608
f 5015/1814/3607 5014/1844/3606 5016/1843/3609
f 5017/1903/3610 5018/1650/3611 5019/1678/3612
f 5029/1904/3613 5030/1646/3614 5028/1653/3615 5031/1905/3616
f 5024/1885/3617 5025/1659/3618 5026/1906/3619
f 5026/1906/3619 5027/1907/3620 5024/1885/3617
f 5035/1908/3621 5036/1651/3622 5034/1650/3623 5037/1903/3624
f 5031/1905/3625 5032/1653/3626 5033/1671/3627
f 5039/1909/3628 5040/1647/3629 5038/1646/3630 5041/1904/3631
f 5052/1910/3632 5053/1629/3633 5051/1628/3634 5054/1911/3635
f 5042/1911/3636 5043/1628/3637 5044/1652/3638
f 5045/1641/3639 5046/1640/3639 5047/1912/3640
f 5048/1637/3641 5049/1671/3642 5050/1905/3643
f 5056/1913/3644 5057/1622/3645 5055/1621/3646 5058/1914/3647
f 5060/1634/3648 5061/1637/3649 5059/1905/3650 5062/1904/3651
f 5065/1634/3652 5064/1904/3653 5063/1638/3654
f 5067/1915/3655 5066/1916/3656 5068/1917/3657
f 5071/1631/3658 5070/1633/3659 5069/1916/3660
f 5071/1631/3658 5069/1916/3660 5072/1917/3661
f 5073/1807/3662 5074/1918/3662 5075/1806/3663
f 5074/1918/3662 5076/1900/3664 5075/1806/3663
f 1871/988/3665 1872/989/3666 1873/340/3667 1874/353/3668
usemtl Meshpart1Mtl
f 5077/1919/3669 5078/1920/3670 5079/1921/3671
f 5079/1921/3671 5078/1920/3670 5080/1922/3672
o Cube
v 6.232277 2.446509 0.003415
v 6.232277 2.453438 0.003415
v 6.232277 2.446509 -0.003468
v 6.232277 2.453438 -0.003468
v 6.241041 2.446509 0.003415
v 6.241041 2.453438 0.003415
v 6.241041 2.446509 -0.003468
v 6.241041 2.453438 -0.003468
vn -1.0000 -0.0000 -0.0000
vn -0.0000 -0.0000 -1.0000
vn 1.0000 -0.0000 -0.0000
vn -0.0000 -0.0000 1.0000
vn -0.0000 -1.0000 -0.0000
vn -0.0000 1.0000 -0.0000
vt 0.375000 0.000000
vt 0.625000 0.000000
vt 0.625000 0.250000
vt 0.375000 0.250000
vt 0.625000 0.500000
vt 0.375000 0.500000
vt 0.625000 0.750000
vt 0.375000 0.750000
vt 0.625000 1.000000
vt 0.375000 1.000000
vt 0.125000 0.500000
vt 0.125000 0.750000
vt 0.875000 0.500000
vt 0.875000 0.750000
s 1
f 5081/1923/3673 5082/1924/3673 5084/1925/3673 5083/1926/3673
f 5083/1926/3674 5084/1925/3674 5088/1927/3674 5087/1928/3674
f 5087/1928/3675 5088/1927/3675 5086/1929/3675 5085/1930/3675
f 5085/1930/3676 5086/1929/3676 5082/1931/3676 5081/1932/3676
f 5083/1933/3677 5087/1928/3677 5085/1930/3677 5081/1934/3677
f 5088/1927/3678 5084/1935/3678 5082/1936/3678 5086/1929/3678
